2025-09-07 10:44:07 INFO  [main] c.k.products.ProductsApplication - Starting ProductsApplication using Java 17.0.11 with PID 78484 (/Users/davidnjau/Documents/Personal/keycloak/products/target/classes started by davidnjau in /Users/davidnjau/Documents/Personal/keycloak)
2025-09-07 10:44:07 INFO  [main] c.k.products.ProductsApplication - No active profile set, falling back to 1 default profile: "default"
2025-09-07 10:44:08 INFO  [main] o.s.d.r.c.RepositoryConfigurationDelegate - Multiple Spring Data modules found, entering strict repository configuration mode
2025-09-07 10:44:08 INFO  [main] o.s.d.r.c.RepositoryConfigurationDelegate - Bootstrapping Spring Data JPA repositories in DEFAULT mode.
2025-09-07 10:44:08 INFO  [main] o.s.d.r.c.RepositoryConfigurationDelegate - Finished Spring Data repository scanning in 128 ms. Found 2 JPA repository interfaces.
2025-09-07 10:44:08 INFO  [main] o.s.d.r.c.RepositoryConfigurationDelegate - Multiple Spring Data modules found, entering strict repository configuration mode
2025-09-07 10:44:08 INFO  [main] o.s.d.r.c.RepositoryConfigurationDelegate - Bootstrapping Spring Data Redis repositories in DEFAULT mode.
2025-09-07 10:44:08 INFO  [main] o.s.d.r.c.RepositoryConfigurationExtensionSupport - Spring Data Redis - Could not safely identify store assignment for repository candidate interface com.keycloak.products.repository.CategoryRepository; If you want this repository to be a Redis repository, consider annotating your entities with one of these annotations: org.springframework.data.redis.core.RedisHash (preferred), or consider extending one of the following types with your repository: org.springframework.data.keyvalue.repository.KeyValueRepository
2025-09-07 10:44:08 INFO  [main] o.s.d.r.c.RepositoryConfigurationExtensionSupport - Spring Data Redis - Could not safely identify store assignment for repository candidate interface com.keycloak.products.repository.ProductRepository; If you want this repository to be a Redis repository, consider annotating your entities with one of these annotations: org.springframework.data.redis.core.RedisHash (preferred), or consider extending one of the following types with your repository: org.springframework.data.keyvalue.repository.KeyValueRepository
2025-09-07 10:44:08 INFO  [main] o.s.d.r.c.RepositoryConfigurationDelegate - Finished Spring Data repository scanning in 2 ms. Found 0 Redis repository interfaces.
2025-09-07 10:44:08 INFO  [main] o.s.b.w.e.tomcat.TomcatWebServer - Tomcat initialized with port 8100 (http)
2025-09-07 10:44:08 INFO  [main] o.a.coyote.http11.Http11NioProtocol - Initializing ProtocolHandler ["http-nio-8100"]
2025-09-07 10:44:08 INFO  [main] o.a.catalina.core.StandardService - Starting service [Tomcat]
2025-09-07 10:44:08 INFO  [main] o.a.catalina.core.StandardEngine - Starting Servlet engine: [Apache Tomcat/10.1.18]
2025-09-07 10:44:08 INFO  [main] o.a.c.c.C.[Tomcat].[localhost].[/] - Initializing Spring embedded WebApplicationContext
2025-09-07 10:44:08 INFO  [main] o.s.b.w.s.c.ServletWebServerApplicationContext - Root WebApplicationContext: initialization completed in 1456 ms
2025-09-07 10:44:09 INFO  [main] o.h.jpa.internal.util.LogHelper - HHH000204: Processing PersistenceUnitInfo [name: default]
2025-09-07 10:44:09 INFO  [main] org.hibernate.Version - HHH000412: Hibernate ORM core version 6.4.1.Final
2025-09-07 10:44:09 INFO  [main] o.h.c.i.RegionFactoryInitiator - HHH000026: Second-level cache disabled
2025-09-07 10:44:09 INFO  [main] o.s.o.j.p.SpringPersistenceUnitInfo - No LoadTimeWeaver setup: ignoring JPA class transformer
2025-09-07 10:44:09 INFO  [main] com.zaxxer.hikari.HikariDataSource - EcommerceHikariCP - Starting...
2025-09-07 10:44:09 INFO  [main] com.zaxxer.hikari.pool.HikariPool - EcommerceHikariCP - Added connection org.postgresql.jdbc.PgConnection@3eedd0e3
2025-09-07 10:44:09 INFO  [main] com.zaxxer.hikari.HikariDataSource - EcommerceHikariCP - Start completed.
2025-09-07 10:44:09 WARN  [main] org.hibernate.orm.deprecation - HHH90000025: PostgreSQLDialect does not need to be specified explicitly using 'hibernate.dialect' (remove the property setting and it will be selected by default)
2025-09-07 10:44:10 INFO  [main] o.h.e.t.j.p.i.JtaPlatformInitiator - HHH000489: No JTA platform available (set 'hibernate.transaction.jta.platform' to enable JTA platform integration)
2025-09-07 10:44:11 INFO  [main] o.s.o.j.LocalContainerEntityManagerFactoryBean - Initialized JPA EntityManagerFactory for persistence unit 'default'
2025-09-07 10:44:11 INFO  [main] o.s.d.j.r.query.QueryEnhancerFactory - Hibernate is in classpath; If applicable, HQL parser will be used.
2025-09-07 10:44:12 WARN  [main] o.s.b.a.o.j.JpaBaseConfiguration$JpaWebConfiguration - spring.jpa.open-in-view is enabled by default. Therefore, database queries may be performed during view rendering. Explicitly configure spring.jpa.open-in-view to disable this warning
2025-09-07 10:44:12 DEBUG [main] o.s.w.s.m.m.a.RequestMappingHandlerMapping - 15 mappings in 'requestMappingHandlerMapping'
2025-09-07 10:44:12 DEBUG [main] o.s.w.s.m.m.a.RequestMappingHandlerAdapter - ControllerAdvice beans: 0 @ModelAttribute, 0 @InitBinder, 1 RequestBodyAdvice, 1 ResponseBodyAdvice
2025-09-07 10:44:12 DEBUG [main] o.s.w.s.m.m.a.ExceptionHandlerExceptionResolver - ControllerAdvice beans: 1 @ExceptionHandler, 1 ResponseBodyAdvice
2025-09-07 10:44:12 INFO  [main] o.a.coyote.http11.Http11NioProtocol - Starting ProtocolHandler ["http-nio-8100"]
2025-09-07 10:44:12 INFO  [main] o.s.b.w.e.tomcat.TomcatWebServer - Tomcat started on port 8100 (http) with context path ''
2025-09-07 10:44:12 INFO  [main] c.k.products.ProductsApplication - Started ProductsApplication in 5.576 seconds (process running for 5.934)
2025-09-07 10:50:24 INFO  [http-nio-8100-exec-1] o.a.c.c.C.[Tomcat].[localhost].[/] - Initializing Spring DispatcherServlet 'dispatcherServlet'
2025-09-07 10:50:24 INFO  [http-nio-8100-exec-1] o.s.web.servlet.DispatcherServlet - Initializing Servlet 'dispatcherServlet'
2025-09-07 10:50:24 DEBUG [http-nio-8100-exec-1] o.s.web.servlet.DispatcherServlet - Detected StandardServletMultipartResolver
2025-09-07 10:50:24 DEBUG [http-nio-8100-exec-1] o.s.web.servlet.DispatcherServlet - Detected AcceptHeaderLocaleResolver
2025-09-07 10:50:24 DEBUG [http-nio-8100-exec-1] o.s.web.servlet.DispatcherServlet - Detected FixedThemeResolver
2025-09-07 10:50:24 DEBUG [http-nio-8100-exec-1] o.s.web.servlet.DispatcherServlet - Detected org.springframework.web.servlet.view.DefaultRequestToViewNameTranslator@119b837
2025-09-07 10:50:24 DEBUG [http-nio-8100-exec-1] o.s.web.servlet.DispatcherServlet - Detected org.springframework.web.servlet.support.SessionFlashMapManager@380f9c1d
2025-09-07 10:50:24 DEBUG [http-nio-8100-exec-1] o.s.web.servlet.DispatcherServlet - enableLoggingRequestDetails='true': request parameters and headers will be shown which may lead to unsafe logging of potentially sensitive data
2025-09-07 10:50:24 INFO  [http-nio-8100-exec-1] o.s.web.servlet.DispatcherServlet - Completed initialization in 68 ms
2025-09-07 10:50:24 DEBUG [http-nio-8100-exec-1] o.s.web.servlet.DispatcherServlet - GET "/product/", parameters={}
2025-09-07 10:50:24 DEBUG [http-nio-8100-exec-1] o.s.w.s.m.m.a.RequestMappingHandlerMapping - Mapped to com.keycloak.products.controller.ProductController#getAllCategories(int, int, String, String, Boolean)
2025-09-07 10:50:24 INFO  [http-nio-8100-exec-1] c.k.p.s.impl.ProductServiceImpl - Fetching products with page=0, size=10, sortBy=name, order=asc
2025-09-07 10:50:24 INFO  [http-nio-8100-exec-1] c.k.common.reusable.CommonReusable - Creating Pageable on common with page=0, size=10, sortBy=name, order=asc
2025-09-07 10:50:24 INFO  [http-nio-8100-exec-1] c.k.p.s.impl.ProductServiceImpl - Total number of products: 3
2025-09-07 10:50:24 INFO  [http-nio-8100-exec-1] c.k.p.s.impl.ProductServiceImpl - Mapping ProductEntity to DbProduct: com.keycloak.products.entity.ProductEntity@212c15fb
2025-09-07 10:50:24 INFO  [http-nio-8100-exec-1] c.k.p.s.impl.ProductServiceImpl - Mapping ProductImageEntity to DbProductImage: com.keycloak.products.entity.ProductImageEntity@7f9e47d
2025-09-07 10:50:24 INFO  [http-nio-8100-exec-1] c.k.p.s.impl.ProductServiceImpl - Mapping ProductImageEntity to DbProductImage: com.keycloak.products.entity.ProductImageEntity@3959966d
2025-09-07 10:50:24 INFO  [http-nio-8100-exec-1] c.k.p.s.impl.ProductServiceImpl - Mapping ProductImageEntity to DbProductImage: com.keycloak.products.entity.ProductImageEntity@714b4737
2025-09-07 10:50:24 INFO  [http-nio-8100-exec-1] c.k.p.s.impl.ProductServiceImpl - Mapping ProductEntity to DbProduct: com.keycloak.products.entity.ProductEntity@469decfc
2025-09-07 10:50:24 INFO  [http-nio-8100-exec-1] c.k.p.s.impl.ProductServiceImpl - Mapping ProductImageEntity to DbProductImage: com.keycloak.products.entity.ProductImageEntity@c6cff7a
2025-09-07 10:50:24 INFO  [http-nio-8100-exec-1] c.k.p.s.impl.ProductServiceImpl - Mapping ProductImageEntity to DbProductImage: com.keycloak.products.entity.ProductImageEntity@5c5e3c62
2025-09-07 10:50:24 INFO  [http-nio-8100-exec-1] c.k.p.s.impl.ProductServiceImpl - Mapping ProductImageEntity to DbProductImage: com.keycloak.products.entity.ProductImageEntity@4817823a
2025-09-07 10:50:24 INFO  [http-nio-8100-exec-1] c.k.p.s.impl.ProductServiceImpl - Mapping ProductEntity to DbProduct: com.keycloak.products.entity.ProductEntity@53ad4cd6
2025-09-07 10:50:24 INFO  [http-nio-8100-exec-1] c.k.p.s.impl.ProductServiceImpl - Mapping ProductImageEntity to DbProductImage: com.keycloak.products.entity.ProductImageEntity@5db94242
2025-09-07 10:50:24 INFO  [http-nio-8100-exec-1] c.k.p.s.impl.ProductServiceImpl - Mapping ProductImageEntity to DbProductImage: com.keycloak.products.entity.ProductImageEntity@75fa7376
2025-09-07 10:50:24 INFO  [http-nio-8100-exec-1] c.k.p.s.impl.ProductServiceImpl - Mapping ProductImageEntity to DbProductImage: com.keycloak.products.entity.ProductImageEntity@74a87a4d
2025-09-07 10:50:24 INFO  [http-nio-8100-exec-1] c.k.p.s.impl.ProductServiceImpl - Returning products: 3
2025-09-07 10:50:24 INFO  [http-nio-8100-exec-1] c.k.p.s.impl.ProductServiceImpl - Successfully fetched 3 categories
2025-09-07 10:50:24 DEBUG [http-nio-8100-exec-1] o.s.w.s.m.m.a.HttpEntityMethodProcessor - Using 'application/json', given [*/*] and supported [application/json, application/*+json]
2025-09-07 10:50:25 DEBUG [http-nio-8100-exec-1] o.s.w.s.m.m.a.HttpEntityMethodProcessor - Writing [com.keycloak.common.response.ResponseWrapper@42d8b511]
2025-09-07 10:50:25 DEBUG [http-nio-8100-exec-1] o.s.web.servlet.DispatcherServlet - Completed 200 OK
2025-09-07 10:51:04 DEBUG [http-nio-8100-exec-2] o.s.web.servlet.DispatcherServlet - PUT "/product/update/b67f10b8-28f0-4692-8914-d44b1465c941", parameters={}
2025-09-07 10:51:04 DEBUG [http-nio-8100-exec-2] o.s.w.s.m.m.a.RequestMappingHandlerMapping - Mapped to com.keycloak.products.controller.ProductController#updateProduct(String, DbProduct)
2025-09-07 10:51:04 DEBUG [http-nio-8100-exec-2] o.s.w.s.m.m.a.RequestResponseBodyMethodProcessor - Read "application/json;charset=UTF-8" to [DbProduct(id=null, name=, description=, oldPrice=0, oldPriceCurrency=KES, newPrice=0, newPriceCurren (truncated)...]
2025-09-07 10:51:04 INFO  [http-nio-8100-exec-2] c.k.p.s.impl.ProductServiceImpl - Updating product with ID: b67f10b8-28f0-4692-8914-d44b1465c941
2025-09-07 10:51:04 INFO  [http-nio-8100-exec-2] c.k.p.s.impl.ProductServiceImpl - Mapping DbProductImage to ProductImageEntity: DbProductImage(id=null, imageUrl=http://localhost:9000/ecommerce-public/2025/product-images/jpg/september/06/20220320_170114.jpg, metadata=Front view, powered on, sortOrder=1, storageId=68bbad959b5b045866f771a2, isValid=null, productId=null)
2025-09-07 10:51:04 INFO  [http-nio-8100-exec-2] c.k.p.s.impl.ProductServiceImpl - Mapping DbProductImage to ProductImageEntity: DbProductImage(id=null, imageUrl=http://localhost:9000/ecommerce-public/2025/product-images/jpg/september/06/20220320_170114.jpg, metadata=Side profile, slim design, sortOrder=2, storageId=68bbad959b5b045866f771a2, isValid=null, productId=null)
2025-09-07 10:51:04 INFO  [http-nio-8100-exec-2] c.k.p.s.impl.ProductServiceImpl - Mapping DbProductImage to ProductImageEntity: DbProductImage(id=null, imageUrl=http://localhost:9000/ecommerce-public/2025/product-images/jpg/september/06/20220320_170114.jpg, metadata=Back panel with HDMI ports, sortOrder=3, storageId=68bbad959b5b045866f771a2, isValid=null, productId=null)
2025-09-07 10:51:05 DEBUG [http-nio-8100-exec-2] o.s.w.s.m.m.a.ExceptionHandlerExceptionResolver - Using @ExceptionHandler com.keycloak.common.exception.GlobalExceptionHandler#handleGenericException(Exception)
2025-09-07 10:51:05 DEBUG [http-nio-8100-exec-2] o.s.w.s.m.m.a.HttpEntityMethodProcessor - Using 'application/json', given [*/*] and supported [application/json, application/*+json]
2025-09-07 10:51:05 DEBUG [http-nio-8100-exec-2] o.s.w.s.m.m.a.HttpEntityMethodProcessor - Writing [com.keycloak.common.response.ResponseWrapper@57b58c4b]
2025-09-07 10:51:05 DEBUG [http-nio-8100-exec-2] o.s.w.s.m.m.a.ExceptionHandlerExceptionResolver - Resolved [org.springframework.orm.jpa.JpaSystemException: A collection with cascade="all-delete-orphan" was no longer referenced by the owning entity instance: com.keycloak.products.entity.ProductEntity.images]
2025-09-07 10:51:05 DEBUG [http-nio-8100-exec-2] o.s.web.servlet.DispatcherServlet - Completed 500 INTERNAL_SERVER_ERROR
2025-09-07 11:02:22 INFO  [SpringApplicationShutdownHook] o.s.o.j.LocalContainerEntityManagerFactoryBean - Closing JPA EntityManagerFactory for persistence unit 'default'
2025-09-07 11:02:22 INFO  [SpringApplicationShutdownHook] com.zaxxer.hikari.HikariDataSource - EcommerceHikariCP - Shutdown initiated...
2025-09-07 11:02:22 INFO  [SpringApplicationShutdownHook] com.zaxxer.hikari.HikariDataSource - EcommerceHikariCP - Shutdown completed.
2025-09-07 11:02:30 INFO  [main] c.k.products.ProductsApplication - Starting ProductsApplication using Java 17.0.11 with PID 79327 (/Users/davidnjau/Documents/Personal/keycloak/products/target/classes started by davidnjau in /Users/davidnjau/Documents/Personal/keycloak)
2025-09-07 11:02:30 INFO  [main] c.k.products.ProductsApplication - No active profile set, falling back to 1 default profile: "default"
2025-09-07 11:02:31 INFO  [main] o.s.d.r.c.RepositoryConfigurationDelegate - Multiple Spring Data modules found, entering strict repository configuration mode
2025-09-07 11:02:31 INFO  [main] o.s.d.r.c.RepositoryConfigurationDelegate - Bootstrapping Spring Data JPA repositories in DEFAULT mode.
2025-09-07 11:02:31 INFO  [main] o.s.d.r.c.RepositoryConfigurationDelegate - Finished Spring Data repository scanning in 118 ms. Found 2 JPA repository interfaces.
2025-09-07 11:02:31 INFO  [main] o.s.d.r.c.RepositoryConfigurationDelegate - Multiple Spring Data modules found, entering strict repository configuration mode
2025-09-07 11:02:31 INFO  [main] o.s.d.r.c.RepositoryConfigurationDelegate - Bootstrapping Spring Data Redis repositories in DEFAULT mode.
2025-09-07 11:02:31 INFO  [main] o.s.d.r.c.RepositoryConfigurationExtensionSupport - Spring Data Redis - Could not safely identify store assignment for repository candidate interface com.keycloak.products.repository.CategoryRepository; If you want this repository to be a Redis repository, consider annotating your entities with one of these annotations: org.springframework.data.redis.core.RedisHash (preferred), or consider extending one of the following types with your repository: org.springframework.data.keyvalue.repository.KeyValueRepository
2025-09-07 11:02:31 INFO  [main] o.s.d.r.c.RepositoryConfigurationExtensionSupport - Spring Data Redis - Could not safely identify store assignment for repository candidate interface com.keycloak.products.repository.ProductRepository; If you want this repository to be a Redis repository, consider annotating your entities with one of these annotations: org.springframework.data.redis.core.RedisHash (preferred), or consider extending one of the following types with your repository: org.springframework.data.keyvalue.repository.KeyValueRepository
2025-09-07 11:02:31 INFO  [main] o.s.d.r.c.RepositoryConfigurationDelegate - Finished Spring Data repository scanning in 6 ms. Found 0 Redis repository interfaces.
2025-09-07 11:02:32 INFO  [main] o.s.b.w.e.tomcat.TomcatWebServer - Tomcat initialized with port 8100 (http)
2025-09-07 11:02:32 INFO  [main] o.a.coyote.http11.Http11NioProtocol - Initializing ProtocolHandler ["http-nio-8100"]
2025-09-07 11:02:32 INFO  [main] o.a.catalina.core.StandardService - Starting service [Tomcat]
2025-09-07 11:02:32 INFO  [main] o.a.catalina.core.StandardEngine - Starting Servlet engine: [Apache Tomcat/10.1.18]
2025-09-07 11:02:32 INFO  [main] o.a.c.c.C.[Tomcat].[localhost].[/] - Initializing Spring embedded WebApplicationContext
2025-09-07 11:02:32 INFO  [main] o.s.b.w.s.c.ServletWebServerApplicationContext - Root WebApplicationContext: initialization completed in 1959 ms
2025-09-07 11:02:32 INFO  [main] o.h.jpa.internal.util.LogHelper - HHH000204: Processing PersistenceUnitInfo [name: default]
2025-09-07 11:02:32 INFO  [main] org.hibernate.Version - HHH000412: Hibernate ORM core version 6.4.1.Final
2025-09-07 11:02:32 INFO  [main] o.h.c.i.RegionFactoryInitiator - HHH000026: Second-level cache disabled
2025-09-07 11:02:32 INFO  [main] o.s.o.j.p.SpringPersistenceUnitInfo - No LoadTimeWeaver setup: ignoring JPA class transformer
2025-09-07 11:02:32 INFO  [main] com.zaxxer.hikari.HikariDataSource - EcommerceHikariCP - Starting...
2025-09-07 11:02:32 INFO  [main] com.zaxxer.hikari.pool.HikariPool - EcommerceHikariCP - Added connection org.postgresql.jdbc.PgConnection@6f65aa58
2025-09-07 11:02:32 INFO  [main] com.zaxxer.hikari.HikariDataSource - EcommerceHikariCP - Start completed.
2025-09-07 11:02:32 WARN  [main] org.hibernate.orm.deprecation - HHH90000025: PostgreSQLDialect does not need to be specified explicitly using 'hibernate.dialect' (remove the property setting and it will be selected by default)
2025-09-07 11:02:33 INFO  [main] o.h.e.t.j.p.i.JtaPlatformInitiator - HHH000489: No JTA platform available (set 'hibernate.transaction.jta.platform' to enable JTA platform integration)
2025-09-07 11:02:34 INFO  [main] o.s.o.j.LocalContainerEntityManagerFactoryBean - Initialized JPA EntityManagerFactory for persistence unit 'default'
2025-09-07 11:02:34 INFO  [main] o.s.d.j.r.query.QueryEnhancerFactory - Hibernate is in classpath; If applicable, HQL parser will be used.
2025-09-07 11:02:34 WARN  [main] o.s.b.a.o.j.JpaBaseConfiguration$JpaWebConfiguration - spring.jpa.open-in-view is enabled by default. Therefore, database queries may be performed during view rendering. Explicitly configure spring.jpa.open-in-view to disable this warning
2025-09-07 11:02:35 DEBUG [main] o.s.w.s.m.m.a.RequestMappingHandlerMapping - 15 mappings in 'requestMappingHandlerMapping'
2025-09-07 11:02:35 DEBUG [main] o.s.w.s.m.m.a.RequestMappingHandlerAdapter - ControllerAdvice beans: 0 @ModelAttribute, 0 @InitBinder, 1 RequestBodyAdvice, 1 ResponseBodyAdvice
2025-09-07 11:02:35 DEBUG [main] o.s.w.s.m.m.a.ExceptionHandlerExceptionResolver - ControllerAdvice beans: 1 @ExceptionHandler, 1 ResponseBodyAdvice
2025-09-07 11:02:35 INFO  [main] o.a.coyote.http11.Http11NioProtocol - Starting ProtocolHandler ["http-nio-8100"]
2025-09-07 11:02:35 INFO  [main] o.s.b.w.e.tomcat.TomcatWebServer - Tomcat started on port 8100 (http) with context path ''
2025-09-07 11:02:35 INFO  [main] c.k.products.ProductsApplication - Started ProductsApplication in 6.295 seconds (process running for 7.307)
2025-09-07 11:11:49 INFO  [SpringApplicationShutdownHook] o.s.o.j.LocalContainerEntityManagerFactoryBean - Closing JPA EntityManagerFactory for persistence unit 'default'
2025-09-07 11:11:49 INFO  [SpringApplicationShutdownHook] com.zaxxer.hikari.HikariDataSource - EcommerceHikariCP - Shutdown initiated...
2025-09-07 11:11:49 INFO  [SpringApplicationShutdownHook] com.zaxxer.hikari.HikariDataSource - EcommerceHikariCP - Shutdown completed.
2025-09-07 11:11:55 INFO  [main] c.k.products.ProductsApplication - Starting ProductsApplication using Java 17.0.11 with PID 79744 (/Users/davidnjau/Documents/Personal/keycloak/products/target/classes started by davidnjau in /Users/davidnjau/Documents/Personal/keycloak)
2025-09-07 11:11:55 INFO  [main] c.k.products.ProductsApplication - No active profile set, falling back to 1 default profile: "default"
2025-09-07 11:11:56 INFO  [main] o.s.d.r.c.RepositoryConfigurationDelegate - Multiple Spring Data modules found, entering strict repository configuration mode
2025-09-07 11:11:56 INFO  [main] o.s.d.r.c.RepositoryConfigurationDelegate - Bootstrapping Spring Data JPA repositories in DEFAULT mode.
2025-09-07 11:11:56 INFO  [main] o.s.d.r.c.RepositoryConfigurationDelegate - Finished Spring Data repository scanning in 92 ms. Found 2 JPA repository interfaces.
2025-09-07 11:11:56 INFO  [main] o.s.d.r.c.RepositoryConfigurationDelegate - Multiple Spring Data modules found, entering strict repository configuration mode
2025-09-07 11:11:56 INFO  [main] o.s.d.r.c.RepositoryConfigurationDelegate - Bootstrapping Spring Data Redis repositories in DEFAULT mode.
2025-09-07 11:11:56 INFO  [main] o.s.d.r.c.RepositoryConfigurationExtensionSupport - Spring Data Redis - Could not safely identify store assignment for repository candidate interface com.keycloak.products.repository.CategoryRepository; If you want this repository to be a Redis repository, consider annotating your entities with one of these annotations: org.springframework.data.redis.core.RedisHash (preferred), or consider extending one of the following types with your repository: org.springframework.data.keyvalue.repository.KeyValueRepository
2025-09-07 11:11:56 INFO  [main] o.s.d.r.c.RepositoryConfigurationExtensionSupport - Spring Data Redis - Could not safely identify store assignment for repository candidate interface com.keycloak.products.repository.ProductRepository; If you want this repository to be a Redis repository, consider annotating your entities with one of these annotations: org.springframework.data.redis.core.RedisHash (preferred), or consider extending one of the following types with your repository: org.springframework.data.keyvalue.repository.KeyValueRepository
2025-09-07 11:11:56 INFO  [main] o.s.d.r.c.RepositoryConfigurationDelegate - Finished Spring Data repository scanning in 3 ms. Found 0 Redis repository interfaces.
2025-09-07 11:11:56 INFO  [main] o.s.b.w.e.tomcat.TomcatWebServer - Tomcat initialized with port 8100 (http)
2025-09-07 11:11:56 INFO  [main] o.a.coyote.http11.Http11NioProtocol - Initializing ProtocolHandler ["http-nio-8100"]
2025-09-07 11:11:56 INFO  [main] o.a.catalina.core.StandardService - Starting service [Tomcat]
2025-09-07 11:11:56 INFO  [main] o.a.catalina.core.StandardEngine - Starting Servlet engine: [Apache Tomcat/10.1.18]
2025-09-07 11:11:56 INFO  [main] o.a.c.c.C.[Tomcat].[localhost].[/] - Initializing Spring embedded WebApplicationContext
2025-09-07 11:11:56 INFO  [main] o.s.b.w.s.c.ServletWebServerApplicationContext - Root WebApplicationContext: initialization completed in 1285 ms
2025-09-07 11:11:57 INFO  [main] o.h.jpa.internal.util.LogHelper - HHH000204: Processing PersistenceUnitInfo [name: default]
2025-09-07 11:11:57 INFO  [main] org.hibernate.Version - HHH000412: Hibernate ORM core version 6.4.1.Final
2025-09-07 11:11:57 INFO  [main] o.h.c.i.RegionFactoryInitiator - HHH000026: Second-level cache disabled
2025-09-07 11:11:58 INFO  [main] o.s.o.j.p.SpringPersistenceUnitInfo - No LoadTimeWeaver setup: ignoring JPA class transformer
2025-09-07 11:11:58 INFO  [main] com.zaxxer.hikari.HikariDataSource - EcommerceHikariCP - Starting...
2025-09-07 11:11:58 INFO  [main] com.zaxxer.hikari.pool.HikariPool - EcommerceHikariCP - Added connection org.postgresql.jdbc.PgConnection@3eedd0e3
2025-09-07 11:11:58 INFO  [main] com.zaxxer.hikari.HikariDataSource - EcommerceHikariCP - Start completed.
2025-09-07 11:11:58 WARN  [main] org.hibernate.orm.deprecation - HHH90000025: PostgreSQLDialect does not need to be specified explicitly using 'hibernate.dialect' (remove the property setting and it will be selected by default)
2025-09-07 11:11:59 INFO  [main] o.h.e.t.j.p.i.JtaPlatformInitiator - HHH000489: No JTA platform available (set 'hibernate.transaction.jta.platform' to enable JTA platform integration)
2025-09-07 11:12:00 INFO  [main] o.s.o.j.LocalContainerEntityManagerFactoryBean - Initialized JPA EntityManagerFactory for persistence unit 'default'
2025-09-07 11:12:00 INFO  [main] o.s.d.j.r.query.QueryEnhancerFactory - Hibernate is in classpath; If applicable, HQL parser will be used.
2025-09-07 11:12:01 WARN  [main] o.s.b.a.o.j.JpaBaseConfiguration$JpaWebConfiguration - spring.jpa.open-in-view is enabled by default. Therefore, database queries may be performed during view rendering. Explicitly configure spring.jpa.open-in-view to disable this warning
2025-09-07 11:12:01 DEBUG [main] o.s.w.s.m.m.a.RequestMappingHandlerMapping - 15 mappings in 'requestMappingHandlerMapping'
2025-09-07 11:12:01 DEBUG [main] o.s.w.s.m.m.a.RequestMappingHandlerAdapter - ControllerAdvice beans: 0 @ModelAttribute, 0 @InitBinder, 1 RequestBodyAdvice, 1 ResponseBodyAdvice
2025-09-07 11:12:01 DEBUG [main] o.s.w.s.m.m.a.ExceptionHandlerExceptionResolver - ControllerAdvice beans: 1 @ExceptionHandler, 1 ResponseBodyAdvice
2025-09-07 11:12:01 INFO  [main] o.a.coyote.http11.Http11NioProtocol - Starting ProtocolHandler ["http-nio-8100"]
2025-09-07 11:12:01 INFO  [main] o.s.b.w.e.tomcat.TomcatWebServer - Tomcat started on port 8100 (http) with context path ''
2025-09-07 11:12:01 INFO  [main] c.k.products.ProductsApplication - Started ProductsApplication in 6.822 seconds (process running for 7.277)
2025-09-07 11:12:22 INFO  [http-nio-8100-exec-1] o.a.c.c.C.[Tomcat].[localhost].[/] - Initializing Spring DispatcherServlet 'dispatcherServlet'
2025-09-07 11:12:22 INFO  [http-nio-8100-exec-1] o.s.web.servlet.DispatcherServlet - Initializing Servlet 'dispatcherServlet'
2025-09-07 11:12:22 DEBUG [http-nio-8100-exec-1] o.s.web.servlet.DispatcherServlet - Detected StandardServletMultipartResolver
2025-09-07 11:12:22 DEBUG [http-nio-8100-exec-1] o.s.web.servlet.DispatcherServlet - Detected AcceptHeaderLocaleResolver
2025-09-07 11:12:22 DEBUG [http-nio-8100-exec-1] o.s.web.servlet.DispatcherServlet - Detected FixedThemeResolver
2025-09-07 11:12:22 DEBUG [http-nio-8100-exec-1] o.s.web.servlet.DispatcherServlet - Detected org.springframework.web.servlet.view.DefaultRequestToViewNameTranslator@119b837
2025-09-07 11:12:22 DEBUG [http-nio-8100-exec-1] o.s.web.servlet.DispatcherServlet - Detected org.springframework.web.servlet.support.SessionFlashMapManager@380f9c1d
2025-09-07 11:12:22 DEBUG [http-nio-8100-exec-1] o.s.web.servlet.DispatcherServlet - enableLoggingRequestDetails='true': request parameters and headers will be shown which may lead to unsafe logging of potentially sensitive data
2025-09-07 11:12:22 INFO  [http-nio-8100-exec-1] o.s.web.servlet.DispatcherServlet - Completed initialization in 19 ms
2025-09-07 11:12:22 DEBUG [http-nio-8100-exec-1] o.s.web.servlet.DispatcherServlet - PUT "/product/update/b67f10b8-28f0-4692-8914-d44b1465c941", parameters={}
2025-09-07 11:12:22 DEBUG [http-nio-8100-exec-1] o.s.w.s.m.m.a.RequestMappingHandlerMapping - Mapped to com.keycloak.products.controller.ProductController#updateProduct(String, DbProduct)
2025-09-07 11:12:23 DEBUG [http-nio-8100-exec-1] o.s.w.s.m.m.a.RequestResponseBodyMethodProcessor - Read "application/json;charset=UTF-8" to [DbProduct(id=null, name=, description=, oldPrice=0, oldPriceCurrency=KES, newPrice=0, newPriceCurren (truncated)...]
2025-09-07 11:12:23 INFO  [http-nio-8100-exec-1] c.k.p.s.impl.ProductServiceImpl - Updating product with ID: b67f10b8-28f0-4692-8914-d44b1465c941
2025-09-07 11:12:23 INFO  [http-nio-8100-exec-1] c.k.p.s.impl.ProductServiceImpl - Mapping DbProductImage to ProductImageEntity: DbProductImage(id=null, imageUrl=http://localhost:9000/ecommerce-public/2025/product-images/jpg/september/06/20220320_170114.jpg, metadata=Front view, powered on, sortOrder=1, storageId=68bbad959b5b045866f771a2, isValid=null, productId=null)
2025-09-07 11:12:23 INFO  [http-nio-8100-exec-1] c.k.p.s.impl.ProductServiceImpl - Mapping DbProductImage to ProductImageEntity: DbProductImage(id=null, imageUrl=http://localhost:9000/ecommerce-public/2025/product-images/jpg/september/06/20220320_170114.jpg, metadata=Side profile, slim design, sortOrder=2, storageId=68bbad959b5b045866f771a2, isValid=null, productId=null)
2025-09-07 11:12:23 INFO  [http-nio-8100-exec-1] c.k.p.s.impl.ProductServiceImpl - Mapping DbProductImage to ProductImageEntity: DbProductImage(id=null, imageUrl=http://localhost:9000/ecommerce-public/2025/product-images/jpg/september/06/20220320_170114.jpg, metadata=Back panel with HDMI ports, sortOrder=3, storageId=68bbad959b5b045866f771a2, isValid=null, productId=null)
2025-09-07 11:12:23 INFO  [http-nio-8100-exec-1] c.k.p.s.impl.ProductServiceImpl - Merging product images for: 
2025-09-07 11:12:23 DEBUG [http-nio-8100-exec-1] o.s.w.s.m.m.a.ExceptionHandlerExceptionResolver - Using @ExceptionHandler com.keycloak.common.exception.GlobalExceptionHandler#handleGenericException(Exception)
2025-09-07 11:12:23 DEBUG [http-nio-8100-exec-1] o.s.w.s.m.m.a.HttpEntityMethodProcessor - Using 'application/json', given [*/*] and supported [application/json, application/*+json]
2025-09-07 11:12:23 DEBUG [http-nio-8100-exec-1] o.s.w.s.m.m.a.HttpEntityMethodProcessor - Writing [com.keycloak.common.response.ResponseWrapper@52ea02ab]
2025-09-07 11:12:23 DEBUG [http-nio-8100-exec-1] o.s.w.s.m.m.a.ExceptionHandlerExceptionResolver - Resolved [java.lang.UnsupportedOperationException: Operation is not supported for read-only collection]
2025-09-07 11:12:23 DEBUG [http-nio-8100-exec-1] o.s.web.servlet.DispatcherServlet - Completed 500 INTERNAL_SERVER_ERROR
2025-09-07 11:17:41 INFO  [SpringApplicationShutdownHook] o.s.o.j.LocalContainerEntityManagerFactoryBean - Closing JPA EntityManagerFactory for persistence unit 'default'
2025-09-07 11:17:41 INFO  [SpringApplicationShutdownHook] com.zaxxer.hikari.HikariDataSource - EcommerceHikariCP - Shutdown initiated...
2025-09-07 11:17:41 INFO  [SpringApplicationShutdownHook] com.zaxxer.hikari.HikariDataSource - EcommerceHikariCP - Shutdown completed.
2025-09-07 11:17:48 INFO  [main] c.k.products.ProductsApplication - Starting ProductsApplication using Java 17.0.11 with PID 80216 (/Users/davidnjau/Documents/Personal/keycloak/products/target/classes started by davidnjau in /Users/davidnjau/Documents/Personal/keycloak)
2025-09-07 11:17:48 INFO  [main] c.k.products.ProductsApplication - No active profile set, falling back to 1 default profile: "default"
2025-09-07 11:17:49 INFO  [main] o.s.d.r.c.RepositoryConfigurationDelegate - Multiple Spring Data modules found, entering strict repository configuration mode
2025-09-07 11:17:49 INFO  [main] o.s.d.r.c.RepositoryConfigurationDelegate - Bootstrapping Spring Data JPA repositories in DEFAULT mode.
2025-09-07 11:17:49 INFO  [main] o.s.d.r.c.RepositoryConfigurationDelegate - Finished Spring Data repository scanning in 88 ms. Found 2 JPA repository interfaces.
2025-09-07 11:17:49 INFO  [main] o.s.d.r.c.RepositoryConfigurationDelegate - Multiple Spring Data modules found, entering strict repository configuration mode
2025-09-07 11:17:49 INFO  [main] o.s.d.r.c.RepositoryConfigurationDelegate - Bootstrapping Spring Data Redis repositories in DEFAULT mode.
2025-09-07 11:17:49 INFO  [main] o.s.d.r.c.RepositoryConfigurationExtensionSupport - Spring Data Redis - Could not safely identify store assignment for repository candidate interface com.keycloak.products.repository.CategoryRepository; If you want this repository to be a Redis repository, consider annotating your entities with one of these annotations: org.springframework.data.redis.core.RedisHash (preferred), or consider extending one of the following types with your repository: org.springframework.data.keyvalue.repository.KeyValueRepository
2025-09-07 11:17:49 INFO  [main] o.s.d.r.c.RepositoryConfigurationExtensionSupport - Spring Data Redis - Could not safely identify store assignment for repository candidate interface com.keycloak.products.repository.ProductRepository; If you want this repository to be a Redis repository, consider annotating your entities with one of these annotations: org.springframework.data.redis.core.RedisHash (preferred), or consider extending one of the following types with your repository: org.springframework.data.keyvalue.repository.KeyValueRepository
2025-09-07 11:17:49 INFO  [main] o.s.d.r.c.RepositoryConfigurationDelegate - Finished Spring Data repository scanning in 7 ms. Found 0 Redis repository interfaces.
2025-09-07 11:17:50 INFO  [main] o.s.b.w.e.tomcat.TomcatWebServer - Tomcat initialized with port 8100 (http)
2025-09-07 11:17:50 INFO  [main] o.a.coyote.http11.Http11NioProtocol - Initializing ProtocolHandler ["http-nio-8100"]
2025-09-07 11:17:50 INFO  [main] o.a.catalina.core.StandardService - Starting service [Tomcat]
2025-09-07 11:17:50 INFO  [main] o.a.catalina.core.StandardEngine - Starting Servlet engine: [Apache Tomcat/10.1.18]
2025-09-07 11:17:50 INFO  [main] o.a.c.c.C.[Tomcat].[localhost].[/] - Initializing Spring embedded WebApplicationContext
2025-09-07 11:17:50 INFO  [main] o.s.b.w.s.c.ServletWebServerApplicationContext - Root WebApplicationContext: initialization completed in 1913 ms
2025-09-07 11:17:50 INFO  [main] o.h.jpa.internal.util.LogHelper - HHH000204: Processing PersistenceUnitInfo [name: default]
2025-09-07 11:17:50 INFO  [main] org.hibernate.Version - HHH000412: Hibernate ORM core version 6.4.1.Final
2025-09-07 11:17:50 INFO  [main] o.h.c.i.RegionFactoryInitiator - HHH000026: Second-level cache disabled
2025-09-07 11:17:51 INFO  [main] o.s.o.j.p.SpringPersistenceUnitInfo - No LoadTimeWeaver setup: ignoring JPA class transformer
2025-09-07 11:17:51 INFO  [main] com.zaxxer.hikari.HikariDataSource - EcommerceHikariCP - Starting...
2025-09-07 11:17:51 INFO  [main] com.zaxxer.hikari.pool.HikariPool - EcommerceHikariCP - Added connection org.postgresql.jdbc.PgConnection@f08d676
2025-09-07 11:17:51 INFO  [main] com.zaxxer.hikari.HikariDataSource - EcommerceHikariCP - Start completed.
2025-09-07 11:17:51 WARN  [main] org.hibernate.orm.deprecation - HHH90000025: PostgreSQLDialect does not need to be specified explicitly using 'hibernate.dialect' (remove the property setting and it will be selected by default)
2025-09-07 11:17:52 INFO  [main] o.h.e.t.j.p.i.JtaPlatformInitiator - HHH000489: No JTA platform available (set 'hibernate.transaction.jta.platform' to enable JTA platform integration)
2025-09-07 11:17:52 INFO  [main] o.s.o.j.LocalContainerEntityManagerFactoryBean - Initialized JPA EntityManagerFactory for persistence unit 'default'
2025-09-07 11:17:53 INFO  [main] o.s.d.j.r.query.QueryEnhancerFactory - Hibernate is in classpath; If applicable, HQL parser will be used.
2025-09-07 11:17:53 WARN  [main] o.s.b.a.o.j.JpaBaseConfiguration$JpaWebConfiguration - spring.jpa.open-in-view is enabled by default. Therefore, database queries may be performed during view rendering. Explicitly configure spring.jpa.open-in-view to disable this warning
2025-09-07 11:17:53 DEBUG [main] o.s.w.s.m.m.a.RequestMappingHandlerMapping - 15 mappings in 'requestMappingHandlerMapping'
2025-09-07 11:17:53 DEBUG [main] o.s.w.s.m.m.a.RequestMappingHandlerAdapter - ControllerAdvice beans: 0 @ModelAttribute, 0 @InitBinder, 1 RequestBodyAdvice, 1 ResponseBodyAdvice
2025-09-07 11:17:53 DEBUG [main] o.s.w.s.m.m.a.ExceptionHandlerExceptionResolver - ControllerAdvice beans: 1 @ExceptionHandler, 1 ResponseBodyAdvice
2025-09-07 11:17:53 INFO  [main] o.a.coyote.http11.Http11NioProtocol - Starting ProtocolHandler ["http-nio-8100"]
2025-09-07 11:17:53 INFO  [main] o.s.b.w.e.tomcat.TomcatWebServer - Tomcat started on port 8100 (http) with context path ''
2025-09-07 11:17:53 INFO  [main] c.k.products.ProductsApplication - Started ProductsApplication in 5.83 seconds (process running for 6.205)
2025-09-07 11:18:26 INFO  [http-nio-8100-exec-1] o.a.c.c.C.[Tomcat].[localhost].[/] - Initializing Spring DispatcherServlet 'dispatcherServlet'
2025-09-07 11:18:26 INFO  [http-nio-8100-exec-1] o.s.web.servlet.DispatcherServlet - Initializing Servlet 'dispatcherServlet'
2025-09-07 11:18:26 DEBUG [http-nio-8100-exec-1] o.s.web.servlet.DispatcherServlet - Detected StandardServletMultipartResolver
2025-09-07 11:18:26 DEBUG [http-nio-8100-exec-1] o.s.web.servlet.DispatcherServlet - Detected AcceptHeaderLocaleResolver
2025-09-07 11:18:26 DEBUG [http-nio-8100-exec-1] o.s.web.servlet.DispatcherServlet - Detected FixedThemeResolver
2025-09-07 11:18:26 DEBUG [http-nio-8100-exec-1] o.s.web.servlet.DispatcherServlet - Detected org.springframework.web.servlet.view.DefaultRequestToViewNameTranslator@41737438
2025-09-07 11:18:26 DEBUG [http-nio-8100-exec-1] o.s.web.servlet.DispatcherServlet - Detected org.springframework.web.servlet.support.SessionFlashMapManager@60232aad
2025-09-07 11:18:26 DEBUG [http-nio-8100-exec-1] o.s.web.servlet.DispatcherServlet - enableLoggingRequestDetails='true': request parameters and headers will be shown which may lead to unsafe logging of potentially sensitive data
2025-09-07 11:18:26 INFO  [http-nio-8100-exec-1] o.s.web.servlet.DispatcherServlet - Completed initialization in 11 ms
2025-09-07 11:18:26 DEBUG [http-nio-8100-exec-1] o.s.web.servlet.DispatcherServlet - PUT "/product/update/b67f10b8-28f0-4692-8914-d44b1465c941", parameters={}
2025-09-07 11:18:26 DEBUG [http-nio-8100-exec-1] o.s.w.s.m.m.a.RequestMappingHandlerMapping - Mapped to com.keycloak.products.controller.ProductController#updateProduct(String, DbProduct)
2025-09-07 11:18:26 DEBUG [http-nio-8100-exec-1] o.s.w.s.m.m.a.RequestResponseBodyMethodProcessor - Read "application/json;charset=UTF-8" to [DbProduct(id=null, name=, description=, oldPrice=0, oldPriceCurrency=KES, newPrice=0, newPriceCurren (truncated)...]
2025-09-07 11:18:26 INFO  [http-nio-8100-exec-1] c.k.p.s.impl.ProductServiceImpl - Updating product with ID: b67f10b8-28f0-4692-8914-d44b1465c941
2025-09-07 11:18:27 INFO  [http-nio-8100-exec-1] c.k.p.s.impl.ProductServiceImpl - Mapping DbProductImage to ProductImageEntity: DbProductImage(id=null, imageUrl=http://localhost:9000/ecommerce-public/2025/product-images/jpg/september/06/20220320_170114.jpg, metadata=Front view, powered on, sortOrder=1, storageId=68bbad959b5b045866f771a2, isValid=null, productId=null)
2025-09-07 11:18:27 INFO  [http-nio-8100-exec-1] c.k.p.s.impl.ProductServiceImpl - Mapping DbProductImage to ProductImageEntity: DbProductImage(id=null, imageUrl=http://localhost:9000/ecommerce-public/2025/product-images/jpg/september/06/20220320_170114.jpg, metadata=Side profile, slim design, sortOrder=2, storageId=68bbad959b5b045866f771a2, isValid=null, productId=null)
2025-09-07 11:18:27 INFO  [http-nio-8100-exec-1] c.k.p.s.impl.ProductServiceImpl - Mapping DbProductImage to ProductImageEntity: DbProductImage(id=null, imageUrl=http://localhost:9000/ecommerce-public/2025/product-images/jpg/september/06/20220320_170114.jpg, metadata=Back panel with HDMI ports, sortOrder=3, storageId=68bbad959b5b045866f771a2, isValid=null, productId=null)
2025-09-07 11:18:27 INFO  [http-nio-8100-exec-1] c.k.p.s.impl.ProductServiceImpl - Merging product images for: 
2025-09-07 11:18:27 DEBUG [http-nio-8100-exec-1] o.s.w.s.m.m.a.ExceptionHandlerExceptionResolver - Using @ExceptionHandler com.keycloak.common.exception.GlobalExceptionHandler#handleGenericException(Exception)
2025-09-07 11:18:27 DEBUG [http-nio-8100-exec-1] o.s.w.s.m.m.a.HttpEntityMethodProcessor - Using 'application/json', given [*/*] and supported [application/json, application/*+json]
2025-09-07 11:18:27 DEBUG [http-nio-8100-exec-1] o.s.w.s.m.m.a.HttpEntityMethodProcessor - Writing [com.keycloak.common.response.ResponseWrapper@510c717a]
2025-09-07 11:18:27 DEBUG [http-nio-8100-exec-1] o.s.w.s.m.m.a.ExceptionHandlerExceptionResolver - Resolved [java.lang.UnsupportedOperationException: Operation is not supported for read-only collection]
2025-09-07 11:18:27 DEBUG [http-nio-8100-exec-1] o.s.web.servlet.DispatcherServlet - Completed 500 INTERNAL_SERVER_ERROR
2025-09-07 11:21:41 INFO  [SpringApplicationShutdownHook] o.s.o.j.LocalContainerEntityManagerFactoryBean - Closing JPA EntityManagerFactory for persistence unit 'default'
2025-09-07 11:21:42 INFO  [SpringApplicationShutdownHook] com.zaxxer.hikari.HikariDataSource - EcommerceHikariCP - Shutdown initiated...
2025-09-07 11:21:42 INFO  [SpringApplicationShutdownHook] com.zaxxer.hikari.HikariDataSource - EcommerceHikariCP - Shutdown completed.
2025-09-07 11:21:47 INFO  [main] c.k.products.ProductsApplication - Starting ProductsApplication using Java 17.0.11 with PID 80418 (/Users/davidnjau/Documents/Personal/keycloak/products/target/classes started by davidnjau in /Users/davidnjau/Documents/Personal/keycloak)
2025-09-07 11:21:47 INFO  [main] c.k.products.ProductsApplication - No active profile set, falling back to 1 default profile: "default"
2025-09-07 11:21:47 INFO  [main] o.s.d.r.c.RepositoryConfigurationDelegate - Multiple Spring Data modules found, entering strict repository configuration mode
2025-09-07 11:21:47 INFO  [main] o.s.d.r.c.RepositoryConfigurationDelegate - Bootstrapping Spring Data JPA repositories in DEFAULT mode.
2025-09-07 11:21:48 INFO  [main] o.s.d.r.c.RepositoryConfigurationDelegate - Finished Spring Data repository scanning in 106 ms. Found 2 JPA repository interfaces.
2025-09-07 11:21:48 INFO  [main] o.s.d.r.c.RepositoryConfigurationDelegate - Multiple Spring Data modules found, entering strict repository configuration mode
2025-09-07 11:21:48 INFO  [main] o.s.d.r.c.RepositoryConfigurationDelegate - Bootstrapping Spring Data Redis repositories in DEFAULT mode.
2025-09-07 11:21:48 INFO  [main] o.s.d.r.c.RepositoryConfigurationExtensionSupport - Spring Data Redis - Could not safely identify store assignment for repository candidate interface com.keycloak.products.repository.CategoryRepository; If you want this repository to be a Redis repository, consider annotating your entities with one of these annotations: org.springframework.data.redis.core.RedisHash (preferred), or consider extending one of the following types with your repository: org.springframework.data.keyvalue.repository.KeyValueRepository
2025-09-07 11:21:48 INFO  [main] o.s.d.r.c.RepositoryConfigurationExtensionSupport - Spring Data Redis - Could not safely identify store assignment for repository candidate interface com.keycloak.products.repository.ProductRepository; If you want this repository to be a Redis repository, consider annotating your entities with one of these annotations: org.springframework.data.redis.core.RedisHash (preferred), or consider extending one of the following types with your repository: org.springframework.data.keyvalue.repository.KeyValueRepository
2025-09-07 11:21:48 INFO  [main] o.s.d.r.c.RepositoryConfigurationDelegate - Finished Spring Data repository scanning in 2 ms. Found 0 Redis repository interfaces.
2025-09-07 11:21:48 INFO  [main] o.s.b.w.e.tomcat.TomcatWebServer - Tomcat initialized with port 8100 (http)
2025-09-07 11:21:48 INFO  [main] o.a.coyote.http11.Http11NioProtocol - Initializing ProtocolHandler ["http-nio-8100"]
2025-09-07 11:21:48 INFO  [main] o.a.catalina.core.StandardService - Starting service [Tomcat]
2025-09-07 11:21:48 INFO  [main] o.a.catalina.core.StandardEngine - Starting Servlet engine: [Apache Tomcat/10.1.18]
2025-09-07 11:21:48 INFO  [main] o.a.c.c.C.[Tomcat].[localhost].[/] - Initializing Spring embedded WebApplicationContext
2025-09-07 11:21:48 INFO  [main] o.s.b.w.s.c.ServletWebServerApplicationContext - Root WebApplicationContext: initialization completed in 1158 ms
2025-09-07 11:21:49 INFO  [main] o.h.jpa.internal.util.LogHelper - HHH000204: Processing PersistenceUnitInfo [name: default]
2025-09-07 11:21:49 INFO  [main] org.hibernate.Version - HHH000412: Hibernate ORM core version 6.4.1.Final
2025-09-07 11:21:49 INFO  [main] o.h.c.i.RegionFactoryInitiator - HHH000026: Second-level cache disabled
2025-09-07 11:21:49 INFO  [main] o.s.o.j.p.SpringPersistenceUnitInfo - No LoadTimeWeaver setup: ignoring JPA class transformer
2025-09-07 11:21:49 INFO  [main] com.zaxxer.hikari.HikariDataSource - EcommerceHikariCP - Starting...
2025-09-07 11:21:49 INFO  [main] com.zaxxer.hikari.pool.HikariPool - EcommerceHikariCP - Added connection org.postgresql.jdbc.PgConnection@1d556461
2025-09-07 11:21:49 INFO  [main] com.zaxxer.hikari.HikariDataSource - EcommerceHikariCP - Start completed.
2025-09-07 11:21:49 WARN  [main] org.hibernate.orm.deprecation - HHH90000025: PostgreSQLDialect does not need to be specified explicitly using 'hibernate.dialect' (remove the property setting and it will be selected by default)
2025-09-07 11:21:51 INFO  [main] o.h.e.t.j.p.i.JtaPlatformInitiator - HHH000489: No JTA platform available (set 'hibernate.transaction.jta.platform' to enable JTA platform integration)
2025-09-07 11:21:51 INFO  [main] o.s.o.j.LocalContainerEntityManagerFactoryBean - Initialized JPA EntityManagerFactory for persistence unit 'default'
2025-09-07 11:21:51 INFO  [main] o.s.d.j.r.query.QueryEnhancerFactory - Hibernate is in classpath; If applicable, HQL parser will be used.
2025-09-07 11:21:52 WARN  [main] o.s.b.a.o.j.JpaBaseConfiguration$JpaWebConfiguration - spring.jpa.open-in-view is enabled by default. Therefore, database queries may be performed during view rendering. Explicitly configure spring.jpa.open-in-view to disable this warning
2025-09-07 11:21:52 DEBUG [main] o.s.w.s.m.m.a.RequestMappingHandlerMapping - 15 mappings in 'requestMappingHandlerMapping'
2025-09-07 11:21:52 DEBUG [main] o.s.w.s.m.m.a.RequestMappingHandlerAdapter - ControllerAdvice beans: 0 @ModelAttribute, 0 @InitBinder, 1 RequestBodyAdvice, 1 ResponseBodyAdvice
2025-09-07 11:21:52 DEBUG [main] o.s.w.s.m.m.a.ExceptionHandlerExceptionResolver - ControllerAdvice beans: 1 @ExceptionHandler, 1 ResponseBodyAdvice
2025-09-07 11:21:52 INFO  [main] o.a.coyote.http11.Http11NioProtocol - Starting ProtocolHandler ["http-nio-8100"]
2025-09-07 11:21:52 INFO  [main] o.s.b.w.e.tomcat.TomcatWebServer - Tomcat started on port 8100 (http) with context path ''
2025-09-07 11:21:52 INFO  [main] c.k.products.ProductsApplication - Started ProductsApplication in 5.903 seconds (process running for 6.29)
2025-09-07 11:22:37 INFO  [http-nio-8100-exec-1] o.a.c.c.C.[Tomcat].[localhost].[/] - Initializing Spring DispatcherServlet 'dispatcherServlet'
2025-09-07 11:22:37 INFO  [http-nio-8100-exec-1] o.s.web.servlet.DispatcherServlet - Initializing Servlet 'dispatcherServlet'
2025-09-07 11:22:37 DEBUG [http-nio-8100-exec-1] o.s.web.servlet.DispatcherServlet - Detected StandardServletMultipartResolver
2025-09-07 11:22:37 DEBUG [http-nio-8100-exec-1] o.s.web.servlet.DispatcherServlet - Detected AcceptHeaderLocaleResolver
2025-09-07 11:22:37 DEBUG [http-nio-8100-exec-1] o.s.web.servlet.DispatcherServlet - Detected FixedThemeResolver
2025-09-07 11:22:37 DEBUG [http-nio-8100-exec-1] o.s.web.servlet.DispatcherServlet - Detected org.springframework.web.servlet.view.DefaultRequestToViewNameTranslator@7b900883
2025-09-07 11:22:37 DEBUG [http-nio-8100-exec-1] o.s.web.servlet.DispatcherServlet - Detected org.springframework.web.servlet.support.SessionFlashMapManager@6a2d0632
2025-09-07 11:22:37 DEBUG [http-nio-8100-exec-1] o.s.web.servlet.DispatcherServlet - enableLoggingRequestDetails='true': request parameters and headers will be shown which may lead to unsafe logging of potentially sensitive data
2025-09-07 11:22:37 INFO  [http-nio-8100-exec-1] o.s.web.servlet.DispatcherServlet - Completed initialization in 5 ms
2025-09-07 11:22:37 DEBUG [http-nio-8100-exec-1] o.s.web.servlet.DispatcherServlet - PUT "/product/update/b67f10b8-28f0-4692-8914-d44b1465c941", parameters={}
2025-09-07 11:22:37 DEBUG [http-nio-8100-exec-1] o.s.w.s.m.m.a.RequestMappingHandlerMapping - Mapped to com.keycloak.products.controller.ProductController#updateProduct(String, DbProduct)
2025-09-07 11:22:37 DEBUG [http-nio-8100-exec-1] o.s.w.s.m.m.a.RequestResponseBodyMethodProcessor - Read "application/json;charset=UTF-8" to [DbProduct(id=null, name=, description=, oldPrice=0, oldPriceCurrency=KES, newPrice=0, newPriceCurren (truncated)...]
2025-09-07 11:22:37 INFO  [http-nio-8100-exec-1] c.k.p.s.impl.ProductServiceImpl - Updating product with ID: b67f10b8-28f0-4692-8914-d44b1465c941
2025-09-07 11:22:37 INFO  [http-nio-8100-exec-1] c.k.p.s.impl.ProductServiceImpl - Mapping DbProductImage to ProductImageEntity: DbProductImage(id=null, imageUrl=http://localhost:9000/ecommerce-public/2025/product-images/jpg/september/06/20220320_170114.jpg, metadata=Front view, powered on, sortOrder=1, storageId=68bbad959b5b045866f771a2, isValid=null, productId=null)
2025-09-07 11:22:37 INFO  [http-nio-8100-exec-1] c.k.p.s.impl.ProductServiceImpl - Mapping DbProductImage to ProductImageEntity: DbProductImage(id=null, imageUrl=http://localhost:9000/ecommerce-public/2025/product-images/jpg/september/06/20220320_170114.jpg, metadata=Side profile, slim design, sortOrder=2, storageId=68bbad959b5b045866f771a2, isValid=null, productId=null)
2025-09-07 11:22:37 INFO  [http-nio-8100-exec-1] c.k.p.s.impl.ProductServiceImpl - Mapping DbProductImage to ProductImageEntity: DbProductImage(id=null, imageUrl=http://localhost:9000/ecommerce-public/2025/product-images/jpg/september/06/20220320_170114.jpg, metadata=Back panel with HDMI ports, sortOrder=3, storageId=68bbad959b5b045866f771a2, isValid=null, productId=null)
2025-09-07 11:22:37 INFO  [http-nio-8100-exec-1] c.k.p.s.impl.ProductServiceImpl - Merging product images for: 
2025-09-07 11:22:37 DEBUG [http-nio-8100-exec-1] o.s.w.s.m.m.a.ExceptionHandlerExceptionResolver - Using @ExceptionHandler com.keycloak.common.exception.GlobalExceptionHandler#handleGenericException(Exception)
2025-09-07 11:22:37 DEBUG [http-nio-8100-exec-1] o.s.w.s.m.m.a.HttpEntityMethodProcessor - Using 'application/json', given [*/*] and supported [application/json, application/*+json]
2025-09-07 11:22:37 DEBUG [http-nio-8100-exec-1] o.s.w.s.m.m.a.HttpEntityMethodProcessor - Writing [com.keycloak.common.response.ResponseWrapper@6736f731]
2025-09-07 11:22:37 DEBUG [http-nio-8100-exec-1] o.s.w.s.m.m.a.ExceptionHandlerExceptionResolver - Resolved [java.lang.UnsupportedOperationException: Operation is not supported for read-only collection]
2025-09-07 11:22:37 DEBUG [http-nio-8100-exec-1] o.s.web.servlet.DispatcherServlet - Completed 500 INTERNAL_SERVER_ERROR
2025-09-07 11:25:21 INFO  [SpringApplicationShutdownHook] o.s.o.j.LocalContainerEntityManagerFactoryBean - Closing JPA EntityManagerFactory for persistence unit 'default'
2025-09-07 11:25:21 INFO  [SpringApplicationShutdownHook] com.zaxxer.hikari.HikariDataSource - EcommerceHikariCP - Shutdown initiated...
2025-09-07 11:25:21 INFO  [SpringApplicationShutdownHook] com.zaxxer.hikari.HikariDataSource - EcommerceHikariCP - Shutdown completed.
2025-09-07 11:25:30 INFO  [main] c.k.products.ProductsApplication - Starting ProductsApplication using Java 17.0.11 with PID 80990 (/Users/davidnjau/Documents/Personal/keycloak/products/target/classes started by davidnjau in /Users/davidnjau/Documents/Personal/keycloak)
2025-09-07 11:25:30 INFO  [main] c.k.products.ProductsApplication - No active profile set, falling back to 1 default profile: "default"
2025-09-07 11:25:32 INFO  [main] o.s.d.r.c.RepositoryConfigurationDelegate - Multiple Spring Data modules found, entering strict repository configuration mode
2025-09-07 11:25:32 INFO  [main] o.s.d.r.c.RepositoryConfigurationDelegate - Bootstrapping Spring Data JPA repositories in DEFAULT mode.
2025-09-07 11:25:32 INFO  [main] o.s.d.r.c.RepositoryConfigurationDelegate - Finished Spring Data repository scanning in 247 ms. Found 2 JPA repository interfaces.
2025-09-07 11:25:32 INFO  [main] o.s.d.r.c.RepositoryConfigurationDelegate - Multiple Spring Data modules found, entering strict repository configuration mode
2025-09-07 11:25:32 INFO  [main] o.s.d.r.c.RepositoryConfigurationDelegate - Bootstrapping Spring Data Redis repositories in DEFAULT mode.
2025-09-07 11:25:32 INFO  [main] o.s.d.r.c.RepositoryConfigurationExtensionSupport - Spring Data Redis - Could not safely identify store assignment for repository candidate interface com.keycloak.products.repository.CategoryRepository; If you want this repository to be a Redis repository, consider annotating your entities with one of these annotations: org.springframework.data.redis.core.RedisHash (preferred), or consider extending one of the following types with your repository: org.springframework.data.keyvalue.repository.KeyValueRepository
2025-09-07 11:25:32 INFO  [main] o.s.d.r.c.RepositoryConfigurationExtensionSupport - Spring Data Redis - Could not safely identify store assignment for repository candidate interface com.keycloak.products.repository.ProductRepository; If you want this repository to be a Redis repository, consider annotating your entities with one of these annotations: org.springframework.data.redis.core.RedisHash (preferred), or consider extending one of the following types with your repository: org.springframework.data.keyvalue.repository.KeyValueRepository
2025-09-07 11:25:32 INFO  [main] o.s.d.r.c.RepositoryConfigurationDelegate - Finished Spring Data repository scanning in 6 ms. Found 0 Redis repository interfaces.
2025-09-07 11:25:32 INFO  [main] o.s.b.w.e.tomcat.TomcatWebServer - Tomcat initialized with port 8100 (http)
2025-09-07 11:25:32 INFO  [main] o.a.coyote.http11.Http11NioProtocol - Initializing ProtocolHandler ["http-nio-8100"]
2025-09-07 11:25:32 INFO  [main] o.a.catalina.core.StandardService - Starting service [Tomcat]
2025-09-07 11:25:32 INFO  [main] o.a.catalina.core.StandardEngine - Starting Servlet engine: [Apache Tomcat/10.1.18]
2025-09-07 11:25:33 INFO  [main] o.a.c.c.C.[Tomcat].[localhost].[/] - Initializing Spring embedded WebApplicationContext
2025-09-07 11:25:33 INFO  [main] o.s.b.w.s.c.ServletWebServerApplicationContext - Root WebApplicationContext: initialization completed in 2637 ms
2025-09-07 11:25:33 INFO  [main] o.h.jpa.internal.util.LogHelper - HHH000204: Processing PersistenceUnitInfo [name: default]
2025-09-07 11:25:33 INFO  [main] org.hibernate.Version - HHH000412: Hibernate ORM core version 6.4.1.Final
2025-09-07 11:25:34 INFO  [main] o.h.c.i.RegionFactoryInitiator - HHH000026: Second-level cache disabled
2025-09-07 11:25:34 INFO  [main] o.s.o.j.p.SpringPersistenceUnitInfo - No LoadTimeWeaver setup: ignoring JPA class transformer
2025-09-07 11:25:34 INFO  [main] com.zaxxer.hikari.HikariDataSource - EcommerceHikariCP - Starting...
2025-09-07 11:25:35 INFO  [main] com.zaxxer.hikari.pool.HikariPool - EcommerceHikariCP - Added connection org.postgresql.jdbc.PgConnection@775c4054
2025-09-07 11:25:35 INFO  [main] com.zaxxer.hikari.HikariDataSource - EcommerceHikariCP - Start completed.
2025-09-07 11:25:35 WARN  [main] org.hibernate.orm.deprecation - HHH90000025: PostgreSQLDialect does not need to be specified explicitly using 'hibernate.dialect' (remove the property setting and it will be selected by default)
2025-09-07 11:25:35 INFO  [main] o.h.e.t.j.p.i.JtaPlatformInitiator - HHH000489: No JTA platform available (set 'hibernate.transaction.jta.platform' to enable JTA platform integration)
2025-09-07 11:25:36 INFO  [main] o.s.o.j.LocalContainerEntityManagerFactoryBean - Initialized JPA EntityManagerFactory for persistence unit 'default'
2025-09-07 11:25:36 INFO  [main] o.s.d.j.r.query.QueryEnhancerFactory - Hibernate is in classpath; If applicable, HQL parser will be used.
2025-09-07 11:25:37 WARN  [main] o.s.b.a.o.j.JpaBaseConfiguration$JpaWebConfiguration - spring.jpa.open-in-view is enabled by default. Therefore, database queries may be performed during view rendering. Explicitly configure spring.jpa.open-in-view to disable this warning
2025-09-07 11:25:37 DEBUG [main] o.s.w.s.m.m.a.RequestMappingHandlerMapping - 15 mappings in 'requestMappingHandlerMapping'
2025-09-07 11:25:37 DEBUG [main] o.s.w.s.m.m.a.RequestMappingHandlerAdapter - ControllerAdvice beans: 0 @ModelAttribute, 0 @InitBinder, 1 RequestBodyAdvice, 1 ResponseBodyAdvice
2025-09-07 11:25:37 DEBUG [main] o.s.w.s.m.m.a.ExceptionHandlerExceptionResolver - ControllerAdvice beans: 1 @ExceptionHandler, 1 ResponseBodyAdvice
2025-09-07 11:25:37 INFO  [main] o.a.coyote.http11.Http11NioProtocol - Starting ProtocolHandler ["http-nio-8100"]
2025-09-07 11:25:37 INFO  [main] o.s.b.w.e.tomcat.TomcatWebServer - Tomcat started on port 8100 (http) with context path ''
2025-09-07 11:25:37 INFO  [main] c.k.products.ProductsApplication - Started ProductsApplication in 7.876 seconds (process running for 8.769)
2025-09-07 11:26:07 INFO  [http-nio-8100-exec-1] o.a.c.c.C.[Tomcat].[localhost].[/] - Initializing Spring DispatcherServlet 'dispatcherServlet'
2025-09-07 11:26:07 INFO  [http-nio-8100-exec-1] o.s.web.servlet.DispatcherServlet - Initializing Servlet 'dispatcherServlet'
2025-09-07 11:26:07 DEBUG [http-nio-8100-exec-1] o.s.web.servlet.DispatcherServlet - Detected StandardServletMultipartResolver
2025-09-07 11:26:07 DEBUG [http-nio-8100-exec-1] o.s.web.servlet.DispatcherServlet - Detected AcceptHeaderLocaleResolver
2025-09-07 11:26:07 DEBUG [http-nio-8100-exec-1] o.s.web.servlet.DispatcherServlet - Detected FixedThemeResolver
2025-09-07 11:26:07 DEBUG [http-nio-8100-exec-1] o.s.web.servlet.DispatcherServlet - Detected org.springframework.web.servlet.view.DefaultRequestToViewNameTranslator@6f3cf9ac
2025-09-07 11:26:07 DEBUG [http-nio-8100-exec-1] o.s.web.servlet.DispatcherServlet - Detected org.springframework.web.servlet.support.SessionFlashMapManager@6803b02d
2025-09-07 11:26:07 DEBUG [http-nio-8100-exec-1] o.s.web.servlet.DispatcherServlet - enableLoggingRequestDetails='true': request parameters and headers will be shown which may lead to unsafe logging of potentially sensitive data
2025-09-07 11:26:07 INFO  [http-nio-8100-exec-1] o.s.web.servlet.DispatcherServlet - Completed initialization in 37 ms
2025-09-07 11:26:07 DEBUG [http-nio-8100-exec-1] o.s.web.servlet.DispatcherServlet - PUT "/product/update/b67f10b8-28f0-4692-8914-d44b1465c941", parameters={}
2025-09-07 11:26:07 DEBUG [http-nio-8100-exec-1] o.s.w.s.m.m.a.RequestMappingHandlerMapping - Mapped to com.keycloak.products.controller.ProductController#updateProduct(String, DbProduct)
2025-09-07 11:26:07 DEBUG [http-nio-8100-exec-1] o.s.w.s.m.m.a.RequestResponseBodyMethodProcessor - Read "application/json;charset=UTF-8" to [DbProduct(id=null, name=, description=, oldPrice=0, oldPriceCurrency=KES, newPrice=0, newPriceCurren (truncated)...]
2025-09-07 11:26:07 INFO  [http-nio-8100-exec-1] c.k.p.s.impl.ProductServiceImpl - Updating product with ID: b67f10b8-28f0-4692-8914-d44b1465c941
2025-09-07 11:26:07 INFO  [http-nio-8100-exec-1] c.k.p.s.impl.ProductServiceImpl - Mapping DbProductImage to ProductImageEntity: DbProductImage(id=null, imageUrl=http://localhost:9000/ecommerce-public/2025/product-images/jpg/september/06/20220320_170114.jpg, metadata=Front view, powered on, sortOrder=1, storageId=68bbad959b5b045866f771a2, isValid=null, productId=null)
2025-09-07 11:26:07 INFO  [http-nio-8100-exec-1] c.k.p.s.impl.ProductServiceImpl - Mapping DbProductImage to ProductImageEntity: DbProductImage(id=null, imageUrl=http://localhost:9000/ecommerce-public/2025/product-images/jpg/september/06/20220320_170114.jpg, metadata=Side profile, slim design, sortOrder=2, storageId=68bbad959b5b045866f771a2, isValid=null, productId=null)
2025-09-07 11:26:07 INFO  [http-nio-8100-exec-1] c.k.p.s.impl.ProductServiceImpl - Mapping DbProductImage to ProductImageEntity: DbProductImage(id=null, imageUrl=http://localhost:9000/ecommerce-public/2025/product-images/jpg/september/06/20220320_170114.jpg, metadata=Back panel with HDMI ports, sortOrder=3, storageId=68bbad959b5b045866f771a2, isValid=null, productId=null)
2025-09-07 11:26:07 INFO  [http-nio-8100-exec-1] c.k.p.s.impl.ProductServiceImpl - Merging product images for: 
2025-09-07 11:26:07 DEBUG [http-nio-8100-exec-1] o.s.w.s.m.m.a.ExceptionHandlerExceptionResolver - Using @ExceptionHandler com.keycloak.common.exception.GlobalExceptionHandler#handleGenericException(Exception)
2025-09-07 11:26:07 DEBUG [http-nio-8100-exec-1] o.s.w.s.m.m.a.HttpEntityMethodProcessor - Using 'application/json', given [*/*] and supported [application/json, application/*+json]
2025-09-07 11:26:07 DEBUG [http-nio-8100-exec-1] o.s.w.s.m.m.a.HttpEntityMethodProcessor - Writing [com.keycloak.common.response.ResponseWrapper@443640b3]
2025-09-07 11:26:07 DEBUG [http-nio-8100-exec-1] o.s.w.s.m.m.a.ExceptionHandlerExceptionResolver - Resolved [java.lang.UnsupportedOperationException: Operation is not supported for read-only collection]
2025-09-07 11:26:07 DEBUG [http-nio-8100-exec-1] o.s.web.servlet.DispatcherServlet - Completed 500 INTERNAL_SERVER_ERROR
2025-09-07 11:26:48 INFO  [SpringApplicationShutdownHook] o.s.o.j.LocalContainerEntityManagerFactoryBean - Closing JPA EntityManagerFactory for persistence unit 'default'
2025-09-07 11:26:48 INFO  [SpringApplicationShutdownHook] com.zaxxer.hikari.HikariDataSource - EcommerceHikariCP - Shutdown initiated...
2025-09-07 11:26:48 INFO  [SpringApplicationShutdownHook] com.zaxxer.hikari.HikariDataSource - EcommerceHikariCP - Shutdown completed.
2025-09-07 11:26:53 INFO  [main] c.k.products.ProductsApplication - Starting ProductsApplication using Java 17.0.11 with PID 81120 (/Users/davidnjau/Documents/Personal/keycloak/products/target/classes started by davidnjau in /Users/davidnjau/Documents/Personal/keycloak)
2025-09-07 11:26:53 INFO  [main] c.k.products.ProductsApplication - No active profile set, falling back to 1 default profile: "default"
2025-09-07 11:26:54 INFO  [main] o.s.d.r.c.RepositoryConfigurationDelegate - Multiple Spring Data modules found, entering strict repository configuration mode
2025-09-07 11:26:54 INFO  [main] o.s.d.r.c.RepositoryConfigurationDelegate - Bootstrapping Spring Data JPA repositories in DEFAULT mode.
2025-09-07 11:26:54 INFO  [main] o.s.d.r.c.RepositoryConfigurationDelegate - Finished Spring Data repository scanning in 93 ms. Found 2 JPA repository interfaces.
2025-09-07 11:26:54 INFO  [main] o.s.d.r.c.RepositoryConfigurationDelegate - Multiple Spring Data modules found, entering strict repository configuration mode
2025-09-07 11:26:54 INFO  [main] o.s.d.r.c.RepositoryConfigurationDelegate - Bootstrapping Spring Data Redis repositories in DEFAULT mode.
2025-09-07 11:26:54 INFO  [main] o.s.d.r.c.RepositoryConfigurationExtensionSupport - Spring Data Redis - Could not safely identify store assignment for repository candidate interface com.keycloak.products.repository.CategoryRepository; If you want this repository to be a Redis repository, consider annotating your entities with one of these annotations: org.springframework.data.redis.core.RedisHash (preferred), or consider extending one of the following types with your repository: org.springframework.data.keyvalue.repository.KeyValueRepository
2025-09-07 11:26:54 INFO  [main] o.s.d.r.c.RepositoryConfigurationExtensionSupport - Spring Data Redis - Could not safely identify store assignment for repository candidate interface com.keycloak.products.repository.ProductRepository; If you want this repository to be a Redis repository, consider annotating your entities with one of these annotations: org.springframework.data.redis.core.RedisHash (preferred), or consider extending one of the following types with your repository: org.springframework.data.keyvalue.repository.KeyValueRepository
2025-09-07 11:26:54 INFO  [main] o.s.d.r.c.RepositoryConfigurationDelegate - Finished Spring Data repository scanning in 9 ms. Found 0 Redis repository interfaces.
2025-09-07 11:26:54 INFO  [main] o.s.b.w.e.tomcat.TomcatWebServer - Tomcat initialized with port 8100 (http)
2025-09-07 11:26:54 INFO  [main] o.a.coyote.http11.Http11NioProtocol - Initializing ProtocolHandler ["http-nio-8100"]
2025-09-07 11:26:54 INFO  [main] o.a.catalina.core.StandardService - Starting service [Tomcat]
2025-09-07 11:26:54 INFO  [main] o.a.catalina.core.StandardEngine - Starting Servlet engine: [Apache Tomcat/10.1.18]
2025-09-07 11:26:55 INFO  [main] o.a.c.c.C.[Tomcat].[localhost].[/] - Initializing Spring embedded WebApplicationContext
2025-09-07 11:26:55 INFO  [main] o.s.b.w.s.c.ServletWebServerApplicationContext - Root WebApplicationContext: initialization completed in 1138 ms
2025-09-07 11:26:55 INFO  [main] o.h.jpa.internal.util.LogHelper - HHH000204: Processing PersistenceUnitInfo [name: default]
2025-09-07 11:26:55 INFO  [main] org.hibernate.Version - HHH000412: Hibernate ORM core version 6.4.1.Final
2025-09-07 11:26:55 INFO  [main] o.h.c.i.RegionFactoryInitiator - HHH000026: Second-level cache disabled
2025-09-07 11:26:56 INFO  [main] o.s.o.j.p.SpringPersistenceUnitInfo - No LoadTimeWeaver setup: ignoring JPA class transformer
2025-09-07 11:26:56 INFO  [main] com.zaxxer.hikari.HikariDataSource - EcommerceHikariCP - Starting...
2025-09-07 11:26:56 INFO  [main] com.zaxxer.hikari.pool.HikariPool - EcommerceHikariCP - Added connection org.postgresql.jdbc.PgConnection@36d7a68a
2025-09-07 11:26:56 INFO  [main] com.zaxxer.hikari.HikariDataSource - EcommerceHikariCP - Start completed.
2025-09-07 11:26:56 WARN  [main] org.hibernate.orm.deprecation - HHH90000025: PostgreSQLDialect does not need to be specified explicitly using 'hibernate.dialect' (remove the property setting and it will be selected by default)
2025-09-07 11:26:57 INFO  [main] o.h.e.t.j.p.i.JtaPlatformInitiator - HHH000489: No JTA platform available (set 'hibernate.transaction.jta.platform' to enable JTA platform integration)
2025-09-07 11:26:57 INFO  [main] o.s.o.j.LocalContainerEntityManagerFactoryBean - Initialized JPA EntityManagerFactory for persistence unit 'default'
2025-09-07 11:26:57 INFO  [main] o.s.d.j.r.query.QueryEnhancerFactory - Hibernate is in classpath; If applicable, HQL parser will be used.
2025-09-07 11:26:58 WARN  [main] o.s.b.a.o.j.JpaBaseConfiguration$JpaWebConfiguration - spring.jpa.open-in-view is enabled by default. Therefore, database queries may be performed during view rendering. Explicitly configure spring.jpa.open-in-view to disable this warning
2025-09-07 11:26:58 DEBUG [main] o.s.w.s.m.m.a.RequestMappingHandlerMapping - 15 mappings in 'requestMappingHandlerMapping'
2025-09-07 11:26:58 DEBUG [main] o.s.w.s.m.m.a.RequestMappingHandlerAdapter - ControllerAdvice beans: 0 @ModelAttribute, 0 @InitBinder, 1 RequestBodyAdvice, 1 ResponseBodyAdvice
2025-09-07 11:26:58 DEBUG [main] o.s.w.s.m.m.a.ExceptionHandlerExceptionResolver - ControllerAdvice beans: 1 @ExceptionHandler, 1 ResponseBodyAdvice
2025-09-07 11:26:58 INFO  [main] o.a.coyote.http11.Http11NioProtocol - Starting ProtocolHandler ["http-nio-8100"]
2025-09-07 11:26:58 INFO  [main] o.s.b.w.e.tomcat.TomcatWebServer - Tomcat started on port 8100 (http) with context path ''
2025-09-07 11:26:58 INFO  [main] c.k.products.ProductsApplication - Started ProductsApplication in 4.995 seconds (process running for 5.377)
2025-09-07 11:28:21 INFO  [http-nio-8100-exec-1] o.a.c.c.C.[Tomcat].[localhost].[/] - Initializing Spring DispatcherServlet 'dispatcherServlet'
2025-09-07 11:28:21 INFO  [http-nio-8100-exec-1] o.s.web.servlet.DispatcherServlet - Initializing Servlet 'dispatcherServlet'
2025-09-07 11:28:21 DEBUG [http-nio-8100-exec-1] o.s.web.servlet.DispatcherServlet - Detected StandardServletMultipartResolver
2025-09-07 11:28:21 DEBUG [http-nio-8100-exec-1] o.s.web.servlet.DispatcherServlet - Detected AcceptHeaderLocaleResolver
2025-09-07 11:28:21 DEBUG [http-nio-8100-exec-1] o.s.web.servlet.DispatcherServlet - Detected FixedThemeResolver
2025-09-07 11:28:21 DEBUG [http-nio-8100-exec-1] o.s.web.servlet.DispatcherServlet - Detected org.springframework.web.servlet.view.DefaultRequestToViewNameTranslator@190a5f74
2025-09-07 11:28:21 DEBUG [http-nio-8100-exec-1] o.s.web.servlet.DispatcherServlet - Detected org.springframework.web.servlet.support.SessionFlashMapManager@39d5376c
2025-09-07 11:28:21 DEBUG [http-nio-8100-exec-1] o.s.web.servlet.DispatcherServlet - enableLoggingRequestDetails='true': request parameters and headers will be shown which may lead to unsafe logging of potentially sensitive data
2025-09-07 11:28:21 INFO  [http-nio-8100-exec-1] o.s.web.servlet.DispatcherServlet - Completed initialization in 19 ms
2025-09-07 11:28:21 DEBUG [http-nio-8100-exec-1] o.s.web.servlet.DispatcherServlet - PUT "/product/update/b67f10b8-28f0-4692-8914-d44b1465c941", parameters={}
2025-09-07 11:28:21 DEBUG [http-nio-8100-exec-1] o.s.w.s.m.m.a.RequestMappingHandlerMapping - Mapped to com.keycloak.products.controller.ProductController#updateProduct(String, DbProduct)
2025-09-07 11:28:21 DEBUG [http-nio-8100-exec-1] o.s.w.s.m.m.a.RequestResponseBodyMethodProcessor - Read "application/json;charset=UTF-8" to [DbProduct(id=null, name=, description=, oldPrice=0, oldPriceCurrency=KES, newPrice=0, newPriceCurren (truncated)...]
2025-09-07 11:28:21 INFO  [http-nio-8100-exec-1] c.k.p.s.impl.ProductServiceImpl - Updating product with ID: b67f10b8-28f0-4692-8914-d44b1465c941
2025-09-07 11:28:21 INFO  [http-nio-8100-exec-1] c.k.p.s.impl.ProductServiceImpl - Mapping DbProductImage to ProductImageEntity: DbProductImage(id=null, imageUrl=http://localhost:9000/ecommerce-public/2025/product-images/jpg/september/06/20220320_170114.jpg, metadata=Front view, powered on, sortOrder=1, storageId=68bbad959b5b045866f771a2, isValid=null, productId=null)
2025-09-07 11:28:21 INFO  [http-nio-8100-exec-1] c.k.p.s.impl.ProductServiceImpl - Mapping DbProductImage to ProductImageEntity: DbProductImage(id=null, imageUrl=http://localhost:9000/ecommerce-public/2025/product-images/jpg/september/06/20220320_170114.jpg, metadata=Side profile, slim design, sortOrder=2, storageId=68bbad959b5b045866f771a2, isValid=null, productId=null)
2025-09-07 11:28:21 INFO  [http-nio-8100-exec-1] c.k.p.s.impl.ProductServiceImpl - Mapping DbProductImage to ProductImageEntity: DbProductImage(id=null, imageUrl=http://localhost:9000/ecommerce-public/2025/product-images/jpg/september/06/20220320_170114.jpg, metadata=Back panel with HDMI ports, sortOrder=3, storageId=68bbad959b5b045866f771a2, isValid=null, productId=null)
2025-09-07 11:28:21 INFO  [http-nio-8100-exec-1] c.k.p.s.impl.ProductServiceImpl - Merging product images for: 
2025-09-07 11:28:21 INFO  [http-nio-8100-exec-1] c.k.p.s.impl.ProductServiceImpl - Update products
2025-09-07 11:28:21 DEBUG [http-nio-8100-exec-1] o.s.w.s.m.m.a.HttpEntityMethodProcessor - Using 'application/json', given [*/*] and supported [application/json, application/*+json]
2025-09-07 11:28:21 DEBUG [http-nio-8100-exec-1] o.s.w.s.m.m.a.HttpEntityMethodProcessor - Writing [com.keycloak.common.response.ResponseWrapper@41c6ac9f]
2025-09-07 11:28:21 DEBUG [http-nio-8100-exec-1] o.s.web.servlet.DispatcherServlet - Completed 200 OK
2025-09-07 11:29:21 INFO  [SpringApplicationShutdownHook] o.s.o.j.LocalContainerEntityManagerFactoryBean - Closing JPA EntityManagerFactory for persistence unit 'default'
2025-09-07 11:29:21 INFO  [SpringApplicationShutdownHook] com.zaxxer.hikari.HikariDataSource - EcommerceHikariCP - Shutdown initiated...
2025-09-07 11:29:21 INFO  [SpringApplicationShutdownHook] com.zaxxer.hikari.HikariDataSource - EcommerceHikariCP - Shutdown completed.
2025-09-07 11:29:27 INFO  [main] c.k.products.ProductsApplication - Starting ProductsApplication using Java 17.0.11 with PID 81314 (/Users/davidnjau/Documents/Personal/keycloak/products/target/classes started by davidnjau in /Users/davidnjau/Documents/Personal/keycloak)
2025-09-07 11:29:27 INFO  [main] c.k.products.ProductsApplication - No active profile set, falling back to 1 default profile: "default"
2025-09-07 11:29:27 INFO  [main] o.s.d.r.c.RepositoryConfigurationDelegate - Multiple Spring Data modules found, entering strict repository configuration mode
2025-09-07 11:29:27 INFO  [main] o.s.d.r.c.RepositoryConfigurationDelegate - Bootstrapping Spring Data JPA repositories in DEFAULT mode.
2025-09-07 11:29:27 INFO  [main] o.s.d.r.c.RepositoryConfigurationDelegate - Finished Spring Data repository scanning in 66 ms. Found 2 JPA repository interfaces.
2025-09-07 11:29:27 INFO  [main] o.s.d.r.c.RepositoryConfigurationDelegate - Multiple Spring Data modules found, entering strict repository configuration mode
2025-09-07 11:29:27 INFO  [main] o.s.d.r.c.RepositoryConfigurationDelegate - Bootstrapping Spring Data Redis repositories in DEFAULT mode.
2025-09-07 11:29:27 INFO  [main] o.s.d.r.c.RepositoryConfigurationExtensionSupport - Spring Data Redis - Could not safely identify store assignment for repository candidate interface com.keycloak.products.repository.CategoryRepository; If you want this repository to be a Redis repository, consider annotating your entities with one of these annotations: org.springframework.data.redis.core.RedisHash (preferred), or consider extending one of the following types with your repository: org.springframework.data.keyvalue.repository.KeyValueRepository
2025-09-07 11:29:27 INFO  [main] o.s.d.r.c.RepositoryConfigurationExtensionSupport - Spring Data Redis - Could not safely identify store assignment for repository candidate interface com.keycloak.products.repository.ProductRepository; If you want this repository to be a Redis repository, consider annotating your entities with one of these annotations: org.springframework.data.redis.core.RedisHash (preferred), or consider extending one of the following types with your repository: org.springframework.data.keyvalue.repository.KeyValueRepository
2025-09-07 11:29:27 INFO  [main] o.s.d.r.c.RepositoryConfigurationDelegate - Finished Spring Data repository scanning in 3 ms. Found 0 Redis repository interfaces.
2025-09-07 11:29:27 INFO  [main] o.s.b.w.e.tomcat.TomcatWebServer - Tomcat initialized with port 8100 (http)
2025-09-07 11:29:28 INFO  [main] o.a.coyote.http11.Http11NioProtocol - Initializing ProtocolHandler ["http-nio-8100"]
2025-09-07 11:29:28 INFO  [main] o.a.catalina.core.StandardService - Starting service [Tomcat]
2025-09-07 11:29:28 INFO  [main] o.a.catalina.core.StandardEngine - Starting Servlet engine: [Apache Tomcat/10.1.18]
2025-09-07 11:29:28 INFO  [main] o.a.c.c.C.[Tomcat].[localhost].[/] - Initializing Spring embedded WebApplicationContext
2025-09-07 11:29:28 INFO  [main] o.s.b.w.s.c.ServletWebServerApplicationContext - Root WebApplicationContext: initialization completed in 925 ms
2025-09-07 11:29:28 INFO  [main] o.h.jpa.internal.util.LogHelper - HHH000204: Processing PersistenceUnitInfo [name: default]
2025-09-07 11:29:28 INFO  [main] org.hibernate.Version - HHH000412: Hibernate ORM core version 6.4.1.Final
2025-09-07 11:29:28 INFO  [main] o.h.c.i.RegionFactoryInitiator - HHH000026: Second-level cache disabled
2025-09-07 11:29:28 INFO  [main] o.s.o.j.p.SpringPersistenceUnitInfo - No LoadTimeWeaver setup: ignoring JPA class transformer
2025-09-07 11:29:28 INFO  [main] com.zaxxer.hikari.HikariDataSource - EcommerceHikariCP - Starting...
2025-09-07 11:29:28 INFO  [main] com.zaxxer.hikari.pool.HikariPool - EcommerceHikariCP - Added connection org.postgresql.jdbc.PgConnection@749f61a3
2025-09-07 11:29:28 INFO  [main] com.zaxxer.hikari.HikariDataSource - EcommerceHikariCP - Start completed.
2025-09-07 11:29:28 WARN  [main] org.hibernate.orm.deprecation - HHH90000025: PostgreSQLDialect does not need to be specified explicitly using 'hibernate.dialect' (remove the property setting and it will be selected by default)
2025-09-07 11:29:28 INFO  [main] o.h.e.t.j.p.i.JtaPlatformInitiator - HHH000489: No JTA platform available (set 'hibernate.transaction.jta.platform' to enable JTA platform integration)
2025-09-07 11:29:29 INFO  [main] o.s.o.j.LocalContainerEntityManagerFactoryBean - Initialized JPA EntityManagerFactory for persistence unit 'default'
2025-09-07 11:29:29 INFO  [main] o.s.d.j.r.query.QueryEnhancerFactory - Hibernate is in classpath; If applicable, HQL parser will be used.
2025-09-07 11:29:29 WARN  [main] o.s.b.a.o.j.JpaBaseConfiguration$JpaWebConfiguration - spring.jpa.open-in-view is enabled by default. Therefore, database queries may be performed during view rendering. Explicitly configure spring.jpa.open-in-view to disable this warning
2025-09-07 11:29:29 DEBUG [main] o.s.w.s.m.m.a.RequestMappingHandlerMapping - 15 mappings in 'requestMappingHandlerMapping'
2025-09-07 11:29:30 DEBUG [main] o.s.w.s.m.m.a.RequestMappingHandlerAdapter - ControllerAdvice beans: 0 @ModelAttribute, 0 @InitBinder, 1 RequestBodyAdvice, 1 ResponseBodyAdvice
2025-09-07 11:29:30 DEBUG [main] o.s.w.s.m.m.a.ExceptionHandlerExceptionResolver - ControllerAdvice beans: 1 @ExceptionHandler, 1 ResponseBodyAdvice
2025-09-07 11:29:30 INFO  [main] o.a.coyote.http11.Http11NioProtocol - Starting ProtocolHandler ["http-nio-8100"]
2025-09-07 11:29:30 INFO  [main] o.s.b.w.e.tomcat.TomcatWebServer - Tomcat started on port 8100 (http) with context path ''
2025-09-07 11:29:30 INFO  [main] c.k.products.ProductsApplication - Started ProductsApplication in 3.57 seconds (process running for 4.053)
2025-09-07 11:30:27 INFO  [http-nio-8100-exec-1] o.a.c.c.C.[Tomcat].[localhost].[/] - Initializing Spring DispatcherServlet 'dispatcherServlet'
2025-09-07 11:30:27 INFO  [http-nio-8100-exec-1] o.s.web.servlet.DispatcherServlet - Initializing Servlet 'dispatcherServlet'
2025-09-07 11:30:27 DEBUG [http-nio-8100-exec-1] o.s.web.servlet.DispatcherServlet - Detected StandardServletMultipartResolver
2025-09-07 11:30:27 DEBUG [http-nio-8100-exec-1] o.s.web.servlet.DispatcherServlet - Detected AcceptHeaderLocaleResolver
2025-09-07 11:30:27 DEBUG [http-nio-8100-exec-1] o.s.web.servlet.DispatcherServlet - Detected FixedThemeResolver
2025-09-07 11:30:27 DEBUG [http-nio-8100-exec-1] o.s.web.servlet.DispatcherServlet - Detected org.springframework.web.servlet.view.DefaultRequestToViewNameTranslator@397ff526
2025-09-07 11:30:27 DEBUG [http-nio-8100-exec-1] o.s.web.servlet.DispatcherServlet - Detected org.springframework.web.servlet.support.SessionFlashMapManager@2e78213c
2025-09-07 11:30:27 DEBUG [http-nio-8100-exec-1] o.s.web.servlet.DispatcherServlet - enableLoggingRequestDetails='true': request parameters and headers will be shown which may lead to unsafe logging of potentially sensitive data
2025-09-07 11:30:27 INFO  [http-nio-8100-exec-1] o.s.web.servlet.DispatcherServlet - Completed initialization in 7 ms
2025-09-07 11:30:27 DEBUG [http-nio-8100-exec-1] o.s.web.servlet.DispatcherServlet - PUT "/product/update/b67f10b8-28f0-4692-8914-d44b1465c941", parameters={}
2025-09-07 11:30:27 DEBUG [http-nio-8100-exec-1] o.s.w.s.m.m.a.RequestMappingHandlerMapping - Mapped to com.keycloak.products.controller.ProductController#updateProduct(String, DbProduct)
2025-09-07 11:30:27 DEBUG [http-nio-8100-exec-1] o.s.w.s.m.m.a.RequestResponseBodyMethodProcessor - Read "application/json;charset=UTF-8" to [DbProduct(id=null, name=, description=, oldPrice=0, oldPriceCurrency=KES, newPrice=0, newPriceCurren (truncated)...]
2025-09-07 11:30:27 INFO  [http-nio-8100-exec-1] c.k.p.s.impl.ProductServiceImpl - Updating product with ID: b67f10b8-28f0-4692-8914-d44b1465c941
2025-09-07 11:30:27 INFO  [http-nio-8100-exec-1] c.k.p.s.impl.ProductServiceImpl - Mapping DbProductImage to ProductImageEntity: DbProductImage(id=null, imageUrl=http://localhost:9000/ecommerce-public/2025/product-images/jpg/september/06/20220320_170114.jpg, metadata=Front view, powered on, sortOrder=1, storageId=68bbad959b5b045866f771a2, isValid=null, productId=null)
2025-09-07 11:30:27 INFO  [http-nio-8100-exec-1] c.k.p.s.impl.ProductServiceImpl - Mapping DbProductImage to ProductImageEntity: DbProductImage(id=null, imageUrl=http://localhost:9000/ecommerce-public/2025/product-images/jpg/september/06/20220320_170114.jpg, metadata=Side profile, slim design, sortOrder=2, storageId=68bbad959b5b045866f771a2, isValid=null, productId=null)
2025-09-07 11:30:27 INFO  [http-nio-8100-exec-1] c.k.p.s.impl.ProductServiceImpl - Mapping DbProductImage to ProductImageEntity: DbProductImage(id=null, imageUrl=http://localhost:9000/ecommerce-public/2025/product-images/jpg/september/06/20220320_170114.jpg, metadata=Back panel with HDMI ports, sortOrder=3, storageId=68bbad959b5b045866f771a2, isValid=null, productId=null)
2025-09-07 11:30:27 INFO  [http-nio-8100-exec-1] c.k.p.s.impl.ProductServiceImpl - Merging product images for: 
2025-09-07 11:30:27 INFO  [http-nio-8100-exec-1] c.k.p.s.impl.ProductServiceImpl - Update products
2025-09-07 11:30:27 DEBUG [http-nio-8100-exec-1] o.s.w.s.m.m.a.HttpEntityMethodProcessor - Using 'application/json', given [*/*] and supported [application/json, application/*+json]
2025-09-07 11:30:27 DEBUG [http-nio-8100-exec-1] o.s.w.s.m.m.a.HttpEntityMethodProcessor - Writing [com.keycloak.common.response.ResponseWrapper@23a5a543]
2025-09-07 11:30:27 DEBUG [http-nio-8100-exec-1] o.s.web.servlet.DispatcherServlet - Completed 200 OK
2025-09-07 11:39:42 INFO  [SpringApplicationShutdownHook] o.s.o.j.LocalContainerEntityManagerFactoryBean - Closing JPA EntityManagerFactory for persistence unit 'default'
2025-09-07 11:39:42 INFO  [SpringApplicationShutdownHook] com.zaxxer.hikari.HikariDataSource - EcommerceHikariCP - Shutdown initiated...
2025-09-07 11:39:42 INFO  [SpringApplicationShutdownHook] com.zaxxer.hikari.HikariDataSource - EcommerceHikariCP - Shutdown completed.
2025-09-07 11:39:48 INFO  [main] c.k.products.ProductsApplication - Starting ProductsApplication using Java 17.0.11 with PID 82189 (/Users/davidnjau/Documents/Personal/keycloak/products/target/classes started by davidnjau in /Users/davidnjau/Documents/Personal/keycloak)
2025-09-07 11:39:48 INFO  [main] c.k.products.ProductsApplication - No active profile set, falling back to 1 default profile: "default"
2025-09-07 11:39:49 INFO  [main] o.s.d.r.c.RepositoryConfigurationDelegate - Multiple Spring Data modules found, entering strict repository configuration mode
2025-09-07 11:39:49 INFO  [main] o.s.d.r.c.RepositoryConfigurationDelegate - Bootstrapping Spring Data JPA repositories in DEFAULT mode.
2025-09-07 11:39:49 INFO  [main] o.s.d.r.c.RepositoryConfigurationDelegate - Finished Spring Data repository scanning in 141 ms. Found 2 JPA repository interfaces.
2025-09-07 11:39:49 INFO  [main] o.s.d.r.c.RepositoryConfigurationDelegate - Multiple Spring Data modules found, entering strict repository configuration mode
2025-09-07 11:39:49 INFO  [main] o.s.d.r.c.RepositoryConfigurationDelegate - Bootstrapping Spring Data Redis repositories in DEFAULT mode.
2025-09-07 11:39:49 INFO  [main] o.s.d.r.c.RepositoryConfigurationExtensionSupport - Spring Data Redis - Could not safely identify store assignment for repository candidate interface com.keycloak.products.repository.CategoryRepository; If you want this repository to be a Redis repository, consider annotating your entities with one of these annotations: org.springframework.data.redis.core.RedisHash (preferred), or consider extending one of the following types with your repository: org.springframework.data.keyvalue.repository.KeyValueRepository
2025-09-07 11:39:49 INFO  [main] o.s.d.r.c.RepositoryConfigurationExtensionSupport - Spring Data Redis - Could not safely identify store assignment for repository candidate interface com.keycloak.products.repository.ProductRepository; If you want this repository to be a Redis repository, consider annotating your entities with one of these annotations: org.springframework.data.redis.core.RedisHash (preferred), or consider extending one of the following types with your repository: org.springframework.data.keyvalue.repository.KeyValueRepository
2025-09-07 11:39:49 INFO  [main] o.s.d.r.c.RepositoryConfigurationDelegate - Finished Spring Data repository scanning in 3 ms. Found 0 Redis repository interfaces.
2025-09-07 11:39:49 INFO  [main] o.s.b.w.e.tomcat.TomcatWebServer - Tomcat initialized with port 8100 (http)
2025-09-07 11:39:49 INFO  [main] o.a.coyote.http11.Http11NioProtocol - Initializing ProtocolHandler ["http-nio-8100"]
2025-09-07 11:39:49 INFO  [main] o.a.catalina.core.StandardService - Starting service [Tomcat]
2025-09-07 11:39:49 INFO  [main] o.a.catalina.core.StandardEngine - Starting Servlet engine: [Apache Tomcat/10.1.18]
2025-09-07 11:39:49 INFO  [main] o.a.c.c.C.[Tomcat].[localhost].[/] - Initializing Spring embedded WebApplicationContext
2025-09-07 11:39:49 INFO  [main] o.s.b.w.s.c.ServletWebServerApplicationContext - Root WebApplicationContext: initialization completed in 1612 ms
2025-09-07 11:39:50 INFO  [main] o.h.jpa.internal.util.LogHelper - HHH000204: Processing PersistenceUnitInfo [name: default]
2025-09-07 11:39:50 INFO  [main] org.hibernate.Version - HHH000412: Hibernate ORM core version 6.4.1.Final
2025-09-07 11:39:50 INFO  [main] o.h.c.i.RegionFactoryInitiator - HHH000026: Second-level cache disabled
2025-09-07 11:39:50 INFO  [main] o.s.o.j.p.SpringPersistenceUnitInfo - No LoadTimeWeaver setup: ignoring JPA class transformer
2025-09-07 11:39:50 INFO  [main] com.zaxxer.hikari.HikariDataSource - EcommerceHikariCP - Starting...
2025-09-07 11:39:50 INFO  [main] com.zaxxer.hikari.pool.HikariPool - EcommerceHikariCP - Added connection org.postgresql.jdbc.PgConnection@77cc6a28
2025-09-07 11:39:50 INFO  [main] com.zaxxer.hikari.HikariDataSource - EcommerceHikariCP - Start completed.
2025-09-07 11:39:50 WARN  [main] org.hibernate.orm.deprecation - HHH90000025: PostgreSQLDialect does not need to be specified explicitly using 'hibernate.dialect' (remove the property setting and it will be selected by default)
2025-09-07 11:39:52 INFO  [main] o.h.e.t.j.p.i.JtaPlatformInitiator - HHH000489: No JTA platform available (set 'hibernate.transaction.jta.platform' to enable JTA platform integration)
2025-09-07 11:39:52 INFO  [main] o.s.o.j.LocalContainerEntityManagerFactoryBean - Initialized JPA EntityManagerFactory for persistence unit 'default'
2025-09-07 11:39:52 INFO  [main] o.s.d.j.r.query.QueryEnhancerFactory - Hibernate is in classpath; If applicable, HQL parser will be used.
2025-09-07 11:39:53 WARN  [main] o.s.b.a.o.j.JpaBaseConfiguration$JpaWebConfiguration - spring.jpa.open-in-view is enabled by default. Therefore, database queries may be performed during view rendering. Explicitly configure spring.jpa.open-in-view to disable this warning
2025-09-07 11:39:53 DEBUG [main] o.s.w.s.m.m.a.RequestMappingHandlerMapping - 15 mappings in 'requestMappingHandlerMapping'
2025-09-07 11:39:53 DEBUG [main] o.s.w.s.m.m.a.RequestMappingHandlerAdapter - ControllerAdvice beans: 0 @ModelAttribute, 0 @InitBinder, 1 RequestBodyAdvice, 1 ResponseBodyAdvice
2025-09-07 11:39:53 DEBUG [main] o.s.w.s.m.m.a.ExceptionHandlerExceptionResolver - ControllerAdvice beans: 1 @ExceptionHandler, 1 ResponseBodyAdvice
2025-09-07 11:39:53 INFO  [main] o.a.coyote.http11.Http11NioProtocol - Starting ProtocolHandler ["http-nio-8100"]
2025-09-07 11:39:53 INFO  [main] o.s.b.w.e.tomcat.TomcatWebServer - Tomcat started on port 8100 (http) with context path ''
2025-09-07 11:39:53 INFO  [main] c.k.products.ProductsApplication - Started ProductsApplication in 5.923 seconds (process running for 6.284)
2025-09-07 11:41:16 INFO  [http-nio-8100-exec-1] o.a.c.c.C.[Tomcat].[localhost].[/] - Initializing Spring DispatcherServlet 'dispatcherServlet'
2025-09-07 11:41:16 INFO  [http-nio-8100-exec-1] o.s.web.servlet.DispatcherServlet - Initializing Servlet 'dispatcherServlet'
2025-09-07 11:41:16 DEBUG [http-nio-8100-exec-1] o.s.web.servlet.DispatcherServlet - Detected StandardServletMultipartResolver
2025-09-07 11:41:16 DEBUG [http-nio-8100-exec-1] o.s.web.servlet.DispatcherServlet - Detected AcceptHeaderLocaleResolver
2025-09-07 11:41:16 DEBUG [http-nio-8100-exec-1] o.s.web.servlet.DispatcherServlet - Detected FixedThemeResolver
2025-09-07 11:41:16 DEBUG [http-nio-8100-exec-1] o.s.web.servlet.DispatcherServlet - Detected org.springframework.web.servlet.view.DefaultRequestToViewNameTranslator@33684b87
2025-09-07 11:41:16 DEBUG [http-nio-8100-exec-1] o.s.web.servlet.DispatcherServlet - Detected org.springframework.web.servlet.support.SessionFlashMapManager@35355074
2025-09-07 11:41:16 DEBUG [http-nio-8100-exec-1] o.s.web.servlet.DispatcherServlet - enableLoggingRequestDetails='true': request parameters and headers will be shown which may lead to unsafe logging of potentially sensitive data
2025-09-07 11:41:16 INFO  [http-nio-8100-exec-1] o.s.web.servlet.DispatcherServlet - Completed initialization in 16 ms
2025-09-07 11:41:16 DEBUG [http-nio-8100-exec-1] o.s.web.servlet.DispatcherServlet - PUT "/product/update/b67f10b8-28f0-4692-8914-d44b1465c941", parameters={}
2025-09-07 11:41:16 DEBUG [http-nio-8100-exec-1] o.s.w.s.m.m.a.RequestMappingHandlerMapping - Mapped to com.keycloak.products.controller.ProductController#updateProduct(String, DbProduct)
2025-09-07 11:41:16 DEBUG [http-nio-8100-exec-1] o.s.w.s.m.m.a.RequestResponseBodyMethodProcessor - Read "application/json;charset=UTF-8" to [DbProduct(id=null, name=, description=, oldPrice=0, oldPriceCurrency=KES, newPrice=0, newPriceCurren (truncated)...]
2025-09-07 11:41:16 INFO  [http-nio-8100-exec-1] c.k.p.s.impl.ProductServiceImpl - Updating product with ID: b67f10b8-28f0-4692-8914-d44b1465c941
2025-09-07 11:41:16 INFO  [http-nio-8100-exec-1] c.k.p.s.impl.ProductServiceImpl - Mapping DbProductImage to ProductImageEntity: DbProductImage(id=null, imageUrl=http://localhost:9000/ecommerce-public/2025/product-images/jpg/september/06/20220320_170114.jpg, metadata=Front view, powered on, sortOrder=1, storageId=68bbad959b5b045866f771a2, isValid=null, productId=null)
2025-09-07 11:41:16 INFO  [http-nio-8100-exec-1] c.k.p.s.impl.ProductServiceImpl - Mapping DbProductImage to ProductImageEntity: DbProductImage(id=null, imageUrl=http://localhost:9000/ecommerce-public/2025/product-images/jpg/september/06/20220320_170114.jpg, metadata=Side profile, slim design, sortOrder=2, storageId=68bbad959b5b045866f771a2, isValid=null, productId=null)
2025-09-07 11:41:16 INFO  [http-nio-8100-exec-1] c.k.p.s.impl.ProductServiceImpl - Mapping DbProductImage to ProductImageEntity: DbProductImage(id=null, imageUrl=http://localhost:9000/ecommerce-public/2025/product-images/jpg/september/06/20220320_170114.jpg, metadata=Back panel with HDMI ports, sortOrder=3, storageId=68bbad959b5b045866f771a2, isValid=null, productId=null)
2025-09-07 11:41:16 INFO  [http-nio-8100-exec-1] c.k.p.s.impl.ProductServiceImpl - Update products -> 
2025-09-07 11:41:16 DEBUG [http-nio-8100-exec-1] o.s.w.s.m.m.a.HttpEntityMethodProcessor - Using 'application/json', given [*/*] and supported [application/json, application/*+json]
2025-09-07 11:41:16 DEBUG [http-nio-8100-exec-1] o.s.w.s.m.m.a.HttpEntityMethodProcessor - Writing [com.keycloak.common.response.ResponseWrapper@749c1807]
2025-09-07 11:41:16 DEBUG [http-nio-8100-exec-1] o.s.web.servlet.DispatcherServlet - Completed 200 OK
2025-09-07 11:43:06 DEBUG [http-nio-8100-exec-3] o.s.web.servlet.DispatcherServlet - GET "/product/b67f10b8-28f0-4692-8914-d44b1465c941", parameters={}
2025-09-07 11:43:06 DEBUG [http-nio-8100-exec-3] o.s.w.s.m.m.a.RequestMappingHandlerMapping - Mapped to com.keycloak.products.controller.ProductController#getProductById(String)
2025-09-07 11:43:06 INFO  [http-nio-8100-exec-3] c.k.p.s.impl.ProductServiceImpl - Fetching product with ID: b67f10b8-28f0-4692-8914-d44b1465c941
2025-09-07 11:43:06 INFO  [http-nio-8100-exec-3] c.k.p.s.impl.ProductServiceImpl - Mapping ProductEntity to DbProduct: com.keycloak.products.entity.ProductEntity@49165375
2025-09-07 11:43:06 INFO  [http-nio-8100-exec-3] c.k.p.s.impl.ProductServiceImpl - Mapping ProductImageEntity to DbProductImage: com.keycloak.products.entity.ProductImageEntity@5492e42e
2025-09-07 11:43:06 INFO  [http-nio-8100-exec-3] c.k.p.s.impl.ProductServiceImpl - Mapping ProductImageEntity to DbProductImage: com.keycloak.products.entity.ProductImageEntity@e5e153a
2025-09-07 11:43:06 INFO  [http-nio-8100-exec-3] c.k.p.s.impl.ProductServiceImpl - Mapping ProductImageEntity to DbProductImage: com.keycloak.products.entity.ProductImageEntity@705c41fd
2025-09-07 11:43:06 DEBUG [http-nio-8100-exec-3] o.s.w.s.m.m.a.HttpEntityMethodProcessor - Using 'application/json', given [*/*] and supported [application/json, application/*+json]
2025-09-07 11:43:06 DEBUG [http-nio-8100-exec-3] o.s.w.s.m.m.a.HttpEntityMethodProcessor - Writing [com.keycloak.common.response.ResponseWrapper@b0da6d3]
2025-09-07 11:43:06 DEBUG [http-nio-8100-exec-3] o.s.web.servlet.DispatcherServlet - Completed 200 OK
2025-09-07 11:52:54 INFO  [SpringApplicationShutdownHook] o.s.o.j.LocalContainerEntityManagerFactoryBean - Closing JPA EntityManagerFactory for persistence unit 'default'
2025-09-07 11:52:54 INFO  [SpringApplicationShutdownHook] com.zaxxer.hikari.HikariDataSource - EcommerceHikariCP - Shutdown initiated...
2025-09-07 11:52:54 INFO  [SpringApplicationShutdownHook] com.zaxxer.hikari.HikariDataSource - EcommerceHikariCP - Shutdown completed.
2025-09-07 11:53:01 INFO  [main] c.k.products.ProductsApplication - Starting ProductsApplication using Java 17.0.11 with PID 83605 (/Users/davidnjau/Documents/Personal/keycloak/products/target/classes started by davidnjau in /Users/davidnjau/Documents/Personal/keycloak)
2025-09-07 11:53:01 INFO  [main] c.k.products.ProductsApplication - No active profile set, falling back to 1 default profile: "default"
2025-09-07 11:53:05 INFO  [main] o.s.d.r.c.RepositoryConfigurationDelegate - Multiple Spring Data modules found, entering strict repository configuration mode
2025-09-07 11:53:05 INFO  [main] o.s.d.r.c.RepositoryConfigurationDelegate - Bootstrapping Spring Data JPA repositories in DEFAULT mode.
2025-09-07 11:53:05 INFO  [main] o.s.d.r.c.RepositoryConfigurationDelegate - Finished Spring Data repository scanning in 304 ms. Found 3 JPA repository interfaces.
2025-09-07 11:53:06 INFO  [main] o.s.d.r.c.RepositoryConfigurationDelegate - Multiple Spring Data modules found, entering strict repository configuration mode
2025-09-07 11:53:06 INFO  [main] o.s.d.r.c.RepositoryConfigurationDelegate - Bootstrapping Spring Data Redis repositories in DEFAULT mode.
2025-09-07 11:53:06 INFO  [main] o.s.d.r.c.RepositoryConfigurationExtensionSupport - Spring Data Redis - Could not safely identify store assignment for repository candidate interface com.keycloak.products.repository.CategoryRepository; If you want this repository to be a Redis repository, consider annotating your entities with one of these annotations: org.springframework.data.redis.core.RedisHash (preferred), or consider extending one of the following types with your repository: org.springframework.data.keyvalue.repository.KeyValueRepository
2025-09-07 11:53:06 INFO  [main] o.s.d.r.c.RepositoryConfigurationExtensionSupport - Spring Data Redis - Could not safely identify store assignment for repository candidate interface com.keycloak.products.repository.ProductImageEntityRepository; If you want this repository to be a Redis repository, consider annotating your entities with one of these annotations: org.springframework.data.redis.core.RedisHash (preferred), or consider extending one of the following types with your repository: org.springframework.data.keyvalue.repository.KeyValueRepository
2025-09-07 11:53:06 INFO  [main] o.s.d.r.c.RepositoryConfigurationExtensionSupport - Spring Data Redis - Could not safely identify store assignment for repository candidate interface com.keycloak.products.repository.ProductRepository; If you want this repository to be a Redis repository, consider annotating your entities with one of these annotations: org.springframework.data.redis.core.RedisHash (preferred), or consider extending one of the following types with your repository: org.springframework.data.keyvalue.repository.KeyValueRepository
2025-09-07 11:53:06 INFO  [main] o.s.d.r.c.RepositoryConfigurationDelegate - Finished Spring Data repository scanning in 7 ms. Found 0 Redis repository interfaces.
2025-09-07 11:53:06 INFO  [main] o.s.b.w.e.tomcat.TomcatWebServer - Tomcat initialized with port 8100 (http)
2025-09-07 11:53:06 INFO  [main] o.a.coyote.http11.Http11NioProtocol - Initializing ProtocolHandler ["http-nio-8100"]
2025-09-07 11:53:06 INFO  [main] o.a.catalina.core.StandardService - Starting service [Tomcat]
2025-09-07 11:53:06 INFO  [main] o.a.catalina.core.StandardEngine - Starting Servlet engine: [Apache Tomcat/10.1.18]
2025-09-07 11:53:07 INFO  [main] o.a.c.c.C.[Tomcat].[localhost].[/] - Initializing Spring embedded WebApplicationContext
2025-09-07 11:53:07 INFO  [main] o.s.b.w.s.c.ServletWebServerApplicationContext - Root WebApplicationContext: initialization completed in 5520 ms
2025-09-07 11:53:07 INFO  [main] o.h.jpa.internal.util.LogHelper - HHH000204: Processing PersistenceUnitInfo [name: default]
2025-09-07 11:53:07 INFO  [main] org.hibernate.Version - HHH000412: Hibernate ORM core version 6.4.1.Final
2025-09-07 11:53:07 INFO  [main] o.h.c.i.RegionFactoryInitiator - HHH000026: Second-level cache disabled
2025-09-07 11:53:07 INFO  [main] o.s.o.j.p.SpringPersistenceUnitInfo - No LoadTimeWeaver setup: ignoring JPA class transformer
2025-09-07 11:53:07 INFO  [main] com.zaxxer.hikari.HikariDataSource - EcommerceHikariCP - Starting...
2025-09-07 11:53:07 INFO  [main] com.zaxxer.hikari.pool.HikariPool - EcommerceHikariCP - Added connection org.postgresql.jdbc.PgConnection@749f61a3
2025-09-07 11:53:07 INFO  [main] com.zaxxer.hikari.HikariDataSource - EcommerceHikariCP - Start completed.
2025-09-07 11:53:07 WARN  [main] org.hibernate.orm.deprecation - HHH90000025: PostgreSQLDialect does not need to be specified explicitly using 'hibernate.dialect' (remove the property setting and it will be selected by default)
2025-09-07 11:53:08 INFO  [main] o.h.e.t.j.p.i.JtaPlatformInitiator - HHH000489: No JTA platform available (set 'hibernate.transaction.jta.platform' to enable JTA platform integration)
2025-09-07 11:53:08 INFO  [main] o.s.o.j.LocalContainerEntityManagerFactoryBean - Initialized JPA EntityManagerFactory for persistence unit 'default'
2025-09-07 11:53:08 INFO  [main] o.s.d.j.r.query.QueryEnhancerFactory - Hibernate is in classpath; If applicable, HQL parser will be used.
2025-09-07 11:53:09 WARN  [main] o.s.b.a.o.j.JpaBaseConfiguration$JpaWebConfiguration - spring.jpa.open-in-view is enabled by default. Therefore, database queries may be performed during view rendering. Explicitly configure spring.jpa.open-in-view to disable this warning
2025-09-07 11:53:09 DEBUG [main] o.s.w.s.m.m.a.RequestMappingHandlerMapping - 15 mappings in 'requestMappingHandlerMapping'
2025-09-07 11:53:09 DEBUG [main] o.s.w.s.m.m.a.RequestMappingHandlerAdapter - ControllerAdvice beans: 0 @ModelAttribute, 0 @InitBinder, 1 RequestBodyAdvice, 1 ResponseBodyAdvice
2025-09-07 11:53:09 DEBUG [main] o.s.w.s.m.m.a.ExceptionHandlerExceptionResolver - ControllerAdvice beans: 1 @ExceptionHandler, 1 ResponseBodyAdvice
2025-09-07 11:53:09 INFO  [main] o.a.coyote.http11.Http11NioProtocol - Starting ProtocolHandler ["http-nio-8100"]
2025-09-07 11:53:09 INFO  [main] o.s.b.w.e.tomcat.TomcatWebServer - Tomcat started on port 8100 (http) with context path ''
2025-09-07 11:53:09 INFO  [main] c.k.products.ProductsApplication - Started ProductsApplication in 9.778 seconds (process running for 10.495)
2025-09-07 11:53:43 INFO  [http-nio-8100-exec-1] o.a.c.c.C.[Tomcat].[localhost].[/] - Initializing Spring DispatcherServlet 'dispatcherServlet'
2025-09-07 11:53:43 INFO  [http-nio-8100-exec-1] o.s.web.servlet.DispatcherServlet - Initializing Servlet 'dispatcherServlet'
2025-09-07 11:53:43 DEBUG [http-nio-8100-exec-1] o.s.web.servlet.DispatcherServlet - Detected StandardServletMultipartResolver
2025-09-07 11:53:43 DEBUG [http-nio-8100-exec-1] o.s.web.servlet.DispatcherServlet - Detected AcceptHeaderLocaleResolver
2025-09-07 11:53:43 DEBUG [http-nio-8100-exec-1] o.s.web.servlet.DispatcherServlet - Detected FixedThemeResolver
2025-09-07 11:53:43 DEBUG [http-nio-8100-exec-1] o.s.web.servlet.DispatcherServlet - Detected org.springframework.web.servlet.view.DefaultRequestToViewNameTranslator@2416378c
2025-09-07 11:53:43 DEBUG [http-nio-8100-exec-1] o.s.web.servlet.DispatcherServlet - Detected org.springframework.web.servlet.support.SessionFlashMapManager@18563d10
2025-09-07 11:53:43 DEBUG [http-nio-8100-exec-1] o.s.web.servlet.DispatcherServlet - enableLoggingRequestDetails='true': request parameters and headers will be shown which may lead to unsafe logging of potentially sensitive data
2025-09-07 11:53:43 INFO  [http-nio-8100-exec-1] o.s.web.servlet.DispatcherServlet - Completed initialization in 42 ms
2025-09-07 11:53:43 DEBUG [http-nio-8100-exec-1] o.s.web.servlet.DispatcherServlet - PUT "/product/update/b67f10b8-28f0-4692-8914-d44b1465c941", parameters={}
2025-09-07 11:53:43 DEBUG [http-nio-8100-exec-1] o.s.w.s.m.m.a.RequestMappingHandlerMapping - Mapped to com.keycloak.products.controller.ProductController#updateProduct(String, DbProduct)
2025-09-07 11:53:43 DEBUG [http-nio-8100-exec-1] o.s.w.s.m.m.a.RequestResponseBodyMethodProcessor - Read "application/json;charset=UTF-8" to [DbProduct(id=null, name=, description=, oldPrice=0, oldPriceCurrency=KES, newPrice=0, newPriceCurren (truncated)...]
2025-09-07 11:53:43 INFO  [http-nio-8100-exec-1] c.k.p.s.impl.ProductServiceImpl - Updating product with ID: b67f10b8-28f0-4692-8914-d44b1465c941
2025-09-07 11:53:44 INFO  [http-nio-8100-exec-1] c.k.p.s.impl.ProductServiceImpl - Mapping DbProductImage to ProductImageEntity: DbProductImage(id=null, imageUrl=http://localhost:9000/ecommerce-public/2025/product-images/jpg/september/06/20220320_170114.jpg, metadata=Front view, powered on, sortOrder=1, storageId=68bbad959b5b045866f771a2, isValid=null, productId=null)
2025-09-07 11:53:44 INFO  [http-nio-8100-exec-1] c.k.p.s.impl.ProductServiceImpl - Mapping DbProductImage to ProductImageEntity: DbProductImage(id=null, imageUrl=http://localhost:9000/ecommerce-public/2025/product-images/jpg/september/06/20220320_170114.jpg, metadata=Side profile, slim design, sortOrder=2, storageId=68bbad959b5b045866f771a2, isValid=null, productId=null)
2025-09-07 11:53:44 INFO  [http-nio-8100-exec-1] c.k.p.s.impl.ProductServiceImpl - Mapping DbProductImage to ProductImageEntity: DbProductImage(id=null, imageUrl=http://localhost:9000/ecommerce-public/2025/product-images/jpg/september/06/20220320_170114.jpg, metadata=Back panel with HDMI ports, sortOrder=3, storageId=68bbad959b5b045866f771a2, isValid=null, productId=null)
2025-09-07 11:53:44 DEBUG [http-nio-8100-exec-1] o.s.w.s.m.m.a.ExceptionHandlerExceptionResolver - Using @ExceptionHandler com.keycloak.common.exception.GlobalExceptionHandler#handleGenericException(Exception)
2025-09-07 11:53:44 DEBUG [http-nio-8100-exec-1] o.s.w.s.m.m.a.HttpEntityMethodProcessor - Using 'application/json', given [*/*] and supported [application/json, application/*+json]
2025-09-07 11:53:44 DEBUG [http-nio-8100-exec-1] o.s.w.s.m.m.a.HttpEntityMethodProcessor - Writing [com.keycloak.common.response.ResponseWrapper@13afd1b0]
2025-09-07 11:53:44 DEBUG [http-nio-8100-exec-1] o.s.w.s.m.m.a.ExceptionHandlerExceptionResolver - Resolved [java.lang.RuntimeException: org.springframework.dao.InvalidDataAccessApiUsageException: The given id must not be null]
2025-09-07 11:53:44 DEBUG [http-nio-8100-exec-1] o.s.web.servlet.DispatcherServlet - Completed 500 INTERNAL_SERVER_ERROR
2025-09-07 11:54:20 INFO  [SpringApplicationShutdownHook] o.s.o.j.LocalContainerEntityManagerFactoryBean - Closing JPA EntityManagerFactory for persistence unit 'default'
2025-09-07 11:54:20 INFO  [SpringApplicationShutdownHook] com.zaxxer.hikari.HikariDataSource - EcommerceHikariCP - Shutdown initiated...
2025-09-07 11:54:20 INFO  [SpringApplicationShutdownHook] com.zaxxer.hikari.HikariDataSource - EcommerceHikariCP - Shutdown completed.
2025-09-07 11:54:22 INFO  [main] c.k.products.ProductsApplication - Starting ProductsApplication using Java 17.0.11 with PID 83755 (/Users/davidnjau/Documents/Personal/keycloak/products/target/classes started by davidnjau in /Users/davidnjau/Documents/Personal/keycloak)
2025-09-07 11:54:22 INFO  [main] c.k.products.ProductsApplication - No active profile set, falling back to 1 default profile: "default"
2025-09-07 11:54:23 INFO  [main] o.s.d.r.c.RepositoryConfigurationDelegate - Multiple Spring Data modules found, entering strict repository configuration mode
2025-09-07 11:54:23 INFO  [main] o.s.d.r.c.RepositoryConfigurationDelegate - Bootstrapping Spring Data JPA repositories in DEFAULT mode.
2025-09-07 11:54:23 INFO  [main] o.s.d.r.c.RepositoryConfigurationDelegate - Finished Spring Data repository scanning in 108 ms. Found 3 JPA repository interfaces.
2025-09-07 11:54:23 INFO  [main] o.s.d.r.c.RepositoryConfigurationDelegate - Multiple Spring Data modules found, entering strict repository configuration mode
2025-09-07 11:54:23 INFO  [main] o.s.d.r.c.RepositoryConfigurationDelegate - Bootstrapping Spring Data Redis repositories in DEFAULT mode.
2025-09-07 11:54:23 INFO  [main] o.s.d.r.c.RepositoryConfigurationExtensionSupport - Spring Data Redis - Could not safely identify store assignment for repository candidate interface com.keycloak.products.repository.CategoryRepository; If you want this repository to be a Redis repository, consider annotating your entities with one of these annotations: org.springframework.data.redis.core.RedisHash (preferred), or consider extending one of the following types with your repository: org.springframework.data.keyvalue.repository.KeyValueRepository
2025-09-07 11:54:23 INFO  [main] o.s.d.r.c.RepositoryConfigurationExtensionSupport - Spring Data Redis - Could not safely identify store assignment for repository candidate interface com.keycloak.products.repository.ProductImageEntityRepository; If you want this repository to be a Redis repository, consider annotating your entities with one of these annotations: org.springframework.data.redis.core.RedisHash (preferred), or consider extending one of the following types with your repository: org.springframework.data.keyvalue.repository.KeyValueRepository
2025-09-07 11:54:23 INFO  [main] o.s.d.r.c.RepositoryConfigurationExtensionSupport - Spring Data Redis - Could not safely identify store assignment for repository candidate interface com.keycloak.products.repository.ProductRepository; If you want this repository to be a Redis repository, consider annotating your entities with one of these annotations: org.springframework.data.redis.core.RedisHash (preferred), or consider extending one of the following types with your repository: org.springframework.data.keyvalue.repository.KeyValueRepository
2025-09-07 11:54:23 INFO  [main] o.s.d.r.c.RepositoryConfigurationDelegate - Finished Spring Data repository scanning in 3 ms. Found 0 Redis repository interfaces.
2025-09-07 11:54:24 INFO  [main] o.s.b.w.e.tomcat.TomcatWebServer - Tomcat initialized with port 8100 (http)
2025-09-07 11:54:24 INFO  [main] o.a.coyote.http11.Http11NioProtocol - Initializing ProtocolHandler ["http-nio-8100"]
2025-09-07 11:54:24 INFO  [main] o.a.catalina.core.StandardService - Starting service [Tomcat]
2025-09-07 11:54:24 INFO  [main] o.a.catalina.core.StandardEngine - Starting Servlet engine: [Apache Tomcat/10.1.18]
2025-09-07 11:54:24 INFO  [main] o.a.c.c.C.[Tomcat].[localhost].[/] - Initializing Spring embedded WebApplicationContext
2025-09-07 11:54:24 INFO  [main] o.s.b.w.s.c.ServletWebServerApplicationContext - Root WebApplicationContext: initialization completed in 1145 ms
2025-09-07 11:54:24 INFO  [main] o.h.jpa.internal.util.LogHelper - HHH000204: Processing PersistenceUnitInfo [name: default]
2025-09-07 11:54:24 INFO  [main] org.hibernate.Version - HHH000412: Hibernate ORM core version 6.4.1.Final
2025-09-07 11:54:24 INFO  [main] o.h.c.i.RegionFactoryInitiator - HHH000026: Second-level cache disabled
2025-09-07 11:54:24 INFO  [main] o.s.o.j.p.SpringPersistenceUnitInfo - No LoadTimeWeaver setup: ignoring JPA class transformer
2025-09-07 11:54:24 INFO  [main] com.zaxxer.hikari.HikariDataSource - EcommerceHikariCP - Starting...
2025-09-07 11:54:24 INFO  [main] com.zaxxer.hikari.pool.HikariPool - EcommerceHikariCP - Added connection org.postgresql.jdbc.PgConnection@4ed19b69
2025-09-07 11:54:24 INFO  [main] com.zaxxer.hikari.HikariDataSource - EcommerceHikariCP - Start completed.
2025-09-07 11:54:24 WARN  [main] org.hibernate.orm.deprecation - HHH90000025: PostgreSQLDialect does not need to be specified explicitly using 'hibernate.dialect' (remove the property setting and it will be selected by default)
2025-09-07 11:54:25 INFO  [main] o.h.e.t.j.p.i.JtaPlatformInitiator - HHH000489: No JTA platform available (set 'hibernate.transaction.jta.platform' to enable JTA platform integration)
2025-09-07 11:54:26 INFO  [main] o.s.o.j.LocalContainerEntityManagerFactoryBean - Initialized JPA EntityManagerFactory for persistence unit 'default'
2025-09-07 11:54:26 INFO  [main] o.s.d.j.r.query.QueryEnhancerFactory - Hibernate is in classpath; If applicable, HQL parser will be used.
2025-09-07 11:54:26 WARN  [main] o.s.b.a.o.j.JpaBaseConfiguration$JpaWebConfiguration - spring.jpa.open-in-view is enabled by default. Therefore, database queries may be performed during view rendering. Explicitly configure spring.jpa.open-in-view to disable this warning
2025-09-07 11:54:26 DEBUG [main] o.s.w.s.m.m.a.RequestMappingHandlerMapping - 15 mappings in 'requestMappingHandlerMapping'
2025-09-07 11:54:26 DEBUG [main] o.s.w.s.m.m.a.RequestMappingHandlerAdapter - ControllerAdvice beans: 0 @ModelAttribute, 0 @InitBinder, 1 RequestBodyAdvice, 1 ResponseBodyAdvice
2025-09-07 11:54:26 DEBUG [main] o.s.w.s.m.m.a.ExceptionHandlerExceptionResolver - ControllerAdvice beans: 1 @ExceptionHandler, 1 ResponseBodyAdvice
2025-09-07 11:54:26 INFO  [main] o.a.coyote.http11.Http11NioProtocol - Starting ProtocolHandler ["http-nio-8100"]
2025-09-07 11:54:27 INFO  [main] o.s.b.w.e.tomcat.TomcatWebServer - Tomcat started on port 8100 (http) with context path ''
2025-09-07 11:54:27 INFO  [main] c.k.products.ProductsApplication - Started ProductsApplication in 4.5 seconds (process running for 4.908)
2025-09-07 11:55:48 INFO  [http-nio-8100-exec-1] o.a.c.c.C.[Tomcat].[localhost].[/] - Initializing Spring DispatcherServlet 'dispatcherServlet'
2025-09-07 11:55:48 INFO  [http-nio-8100-exec-1] o.s.web.servlet.DispatcherServlet - Initializing Servlet 'dispatcherServlet'
2025-09-07 11:55:48 DEBUG [http-nio-8100-exec-1] o.s.web.servlet.DispatcherServlet - Detected StandardServletMultipartResolver
2025-09-07 11:55:48 DEBUG [http-nio-8100-exec-1] o.s.web.servlet.DispatcherServlet - Detected AcceptHeaderLocaleResolver
2025-09-07 11:55:48 DEBUG [http-nio-8100-exec-1] o.s.web.servlet.DispatcherServlet - Detected FixedThemeResolver
2025-09-07 11:55:48 DEBUG [http-nio-8100-exec-1] o.s.web.servlet.DispatcherServlet - Detected org.springframework.web.servlet.view.DefaultRequestToViewNameTranslator@623dac3
2025-09-07 11:55:48 DEBUG [http-nio-8100-exec-1] o.s.web.servlet.DispatcherServlet - Detected org.springframework.web.servlet.support.SessionFlashMapManager@120bb5b5
2025-09-07 11:55:48 DEBUG [http-nio-8100-exec-1] o.s.web.servlet.DispatcherServlet - enableLoggingRequestDetails='true': request parameters and headers will be shown which may lead to unsafe logging of potentially sensitive data
2025-09-07 11:55:48 INFO  [http-nio-8100-exec-1] o.s.web.servlet.DispatcherServlet - Completed initialization in 15 ms
2025-09-07 11:55:48 DEBUG [http-nio-8100-exec-1] o.s.web.servlet.DispatcherServlet - PUT "/product/update/b67f10b8-28f0-4692-8914-d44b1465c941", parameters={}
2025-09-07 11:55:48 DEBUG [http-nio-8100-exec-1] o.s.w.s.m.m.a.RequestMappingHandlerMapping - Mapped to com.keycloak.products.controller.ProductController#updateProduct(String, DbProduct)
2025-09-07 11:55:48 DEBUG [http-nio-8100-exec-1] o.s.w.s.m.m.a.RequestResponseBodyMethodProcessor - Read "application/json;charset=UTF-8" to [DbProduct(id=null, name=, description=, oldPrice=0, oldPriceCurrency=KES, newPrice=0, newPriceCurren (truncated)...]
2025-09-07 11:55:48 INFO  [http-nio-8100-exec-1] c.k.p.s.impl.ProductServiceImpl - Updating product with ID: b67f10b8-28f0-4692-8914-d44b1465c941
2025-09-07 11:55:49 INFO  [http-nio-8100-exec-1] c.k.p.s.impl.ProductServiceImpl - Mapping DbProductImage to ProductImageEntity: DbProductImage(id=null, imageUrl=http://localhost:9000/ecommerce-public/2025/product-images/jpg/september/06/20220320_170114.jpg, metadata=Front view, powered on, sortOrder=1, storageId=68bbad959b5b045866f771a2, isValid=null, productId=null)
2025-09-07 11:55:49 INFO  [http-nio-8100-exec-1] c.k.p.s.impl.ProductServiceImpl - Mapping DbProductImage to ProductImageEntity: DbProductImage(id=null, imageUrl=http://localhost:9000/ecommerce-public/2025/product-images/jpg/september/06/20220320_170114.jpg, metadata=Side profile, slim design, sortOrder=2, storageId=68bbad959b5b045866f771a2, isValid=null, productId=null)
2025-09-07 11:55:49 INFO  [http-nio-8100-exec-1] c.k.p.s.impl.ProductServiceImpl - Mapping DbProductImage to ProductImageEntity: DbProductImage(id=null, imageUrl=http://localhost:9000/ecommerce-public/2025/product-images/jpg/september/06/20220320_170114.jpg, metadata=Back panel with HDMI ports, sortOrder=3, storageId=68bbad959b5b045866f771a2, isValid=null, productId=null)
2025-09-07 11:55:49 DEBUG [http-nio-8100-exec-1] o.s.w.s.m.m.a.ExceptionHandlerExceptionResolver - Using @ExceptionHandler com.keycloak.common.exception.GlobalExceptionHandler#handleGenericException(Exception)
2025-09-07 11:55:49 DEBUG [http-nio-8100-exec-1] o.s.w.s.m.m.a.HttpEntityMethodProcessor - Using 'application/json', given [*/*] and supported [application/json, application/*+json]
2025-09-07 11:55:49 DEBUG [http-nio-8100-exec-1] o.s.w.s.m.m.a.HttpEntityMethodProcessor - Writing [com.keycloak.common.response.ResponseWrapper@4da78f3b]
2025-09-07 11:55:49 DEBUG [http-nio-8100-exec-1] o.s.w.s.m.m.a.ExceptionHandlerExceptionResolver - Resolved [java.lang.RuntimeException: org.springframework.dao.InvalidDataAccessApiUsageException: The given id must not be null]
2025-09-07 11:55:49 DEBUG [http-nio-8100-exec-1] o.s.web.servlet.DispatcherServlet - Completed 500 INTERNAL_SERVER_ERROR
2025-09-07 12:18:34 INFO  [SpringApplicationShutdownHook] o.s.o.j.LocalContainerEntityManagerFactoryBean - Closing JPA EntityManagerFactory for persistence unit 'default'
2025-09-07 12:18:34 INFO  [SpringApplicationShutdownHook] com.zaxxer.hikari.HikariDataSource - EcommerceHikariCP - Shutdown initiated...
2025-09-07 12:18:34 INFO  [SpringApplicationShutdownHook] com.zaxxer.hikari.HikariDataSource - EcommerceHikariCP - Shutdown completed.
2025-09-07 12:18:41 INFO  [main] c.k.products.ProductsApplication - Starting ProductsApplication using Java 17.0.11 with PID 85420 (/Users/davidnjau/Documents/Personal/keycloak/products/target/classes started by davidnjau in /Users/davidnjau/Documents/Personal/keycloak)
2025-09-07 12:18:41 INFO  [main] c.k.products.ProductsApplication - No active profile set, falling back to 1 default profile: "default"
2025-09-07 12:18:42 INFO  [main] o.s.d.r.c.RepositoryConfigurationDelegate - Multiple Spring Data modules found, entering strict repository configuration mode
2025-09-07 12:18:42 INFO  [main] o.s.d.r.c.RepositoryConfigurationDelegate - Bootstrapping Spring Data JPA repositories in DEFAULT mode.
2025-09-07 12:18:42 INFO  [main] o.s.d.r.c.RepositoryConfigurationDelegate - Finished Spring Data repository scanning in 109 ms. Found 3 JPA repository interfaces.
2025-09-07 12:18:42 INFO  [main] o.s.d.r.c.RepositoryConfigurationDelegate - Multiple Spring Data modules found, entering strict repository configuration mode
2025-09-07 12:18:42 INFO  [main] o.s.d.r.c.RepositoryConfigurationDelegate - Bootstrapping Spring Data Redis repositories in DEFAULT mode.
2025-09-07 12:18:42 INFO  [main] o.s.d.r.c.RepositoryConfigurationExtensionSupport - Spring Data Redis - Could not safely identify store assignment for repository candidate interface com.keycloak.products.repository.CategoryRepository; If you want this repository to be a Redis repository, consider annotating your entities with one of these annotations: org.springframework.data.redis.core.RedisHash (preferred), or consider extending one of the following types with your repository: org.springframework.data.keyvalue.repository.KeyValueRepository
2025-09-07 12:18:42 INFO  [main] o.s.d.r.c.RepositoryConfigurationExtensionSupport - Spring Data Redis - Could not safely identify store assignment for repository candidate interface com.keycloak.products.repository.ProductImageEntityRepository; If you want this repository to be a Redis repository, consider annotating your entities with one of these annotations: org.springframework.data.redis.core.RedisHash (preferred), or consider extending one of the following types with your repository: org.springframework.data.keyvalue.repository.KeyValueRepository
2025-09-07 12:18:42 INFO  [main] o.s.d.r.c.RepositoryConfigurationExtensionSupport - Spring Data Redis - Could not safely identify store assignment for repository candidate interface com.keycloak.products.repository.ProductRepository; If you want this repository to be a Redis repository, consider annotating your entities with one of these annotations: org.springframework.data.redis.core.RedisHash (preferred), or consider extending one of the following types with your repository: org.springframework.data.keyvalue.repository.KeyValueRepository
2025-09-07 12:18:42 INFO  [main] o.s.d.r.c.RepositoryConfigurationDelegate - Finished Spring Data repository scanning in 5 ms. Found 0 Redis repository interfaces.
2025-09-07 12:18:42 INFO  [main] o.s.b.w.e.tomcat.TomcatWebServer - Tomcat initialized with port 8100 (http)
2025-09-07 12:18:42 INFO  [main] o.a.coyote.http11.Http11NioProtocol - Initializing ProtocolHandler ["http-nio-8100"]
2025-09-07 12:18:42 INFO  [main] o.a.catalina.core.StandardService - Starting service [Tomcat]
2025-09-07 12:18:42 INFO  [main] o.a.catalina.core.StandardEngine - Starting Servlet engine: [Apache Tomcat/10.1.18]
2025-09-07 12:18:42 INFO  [main] o.a.c.c.C.[Tomcat].[localhost].[/] - Initializing Spring embedded WebApplicationContext
2025-09-07 12:18:42 INFO  [main] o.s.b.w.s.c.ServletWebServerApplicationContext - Root WebApplicationContext: initialization completed in 1318 ms
2025-09-07 12:18:42 INFO  [main] o.h.jpa.internal.util.LogHelper - HHH000204: Processing PersistenceUnitInfo [name: default]
2025-09-07 12:18:43 INFO  [main] org.hibernate.Version - HHH000412: Hibernate ORM core version 6.4.1.Final
2025-09-07 12:18:43 INFO  [main] o.h.c.i.RegionFactoryInitiator - HHH000026: Second-level cache disabled
2025-09-07 12:18:43 INFO  [main] o.s.o.j.p.SpringPersistenceUnitInfo - No LoadTimeWeaver setup: ignoring JPA class transformer
2025-09-07 12:18:43 INFO  [main] com.zaxxer.hikari.HikariDataSource - EcommerceHikariCP - Starting...
2025-09-07 12:18:43 INFO  [main] com.zaxxer.hikari.pool.HikariPool - EcommerceHikariCP - Added connection org.postgresql.jdbc.PgConnection@6f65aa58
2025-09-07 12:18:43 INFO  [main] com.zaxxer.hikari.HikariDataSource - EcommerceHikariCP - Start completed.
2025-09-07 12:18:43 WARN  [main] org.hibernate.orm.deprecation - HHH90000025: PostgreSQLDialect does not need to be specified explicitly using 'hibernate.dialect' (remove the property setting and it will be selected by default)
2025-09-07 12:18:44 INFO  [main] o.h.e.t.j.p.i.JtaPlatformInitiator - HHH000489: No JTA platform available (set 'hibernate.transaction.jta.platform' to enable JTA platform integration)
2025-09-07 12:18:44 INFO  [main] o.s.o.j.LocalContainerEntityManagerFactoryBean - Initialized JPA EntityManagerFactory for persistence unit 'default'
2025-09-07 12:18:44 INFO  [main] o.s.d.j.r.query.QueryEnhancerFactory - Hibernate is in classpath; If applicable, HQL parser will be used.
2025-09-07 12:18:45 WARN  [main] o.s.b.a.o.j.JpaBaseConfiguration$JpaWebConfiguration - spring.jpa.open-in-view is enabled by default. Therefore, database queries may be performed during view rendering. Explicitly configure spring.jpa.open-in-view to disable this warning
2025-09-07 12:18:45 DEBUG [main] o.s.w.s.m.m.a.RequestMappingHandlerMapping - 15 mappings in 'requestMappingHandlerMapping'
2025-09-07 12:18:45 DEBUG [main] o.s.w.s.m.m.a.RequestMappingHandlerAdapter - ControllerAdvice beans: 0 @ModelAttribute, 0 @InitBinder, 1 RequestBodyAdvice, 1 ResponseBodyAdvice
2025-09-07 12:18:46 DEBUG [main] o.s.w.s.m.m.a.ExceptionHandlerExceptionResolver - ControllerAdvice beans: 1 @ExceptionHandler, 1 ResponseBodyAdvice
2025-09-07 12:18:46 INFO  [main] o.a.coyote.http11.Http11NioProtocol - Starting ProtocolHandler ["http-nio-8100"]
2025-09-07 12:18:46 INFO  [main] o.s.b.w.e.tomcat.TomcatWebServer - Tomcat started on port 8100 (http) with context path ''
2025-09-07 12:18:46 INFO  [main] c.k.products.ProductsApplication - Started ProductsApplication in 5.371 seconds (process running for 5.88)
2025-09-07 12:19:01 INFO  [http-nio-8100-exec-1] o.a.c.c.C.[Tomcat].[localhost].[/] - Initializing Spring DispatcherServlet 'dispatcherServlet'
2025-09-07 12:19:01 INFO  [http-nio-8100-exec-1] o.s.web.servlet.DispatcherServlet - Initializing Servlet 'dispatcherServlet'
2025-09-07 12:19:01 DEBUG [http-nio-8100-exec-1] o.s.web.servlet.DispatcherServlet - Detected StandardServletMultipartResolver
2025-09-07 12:19:01 DEBUG [http-nio-8100-exec-1] o.s.web.servlet.DispatcherServlet - Detected AcceptHeaderLocaleResolver
2025-09-07 12:19:01 DEBUG [http-nio-8100-exec-1] o.s.web.servlet.DispatcherServlet - Detected FixedThemeResolver
2025-09-07 12:19:01 DEBUG [http-nio-8100-exec-1] o.s.web.servlet.DispatcherServlet - Detected org.springframework.web.servlet.view.DefaultRequestToViewNameTranslator@586f1bef
2025-09-07 12:19:01 DEBUG [http-nio-8100-exec-1] o.s.web.servlet.DispatcherServlet - Detected org.springframework.web.servlet.support.SessionFlashMapManager@17f8c75e
2025-09-07 12:19:01 DEBUG [http-nio-8100-exec-1] o.s.web.servlet.DispatcherServlet - enableLoggingRequestDetails='true': request parameters and headers will be shown which may lead to unsafe logging of potentially sensitive data
2025-09-07 12:19:01 INFO  [http-nio-8100-exec-1] o.s.web.servlet.DispatcherServlet - Completed initialization in 27 ms
2025-09-07 12:19:01 DEBUG [http-nio-8100-exec-1] o.s.web.servlet.DispatcherServlet - PUT "/product/update/b67f10b8-28f0-4692-8914-d44b1465c941", parameters={}
2025-09-07 12:19:01 DEBUG [http-nio-8100-exec-1] o.s.w.s.m.m.a.RequestMappingHandlerMapping - Mapped to com.keycloak.products.controller.ProductController#updateProduct(String, DbProduct)
2025-09-07 12:19:01 DEBUG [http-nio-8100-exec-1] o.s.w.s.m.m.a.RequestResponseBodyMethodProcessor - Read "application/json;charset=UTF-8" to [DbProduct(id=null, name=, description=, oldPrice=0, oldPriceCurrency=KES, newPrice=0, newPriceCurren (truncated)...]
2025-09-07 12:19:01 INFO  [http-nio-8100-exec-1] c.k.p.s.impl.ProductServiceImpl - Updating product with ID: b67f10b8-28f0-4692-8914-d44b1465c941
2025-09-07 12:19:02 INFO  [http-nio-8100-exec-1] c.k.p.s.impl.ProductServiceImpl - Update products -> 
2025-09-07 12:19:02 DEBUG [http-nio-8100-exec-1] o.s.w.s.m.m.a.HttpEntityMethodProcessor - Using 'application/json', given [*/*] and supported [application/json, application/*+json]
2025-09-07 12:19:02 DEBUG [http-nio-8100-exec-1] o.s.w.s.m.m.a.HttpEntityMethodProcessor - Writing [com.keycloak.common.response.ResponseWrapper@6fc9f365]
2025-09-07 12:19:02 DEBUG [http-nio-8100-exec-1] o.s.web.servlet.DispatcherServlet - Completed 200 OK
2025-09-07 12:41:04 INFO  [SpringApplicationShutdownHook] o.s.o.j.LocalContainerEntityManagerFactoryBean - Closing JPA EntityManagerFactory for persistence unit 'default'
2025-09-07 12:41:04 INFO  [SpringApplicationShutdownHook] com.zaxxer.hikari.HikariDataSource - EcommerceHikariCP - Shutdown initiated...
2025-09-07 12:41:04 INFO  [SpringApplicationShutdownHook] com.zaxxer.hikari.HikariDataSource - EcommerceHikariCP - Shutdown completed.
2025-09-07 12:41:10 INFO  [main] c.k.products.ProductsApplication - Starting ProductsApplication using Java 17.0.11 with PID 87416 (/Users/davidnjau/Documents/Personal/keycloak/products/target/classes started by davidnjau in /Users/davidnjau/Documents/Personal/keycloak)
2025-09-07 12:41:10 INFO  [main] c.k.products.ProductsApplication - No active profile set, falling back to 1 default profile: "default"
2025-09-07 12:41:11 INFO  [main] o.s.d.r.c.RepositoryConfigurationDelegate - Multiple Spring Data modules found, entering strict repository configuration mode
2025-09-07 12:41:11 INFO  [main] o.s.d.r.c.RepositoryConfigurationDelegate - Bootstrapping Spring Data JPA repositories in DEFAULT mode.
2025-09-07 12:41:11 INFO  [main] o.s.d.r.c.RepositoryConfigurationDelegate - Finished Spring Data repository scanning in 97 ms. Found 3 JPA repository interfaces.
2025-09-07 12:41:11 INFO  [main] o.s.d.r.c.RepositoryConfigurationDelegate - Multiple Spring Data modules found, entering strict repository configuration mode
2025-09-07 12:41:11 INFO  [main] o.s.d.r.c.RepositoryConfigurationDelegate - Bootstrapping Spring Data Redis repositories in DEFAULT mode.
2025-09-07 12:41:11 INFO  [main] o.s.d.r.c.RepositoryConfigurationExtensionSupport - Spring Data Redis - Could not safely identify store assignment for repository candidate interface com.keycloak.products.repository.CategoryRepository; If you want this repository to be a Redis repository, consider annotating your entities with one of these annotations: org.springframework.data.redis.core.RedisHash (preferred), or consider extending one of the following types with your repository: org.springframework.data.keyvalue.repository.KeyValueRepository
2025-09-07 12:41:11 INFO  [main] o.s.d.r.c.RepositoryConfigurationExtensionSupport - Spring Data Redis - Could not safely identify store assignment for repository candidate interface com.keycloak.products.repository.ProductImageEntityRepository; If you want this repository to be a Redis repository, consider annotating your entities with one of these annotations: org.springframework.data.redis.core.RedisHash (preferred), or consider extending one of the following types with your repository: org.springframework.data.keyvalue.repository.KeyValueRepository
2025-09-07 12:41:11 INFO  [main] o.s.d.r.c.RepositoryConfigurationExtensionSupport - Spring Data Redis - Could not safely identify store assignment for repository candidate interface com.keycloak.products.repository.ProductRepository; If you want this repository to be a Redis repository, consider annotating your entities with one of these annotations: org.springframework.data.redis.core.RedisHash (preferred), or consider extending one of the following types with your repository: org.springframework.data.keyvalue.repository.KeyValueRepository
2025-09-07 12:41:11 INFO  [main] o.s.d.r.c.RepositoryConfigurationDelegate - Finished Spring Data repository scanning in 3 ms. Found 0 Redis repository interfaces.
2025-09-07 12:41:11 INFO  [main] o.s.b.w.e.tomcat.TomcatWebServer - Tomcat initialized with port 8100 (http)
2025-09-07 12:41:11 INFO  [main] o.a.coyote.http11.Http11NioProtocol - Initializing ProtocolHandler ["http-nio-8100"]
2025-09-07 12:41:11 INFO  [main] o.a.catalina.core.StandardService - Starting service [Tomcat]
2025-09-07 12:41:11 INFO  [main] o.a.catalina.core.StandardEngine - Starting Servlet engine: [Apache Tomcat/10.1.18]
2025-09-07 12:41:11 INFO  [main] o.a.c.c.C.[Tomcat].[localhost].[/] - Initializing Spring embedded WebApplicationContext
2025-09-07 12:41:11 INFO  [main] o.s.b.w.s.c.ServletWebServerApplicationContext - Root WebApplicationContext: initialization completed in 1132 ms
2025-09-07 12:41:11 INFO  [main] o.h.jpa.internal.util.LogHelper - HHH000204: Processing PersistenceUnitInfo [name: default]
2025-09-07 12:41:11 INFO  [main] org.hibernate.Version - HHH000412: Hibernate ORM core version 6.4.1.Final
2025-09-07 12:41:11 INFO  [main] o.h.c.i.RegionFactoryInitiator - HHH000026: Second-level cache disabled
2025-09-07 12:41:11 INFO  [main] o.s.o.j.p.SpringPersistenceUnitInfo - No LoadTimeWeaver setup: ignoring JPA class transformer
2025-09-07 12:41:11 INFO  [main] com.zaxxer.hikari.HikariDataSource - EcommerceHikariCP - Starting...
2025-09-07 12:41:12 INFO  [main] com.zaxxer.hikari.pool.HikariPool - EcommerceHikariCP - Added connection org.postgresql.jdbc.PgConnection@6f65aa58
2025-09-07 12:41:12 INFO  [main] com.zaxxer.hikari.HikariDataSource - EcommerceHikariCP - Start completed.
2025-09-07 12:41:12 WARN  [main] org.hibernate.orm.deprecation - HHH90000025: PostgreSQLDialect does not need to be specified explicitly using 'hibernate.dialect' (remove the property setting and it will be selected by default)
2025-09-07 12:41:13 INFO  [main] o.h.e.t.j.p.i.JtaPlatformInitiator - HHH000489: No JTA platform available (set 'hibernate.transaction.jta.platform' to enable JTA platform integration)
2025-09-07 12:41:14 INFO  [main] o.s.o.j.LocalContainerEntityManagerFactoryBean - Initialized JPA EntityManagerFactory for persistence unit 'default'
2025-09-07 12:41:14 INFO  [main] o.s.d.j.r.query.QueryEnhancerFactory - Hibernate is in classpath; If applicable, HQL parser will be used.
2025-09-07 12:41:15 WARN  [main] o.s.b.a.o.j.JpaBaseConfiguration$JpaWebConfiguration - spring.jpa.open-in-view is enabled by default. Therefore, database queries may be performed during view rendering. Explicitly configure spring.jpa.open-in-view to disable this warning
2025-09-07 12:41:15 DEBUG [main] o.s.w.s.m.m.a.RequestMappingHandlerMapping - 15 mappings in 'requestMappingHandlerMapping'
2025-09-07 12:41:15 DEBUG [main] o.s.w.s.m.m.a.RequestMappingHandlerAdapter - ControllerAdvice beans: 0 @ModelAttribute, 0 @InitBinder, 1 RequestBodyAdvice, 1 ResponseBodyAdvice
2025-09-07 12:41:15 DEBUG [main] o.s.w.s.m.m.a.ExceptionHandlerExceptionResolver - ControllerAdvice beans: 1 @ExceptionHandler, 1 ResponseBodyAdvice
2025-09-07 12:41:15 INFO  [main] o.a.coyote.http11.Http11NioProtocol - Starting ProtocolHandler ["http-nio-8100"]
2025-09-07 12:41:15 INFO  [main] o.s.b.w.e.tomcat.TomcatWebServer - Tomcat started on port 8100 (http) with context path ''
2025-09-07 12:41:15 INFO  [main] c.k.products.ProductsApplication - Started ProductsApplication in 5.616 seconds (process running for 5.909)
2025-09-07 12:57:05 INFO  [SpringApplicationShutdownHook] o.s.o.j.LocalContainerEntityManagerFactoryBean - Closing JPA EntityManagerFactory for persistence unit 'default'
2025-09-07 12:57:05 INFO  [SpringApplicationShutdownHook] com.zaxxer.hikari.HikariDataSource - EcommerceHikariCP - Shutdown initiated...
2025-09-07 12:57:05 INFO  [SpringApplicationShutdownHook] com.zaxxer.hikari.HikariDataSource - EcommerceHikariCP - Shutdown completed.
2025-09-07 12:57:12 INFO  [main] c.k.products.ProductsApplication - Starting ProductsApplication using Java 17.0.11 with PID 88497 (/Users/davidnjau/Documents/Personal/keycloak/products/target/classes started by davidnjau in /Users/davidnjau/Documents/Personal/keycloak)
2025-09-07 12:57:12 INFO  [main] c.k.products.ProductsApplication - No active profile set, falling back to 1 default profile: "default"
2025-09-07 12:57:13 INFO  [main] o.s.d.r.c.RepositoryConfigurationDelegate - Multiple Spring Data modules found, entering strict repository configuration mode
2025-09-07 12:57:13 INFO  [main] o.s.d.r.c.RepositoryConfigurationDelegate - Bootstrapping Spring Data JPA repositories in DEFAULT mode.
2025-09-07 12:57:13 INFO  [main] o.s.d.r.c.RepositoryConfigurationDelegate - Finished Spring Data repository scanning in 69 ms. Found 3 JPA repository interfaces.
2025-09-07 12:57:13 INFO  [main] o.s.d.r.c.RepositoryConfigurationDelegate - Multiple Spring Data modules found, entering strict repository configuration mode
2025-09-07 12:57:13 INFO  [main] o.s.d.r.c.RepositoryConfigurationDelegate - Bootstrapping Spring Data Redis repositories in DEFAULT mode.
2025-09-07 12:57:13 INFO  [main] o.s.d.r.c.RepositoryConfigurationExtensionSupport - Spring Data Redis - Could not safely identify store assignment for repository candidate interface com.keycloak.products.repository.CategoryRepository; If you want this repository to be a Redis repository, consider annotating your entities with one of these annotations: org.springframework.data.redis.core.RedisHash (preferred), or consider extending one of the following types with your repository: org.springframework.data.keyvalue.repository.KeyValueRepository
2025-09-07 12:57:13 INFO  [main] o.s.d.r.c.RepositoryConfigurationExtensionSupport - Spring Data Redis - Could not safely identify store assignment for repository candidate interface com.keycloak.products.repository.ProductImageEntityRepository; If you want this repository to be a Redis repository, consider annotating your entities with one of these annotations: org.springframework.data.redis.core.RedisHash (preferred), or consider extending one of the following types with your repository: org.springframework.data.keyvalue.repository.KeyValueRepository
2025-09-07 12:57:13 INFO  [main] o.s.d.r.c.RepositoryConfigurationExtensionSupport - Spring Data Redis - Could not safely identify store assignment for repository candidate interface com.keycloak.products.repository.ProductRepository; If you want this repository to be a Redis repository, consider annotating your entities with one of these annotations: org.springframework.data.redis.core.RedisHash (preferred), or consider extending one of the following types with your repository: org.springframework.data.keyvalue.repository.KeyValueRepository
2025-09-07 12:57:13 INFO  [main] o.s.d.r.c.RepositoryConfigurationDelegate - Finished Spring Data repository scanning in 2 ms. Found 0 Redis repository interfaces.
2025-09-07 12:57:13 INFO  [main] o.s.b.w.e.tomcat.TomcatWebServer - Tomcat initialized with port 8100 (http)
2025-09-07 12:57:13 INFO  [main] o.a.coyote.http11.Http11NioProtocol - Initializing ProtocolHandler ["http-nio-8100"]
2025-09-07 12:57:13 INFO  [main] o.a.catalina.core.StandardService - Starting service [Tomcat]
2025-09-07 12:57:13 INFO  [main] o.a.catalina.core.StandardEngine - Starting Servlet engine: [Apache Tomcat/10.1.18]
2025-09-07 12:57:13 INFO  [main] o.a.c.c.C.[Tomcat].[localhost].[/] - Initializing Spring embedded WebApplicationContext
2025-09-07 12:57:13 INFO  [main] o.s.b.w.s.c.ServletWebServerApplicationContext - Root WebApplicationContext: initialization completed in 1429 ms
2025-09-07 12:57:14 INFO  [main] o.h.jpa.internal.util.LogHelper - HHH000204: Processing PersistenceUnitInfo [name: default]
2025-09-07 12:57:14 INFO  [main] org.hibernate.Version - HHH000412: Hibernate ORM core version 6.4.1.Final
2025-09-07 12:57:14 INFO  [main] o.h.c.i.RegionFactoryInitiator - HHH000026: Second-level cache disabled
2025-09-07 12:57:15 INFO  [main] o.s.o.j.p.SpringPersistenceUnitInfo - No LoadTimeWeaver setup: ignoring JPA class transformer
2025-09-07 12:57:15 INFO  [main] com.zaxxer.hikari.HikariDataSource - EcommerceHikariCP - Starting...
2025-09-07 12:57:15 INFO  [main] com.zaxxer.hikari.pool.HikariPool - EcommerceHikariCP - Added connection org.postgresql.jdbc.PgConnection@77020328
2025-09-07 12:57:15 INFO  [main] com.zaxxer.hikari.HikariDataSource - EcommerceHikariCP - Start completed.
2025-09-07 12:57:15 WARN  [main] org.hibernate.orm.deprecation - HHH90000025: PostgreSQLDialect does not need to be specified explicitly using 'hibernate.dialect' (remove the property setting and it will be selected by default)
2025-09-07 12:57:15 INFO  [main] o.h.e.t.j.p.i.JtaPlatformInitiator - HHH000489: No JTA platform available (set 'hibernate.transaction.jta.platform' to enable JTA platform integration)
2025-09-07 12:57:16 INFO  [main] o.s.o.j.LocalContainerEntityManagerFactoryBean - Initialized JPA EntityManagerFactory for persistence unit 'default'
2025-09-07 12:57:16 INFO  [main] o.s.d.j.r.query.QueryEnhancerFactory - Hibernate is in classpath; If applicable, HQL parser will be used.
2025-09-07 12:57:16 WARN  [main] o.s.b.a.o.j.JpaBaseConfiguration$JpaWebConfiguration - spring.jpa.open-in-view is enabled by default. Therefore, database queries may be performed during view rendering. Explicitly configure spring.jpa.open-in-view to disable this warning
2025-09-07 12:57:16 DEBUG [main] o.s.w.s.m.m.a.RequestMappingHandlerMapping - 15 mappings in 'requestMappingHandlerMapping'
2025-09-07 12:57:16 DEBUG [main] o.s.w.s.m.m.a.RequestMappingHandlerAdapter - ControllerAdvice beans: 0 @ModelAttribute, 0 @InitBinder, 1 RequestBodyAdvice, 1 ResponseBodyAdvice
2025-09-07 12:57:16 DEBUG [main] o.s.w.s.m.m.a.ExceptionHandlerExceptionResolver - ControllerAdvice beans: 1 @ExceptionHandler, 1 ResponseBodyAdvice
2025-09-07 12:57:17 INFO  [main] o.a.coyote.http11.Http11NioProtocol - Starting ProtocolHandler ["http-nio-8100"]
2025-09-07 12:57:17 INFO  [main] o.s.b.w.e.tomcat.TomcatWebServer - Tomcat started on port 8100 (http) with context path ''
2025-09-07 12:57:17 INFO  [main] c.k.products.ProductsApplication - Started ProductsApplication in 5.223 seconds (process running for 5.688)
2025-09-07 12:57:53 INFO  [http-nio-8100-exec-1] o.a.c.c.C.[Tomcat].[localhost].[/] - Initializing Spring DispatcherServlet 'dispatcherServlet'
2025-09-07 12:57:53 INFO  [http-nio-8100-exec-1] o.s.web.servlet.DispatcherServlet - Initializing Servlet 'dispatcherServlet'
2025-09-07 12:57:53 DEBUG [http-nio-8100-exec-1] o.s.web.servlet.DispatcherServlet - Detected StandardServletMultipartResolver
2025-09-07 12:57:53 DEBUG [http-nio-8100-exec-1] o.s.web.servlet.DispatcherServlet - Detected AcceptHeaderLocaleResolver
2025-09-07 12:57:53 DEBUG [http-nio-8100-exec-1] o.s.web.servlet.DispatcherServlet - Detected FixedThemeResolver
2025-09-07 12:57:53 DEBUG [http-nio-8100-exec-1] o.s.web.servlet.DispatcherServlet - Detected org.springframework.web.servlet.view.DefaultRequestToViewNameTranslator@397ff526
2025-09-07 12:57:53 DEBUG [http-nio-8100-exec-1] o.s.web.servlet.DispatcherServlet - Detected org.springframework.web.servlet.support.SessionFlashMapManager@2e78213c
2025-09-07 12:57:53 DEBUG [http-nio-8100-exec-1] o.s.web.servlet.DispatcherServlet - enableLoggingRequestDetails='true': request parameters and headers will be shown which may lead to unsafe logging of potentially sensitive data
2025-09-07 12:57:53 INFO  [http-nio-8100-exec-1] o.s.web.servlet.DispatcherServlet - Completed initialization in 11 ms
2025-09-07 12:57:53 DEBUG [http-nio-8100-exec-1] o.s.web.servlet.DispatcherServlet - PUT "/product/update/b67f10b8-28f0-4692-8914-d44b1465c941", parameters={}
2025-09-07 12:57:53 DEBUG [http-nio-8100-exec-1] o.s.w.s.m.m.a.RequestMappingHandlerMapping - Mapped to com.keycloak.products.controller.ProductController#updateProduct(String, DbProduct)
2025-09-07 12:57:54 DEBUG [http-nio-8100-exec-1] o.s.w.s.m.m.a.RequestResponseBodyMethodProcessor - Read "application/json;charset=UTF-8" to [DbProduct(id=null, name=, description=, oldPrice=0, oldPriceCurrency=KES, newPrice=0, newPriceCurren (truncated)...]
2025-09-07 12:57:54 INFO  [http-nio-8100-exec-1] c.k.p.s.impl.ProductServiceImpl - Updating product with ID: b67f10b8-28f0-4692-8914-d44b1465c941
2025-09-07 12:57:54 DEBUG [http-nio-8100-exec-1] o.s.w.s.m.m.a.ExceptionHandlerExceptionResolver - Using @ExceptionHandler com.keycloak.common.exception.GlobalExceptionHandler#handleGenericException(Exception)
2025-09-07 12:57:54 DEBUG [http-nio-8100-exec-1] o.s.w.s.m.m.a.HttpEntityMethodProcessor - Using 'application/json', given [*/*] and supported [application/json, application/*+json]
2025-09-07 12:57:54 DEBUG [http-nio-8100-exec-1] o.s.w.s.m.m.a.HttpEntityMethodProcessor - Writing [com.keycloak.common.response.ResponseWrapper@10baa282]
2025-09-07 12:57:54 DEBUG [http-nio-8100-exec-1] o.s.w.s.m.m.a.ExceptionHandlerExceptionResolver - Resolved [java.lang.RuntimeException: org.springframework.dao.IncorrectResultSizeDataAccessException: Query did not return a unique result: 3 results were returned]
2025-09-07 12:57:54 DEBUG [http-nio-8100-exec-1] o.s.web.servlet.DispatcherServlet - Completed 500 INTERNAL_SERVER_ERROR
2025-09-07 13:01:51 INFO  [SpringApplicationShutdownHook] o.s.o.j.LocalContainerEntityManagerFactoryBean - Closing JPA EntityManagerFactory for persistence unit 'default'
2025-09-07 13:01:51 INFO  [SpringApplicationShutdownHook] com.zaxxer.hikari.HikariDataSource - EcommerceHikariCP - Shutdown initiated...
2025-09-07 13:01:51 INFO  [SpringApplicationShutdownHook] com.zaxxer.hikari.HikariDataSource - EcommerceHikariCP - Shutdown completed.
2025-09-07 13:01:56 INFO  [main] c.k.products.ProductsApplication - Starting ProductsApplication using Java 17.0.11 with PID 88703 (/Users/davidnjau/Documents/Personal/keycloak/products/target/classes started by davidnjau in /Users/davidnjau/Documents/Personal/keycloak)
2025-09-07 13:01:56 INFO  [main] c.k.products.ProductsApplication - No active profile set, falling back to 1 default profile: "default"
2025-09-07 13:01:57 INFO  [main] o.s.d.r.c.RepositoryConfigurationDelegate - Multiple Spring Data modules found, entering strict repository configuration mode
2025-09-07 13:01:57 INFO  [main] o.s.d.r.c.RepositoryConfigurationDelegate - Bootstrapping Spring Data JPA repositories in DEFAULT mode.
2025-09-07 13:01:57 INFO  [main] o.s.d.r.c.RepositoryConfigurationDelegate - Finished Spring Data repository scanning in 83 ms. Found 3 JPA repository interfaces.
2025-09-07 13:01:57 INFO  [main] o.s.d.r.c.RepositoryConfigurationDelegate - Multiple Spring Data modules found, entering strict repository configuration mode
2025-09-07 13:01:57 INFO  [main] o.s.d.r.c.RepositoryConfigurationDelegate - Bootstrapping Spring Data Redis repositories in DEFAULT mode.
2025-09-07 13:01:57 INFO  [main] o.s.d.r.c.RepositoryConfigurationExtensionSupport - Spring Data Redis - Could not safely identify store assignment for repository candidate interface com.keycloak.products.repository.CategoryRepository; If you want this repository to be a Redis repository, consider annotating your entities with one of these annotations: org.springframework.data.redis.core.RedisHash (preferred), or consider extending one of the following types with your repository: org.springframework.data.keyvalue.repository.KeyValueRepository
2025-09-07 13:01:57 INFO  [main] o.s.d.r.c.RepositoryConfigurationExtensionSupport - Spring Data Redis - Could not safely identify store assignment for repository candidate interface com.keycloak.products.repository.ProductImageEntityRepository; If you want this repository to be a Redis repository, consider annotating your entities with one of these annotations: org.springframework.data.redis.core.RedisHash (preferred), or consider extending one of the following types with your repository: org.springframework.data.keyvalue.repository.KeyValueRepository
2025-09-07 13:01:57 INFO  [main] o.s.d.r.c.RepositoryConfigurationExtensionSupport - Spring Data Redis - Could not safely identify store assignment for repository candidate interface com.keycloak.products.repository.ProductRepository; If you want this repository to be a Redis repository, consider annotating your entities with one of these annotations: org.springframework.data.redis.core.RedisHash (preferred), or consider extending one of the following types with your repository: org.springframework.data.keyvalue.repository.KeyValueRepository
2025-09-07 13:01:57 INFO  [main] o.s.d.r.c.RepositoryConfigurationDelegate - Finished Spring Data repository scanning in 2 ms. Found 0 Redis repository interfaces.
2025-09-07 13:01:58 INFO  [main] o.s.b.w.e.tomcat.TomcatWebServer - Tomcat initialized with port 8100 (http)
2025-09-07 13:01:58 INFO  [main] o.a.coyote.http11.Http11NioProtocol - Initializing ProtocolHandler ["http-nio-8100"]
2025-09-07 13:01:58 INFO  [main] o.a.catalina.core.StandardService - Starting service [Tomcat]
2025-09-07 13:01:58 INFO  [main] o.a.catalina.core.StandardEngine - Starting Servlet engine: [Apache Tomcat/10.1.18]
2025-09-07 13:01:58 INFO  [main] o.a.c.c.C.[Tomcat].[localhost].[/] - Initializing Spring embedded WebApplicationContext
2025-09-07 13:01:58 INFO  [main] o.s.b.w.s.c.ServletWebServerApplicationContext - Root WebApplicationContext: initialization completed in 1584 ms
2025-09-07 13:01:58 WARN  [main] o.s.b.w.s.c.AnnotationConfigServletWebServerApplicationContext - Exception encountered during context initialization - cancelling refresh attempt: org.springframework.beans.factory.UnsatisfiedDependencyException: Error creating bean with name 'org.springframework.boot.autoconfigure.orm.jpa.HibernateJpaConfiguration': Unsatisfied dependency expressed through constructor parameter 1: Error creating bean with name 'spring.jpa-org.springframework.boot.autoconfigure.orm.jpa.JpaProperties': Could not bind properties to 'JpaProperties' : prefix=spring.jpa, ignoreInvalidFields=false, ignoreUnknownFields=true
2025-09-07 13:01:58 INFO  [main] o.a.catalina.core.StandardService - Stopping service [Tomcat]
2025-09-07 13:01:58 INFO  [main] o.s.b.a.l.ConditionEvaluationReportLogger - 

Error starting ApplicationContext. To display the condition evaluation report re-run your application with 'debug' enabled.
2025-09-07 13:01:58 ERROR [main] o.s.b.d.LoggingFailureAnalysisReporter - 

***************************
APPLICATION FAILED TO START
***************************

Description:

Failed to bind properties under 'spring.jpa.show-sql' to boolean:

    Property: spring.jpa.show-sql
    Value: "create-drop"
    Origin: class path resource [application.yml] - 51:15
    Reason: failed to convert java.lang.String to boolean (caused by java.lang.IllegalArgumentException: Invalid boolean value 'create-drop')

Action:

Update your application's configuration

2025-09-07 13:02:50 INFO  [main] c.k.products.ProductsApplication - Starting ProductsApplication using Java 17.0.11 with PID 88748 (/Users/davidnjau/Documents/Personal/keycloak/products/target/classes started by davidnjau in /Users/davidnjau/Documents/Personal/keycloak)
2025-09-07 13:02:50 INFO  [main] c.k.products.ProductsApplication - No active profile set, falling back to 1 default profile: "default"
2025-09-07 13:02:51 INFO  [main] o.s.d.r.c.RepositoryConfigurationDelegate - Multiple Spring Data modules found, entering strict repository configuration mode
2025-09-07 13:02:51 INFO  [main] o.s.d.r.c.RepositoryConfigurationDelegate - Bootstrapping Spring Data JPA repositories in DEFAULT mode.
2025-09-07 13:02:51 INFO  [main] o.s.d.r.c.RepositoryConfigurationDelegate - Finished Spring Data repository scanning in 102 ms. Found 3 JPA repository interfaces.
2025-09-07 13:02:51 INFO  [main] o.s.d.r.c.RepositoryConfigurationDelegate - Multiple Spring Data modules found, entering strict repository configuration mode
2025-09-07 13:02:51 INFO  [main] o.s.d.r.c.RepositoryConfigurationDelegate - Bootstrapping Spring Data Redis repositories in DEFAULT mode.
2025-09-07 13:02:51 INFO  [main] o.s.d.r.c.RepositoryConfigurationExtensionSupport - Spring Data Redis - Could not safely identify store assignment for repository candidate interface com.keycloak.products.repository.CategoryRepository; If you want this repository to be a Redis repository, consider annotating your entities with one of these annotations: org.springframework.data.redis.core.RedisHash (preferred), or consider extending one of the following types with your repository: org.springframework.data.keyvalue.repository.KeyValueRepository
2025-09-07 13:02:51 INFO  [main] o.s.d.r.c.RepositoryConfigurationExtensionSupport - Spring Data Redis - Could not safely identify store assignment for repository candidate interface com.keycloak.products.repository.ProductImageEntityRepository; If you want this repository to be a Redis repository, consider annotating your entities with one of these annotations: org.springframework.data.redis.core.RedisHash (preferred), or consider extending one of the following types with your repository: org.springframework.data.keyvalue.repository.KeyValueRepository
2025-09-07 13:02:51 INFO  [main] o.s.d.r.c.RepositoryConfigurationExtensionSupport - Spring Data Redis - Could not safely identify store assignment for repository candidate interface com.keycloak.products.repository.ProductRepository; If you want this repository to be a Redis repository, consider annotating your entities with one of these annotations: org.springframework.data.redis.core.RedisHash (preferred), or consider extending one of the following types with your repository: org.springframework.data.keyvalue.repository.KeyValueRepository
2025-09-07 13:02:51 INFO  [main] o.s.d.r.c.RepositoryConfigurationDelegate - Finished Spring Data repository scanning in 2 ms. Found 0 Redis repository interfaces.
2025-09-07 13:02:51 INFO  [main] o.s.b.w.e.tomcat.TomcatWebServer - Tomcat initialized with port 8100 (http)
2025-09-07 13:02:51 INFO  [main] o.a.coyote.http11.Http11NioProtocol - Initializing ProtocolHandler ["http-nio-8100"]
2025-09-07 13:02:51 INFO  [main] o.a.catalina.core.StandardService - Starting service [Tomcat]
2025-09-07 13:02:51 INFO  [main] o.a.catalina.core.StandardEngine - Starting Servlet engine: [Apache Tomcat/10.1.18]
2025-09-07 13:02:51 INFO  [main] o.a.c.c.C.[Tomcat].[localhost].[/] - Initializing Spring embedded WebApplicationContext
2025-09-07 13:02:51 INFO  [main] o.s.b.w.s.c.ServletWebServerApplicationContext - Root WebApplicationContext: initialization completed in 1017 ms
2025-09-07 13:02:51 INFO  [main] o.h.jpa.internal.util.LogHelper - HHH000204: Processing PersistenceUnitInfo [name: default]
2025-09-07 13:02:52 INFO  [main] org.hibernate.Version - HHH000412: Hibernate ORM core version 6.4.1.Final
2025-09-07 13:02:52 INFO  [main] o.h.c.i.RegionFactoryInitiator - HHH000026: Second-level cache disabled
2025-09-07 13:02:52 INFO  [main] o.s.o.j.p.SpringPersistenceUnitInfo - No LoadTimeWeaver setup: ignoring JPA class transformer
2025-09-07 13:02:52 INFO  [main] com.zaxxer.hikari.HikariDataSource - EcommerceHikariCP - Starting...
2025-09-07 13:02:52 INFO  [main] com.zaxxer.hikari.pool.HikariPool - EcommerceHikariCP - Added connection org.postgresql.jdbc.PgConnection@fb5d334
2025-09-07 13:02:52 INFO  [main] com.zaxxer.hikari.HikariDataSource - EcommerceHikariCP - Start completed.
2025-09-07 13:02:52 WARN  [main] org.hibernate.orm.deprecation - HHH90000025: PostgreSQLDialect does not need to be specified explicitly using 'hibernate.dialect' (remove the property setting and it will be selected by default)
2025-09-07 13:02:52 INFO  [main] o.h.e.t.j.p.i.JtaPlatformInitiator - HHH000489: No JTA platform available (set 'hibernate.transaction.jta.platform' to enable JTA platform integration)
2025-09-07 13:02:52 INFO  [main] o.s.o.j.LocalContainerEntityManagerFactoryBean - Initialized JPA EntityManagerFactory for persistence unit 'default'
2025-09-07 13:02:53 INFO  [main] o.s.d.j.r.query.QueryEnhancerFactory - Hibernate is in classpath; If applicable, HQL parser will be used.
2025-09-07 13:02:53 WARN  [main] o.s.b.a.o.j.JpaBaseConfiguration$JpaWebConfiguration - spring.jpa.open-in-view is enabled by default. Therefore, database queries may be performed during view rendering. Explicitly configure spring.jpa.open-in-view to disable this warning
2025-09-07 13:02:53 DEBUG [main] o.s.w.s.m.m.a.RequestMappingHandlerMapping - 15 mappings in 'requestMappingHandlerMapping'
2025-09-07 13:02:53 DEBUG [main] o.s.w.s.m.m.a.RequestMappingHandlerAdapter - ControllerAdvice beans: 0 @ModelAttribute, 0 @InitBinder, 1 RequestBodyAdvice, 1 ResponseBodyAdvice
2025-09-07 13:02:53 DEBUG [main] o.s.w.s.m.m.a.ExceptionHandlerExceptionResolver - ControllerAdvice beans: 1 @ExceptionHandler, 1 ResponseBodyAdvice
2025-09-07 13:02:53 INFO  [main] o.a.coyote.http11.Http11NioProtocol - Starting ProtocolHandler ["http-nio-8100"]
2025-09-07 13:02:53 INFO  [main] o.s.b.w.e.tomcat.TomcatWebServer - Tomcat started on port 8100 (http) with context path ''
2025-09-07 13:02:53 INFO  [main] c.k.products.ProductsApplication - Started ProductsApplication in 3.364 seconds (process running for 3.825)
2025-09-07 13:03:32 INFO  [http-nio-8100-exec-1] o.a.c.c.C.[Tomcat].[localhost].[/] - Initializing Spring DispatcherServlet 'dispatcherServlet'
2025-09-07 13:03:32 INFO  [http-nio-8100-exec-1] o.s.web.servlet.DispatcherServlet - Initializing Servlet 'dispatcherServlet'
2025-09-07 13:03:32 DEBUG [http-nio-8100-exec-1] o.s.web.servlet.DispatcherServlet - Detected StandardServletMultipartResolver
2025-09-07 13:03:32 DEBUG [http-nio-8100-exec-1] o.s.web.servlet.DispatcherServlet - Detected AcceptHeaderLocaleResolver
2025-09-07 13:03:32 DEBUG [http-nio-8100-exec-1] o.s.web.servlet.DispatcherServlet - Detected FixedThemeResolver
2025-09-07 13:03:32 DEBUG [http-nio-8100-exec-1] o.s.web.servlet.DispatcherServlet - Detected org.springframework.web.servlet.view.DefaultRequestToViewNameTranslator@9cdceeb
2025-09-07 13:03:32 DEBUG [http-nio-8100-exec-1] o.s.web.servlet.DispatcherServlet - Detected org.springframework.web.servlet.support.SessionFlashMapManager@6dbc3756
2025-09-07 13:03:32 DEBUG [http-nio-8100-exec-1] o.s.web.servlet.DispatcherServlet - enableLoggingRequestDetails='true': request parameters and headers will be shown which may lead to unsafe logging of potentially sensitive data
2025-09-07 13:03:32 INFO  [http-nio-8100-exec-1] o.s.web.servlet.DispatcherServlet - Completed initialization in 3 ms
2025-09-07 13:03:32 DEBUG [http-nio-8100-exec-1] o.s.web.servlet.DispatcherServlet - PUT "/product/update/b67f10b8-28f0-4692-8914-d44b1465c941", parameters={}
2025-09-07 13:03:32 DEBUG [http-nio-8100-exec-1] o.s.w.s.m.m.a.RequestMappingHandlerMapping - Mapped to com.keycloak.products.controller.ProductController#updateProduct(String, DbProduct)
2025-09-07 13:03:32 DEBUG [http-nio-8100-exec-1] o.s.w.s.m.m.a.RequestResponseBodyMethodProcessor - Read "application/json;charset=UTF-8" to [DbProduct(id=null, name=, description=, oldPrice=0, oldPriceCurrency=KES, newPrice=0, newPriceCurren (truncated)...]
2025-09-07 13:03:32 INFO  [http-nio-8100-exec-1] c.k.p.s.impl.ProductServiceImpl - Updating product with ID: b67f10b8-28f0-4692-8914-d44b1465c941
2025-09-07 13:03:32 ERROR [http-nio-8100-exec-1] c.k.p.s.impl.ProductServiceImpl - Product not found with ID: b67f10b8-28f0-4692-8914-d44b1465c941
2025-09-07 13:03:32 DEBUG [http-nio-8100-exec-1] o.s.w.s.m.m.a.ExceptionHandlerExceptionResolver - Using @ExceptionHandler com.keycloak.common.exception.GlobalExceptionHandler#handleGenericException(Exception)
2025-09-07 13:03:32 DEBUG [http-nio-8100-exec-1] o.s.w.s.m.m.a.HttpEntityMethodProcessor - Using 'application/json', given [*/*] and supported [application/json, application/*+json]
2025-09-07 13:03:32 DEBUG [http-nio-8100-exec-1] o.s.w.s.m.m.a.HttpEntityMethodProcessor - Writing [com.keycloak.common.response.ResponseWrapper@5c380267]
2025-09-07 13:03:32 DEBUG [http-nio-8100-exec-1] o.s.w.s.m.m.a.ExceptionHandlerExceptionResolver - Resolved [java.lang.RuntimeException: com.keycloak.common.exception.ContentNotFoundException: Product not found]
2025-09-07 13:03:32 DEBUG [http-nio-8100-exec-1] o.s.web.servlet.DispatcherServlet - Completed 500 INTERNAL_SERVER_ERROR
2025-09-07 13:04:11 INFO  [SpringApplicationShutdownHook] o.s.o.j.LocalContainerEntityManagerFactoryBean - Closing JPA EntityManagerFactory for persistence unit 'default'
2025-09-07 13:04:11 INFO  [SpringApplicationShutdownHook] com.zaxxer.hikari.HikariDataSource - EcommerceHikariCP - Shutdown initiated...
2025-09-07 13:04:11 INFO  [SpringApplicationShutdownHook] com.zaxxer.hikari.HikariDataSource - EcommerceHikariCP - Shutdown completed.
2025-09-07 13:04:15 INFO  [main] c.k.products.ProductsApplication - Starting ProductsApplication using Java 17.0.11 with PID 88830 (/Users/davidnjau/Documents/Personal/keycloak/products/target/classes started by davidnjau in /Users/davidnjau/Documents/Personal/keycloak)
2025-09-07 13:04:16 INFO  [main] c.k.products.ProductsApplication - No active profile set, falling back to 1 default profile: "default"
2025-09-07 13:04:16 INFO  [main] o.s.d.r.c.RepositoryConfigurationDelegate - Multiple Spring Data modules found, entering strict repository configuration mode
2025-09-07 13:04:16 INFO  [main] o.s.d.r.c.RepositoryConfigurationDelegate - Bootstrapping Spring Data JPA repositories in DEFAULT mode.
2025-09-07 13:04:16 INFO  [main] o.s.d.r.c.RepositoryConfigurationDelegate - Finished Spring Data repository scanning in 90 ms. Found 3 JPA repository interfaces.
2025-09-07 13:04:16 INFO  [main] o.s.d.r.c.RepositoryConfigurationDelegate - Multiple Spring Data modules found, entering strict repository configuration mode
2025-09-07 13:04:16 INFO  [main] o.s.d.r.c.RepositoryConfigurationDelegate - Bootstrapping Spring Data Redis repositories in DEFAULT mode.
2025-09-07 13:04:16 INFO  [main] o.s.d.r.c.RepositoryConfigurationExtensionSupport - Spring Data Redis - Could not safely identify store assignment for repository candidate interface com.keycloak.products.repository.CategoryRepository; If you want this repository to be a Redis repository, consider annotating your entities with one of these annotations: org.springframework.data.redis.core.RedisHash (preferred), or consider extending one of the following types with your repository: org.springframework.data.keyvalue.repository.KeyValueRepository
2025-09-07 13:04:16 INFO  [main] o.s.d.r.c.RepositoryConfigurationExtensionSupport - Spring Data Redis - Could not safely identify store assignment for repository candidate interface com.keycloak.products.repository.ProductImageEntityRepository; If you want this repository to be a Redis repository, consider annotating your entities with one of these annotations: org.springframework.data.redis.core.RedisHash (preferred), or consider extending one of the following types with your repository: org.springframework.data.keyvalue.repository.KeyValueRepository
2025-09-07 13:04:16 INFO  [main] o.s.d.r.c.RepositoryConfigurationExtensionSupport - Spring Data Redis - Could not safely identify store assignment for repository candidate interface com.keycloak.products.repository.ProductRepository; If you want this repository to be a Redis repository, consider annotating your entities with one of these annotations: org.springframework.data.redis.core.RedisHash (preferred), or consider extending one of the following types with your repository: org.springframework.data.keyvalue.repository.KeyValueRepository
2025-09-07 13:04:16 INFO  [main] o.s.d.r.c.RepositoryConfigurationDelegate - Finished Spring Data repository scanning in 3 ms. Found 0 Redis repository interfaces.
2025-09-07 13:04:17 INFO  [main] o.s.b.w.e.tomcat.TomcatWebServer - Tomcat initialized with port 8100 (http)
2025-09-07 13:04:17 INFO  [main] o.a.coyote.http11.Http11NioProtocol - Initializing ProtocolHandler ["http-nio-8100"]
2025-09-07 13:04:17 INFO  [main] o.a.catalina.core.StandardService - Starting service [Tomcat]
2025-09-07 13:04:17 INFO  [main] o.a.catalina.core.StandardEngine - Starting Servlet engine: [Apache Tomcat/10.1.18]
2025-09-07 13:04:17 INFO  [main] o.a.c.c.C.[Tomcat].[localhost].[/] - Initializing Spring embedded WebApplicationContext
2025-09-07 13:04:17 INFO  [main] o.s.b.w.s.c.ServletWebServerApplicationContext - Root WebApplicationContext: initialization completed in 1037 ms
2025-09-07 13:04:17 INFO  [main] o.h.jpa.internal.util.LogHelper - HHH000204: Processing PersistenceUnitInfo [name: default]
2025-09-07 13:04:17 INFO  [main] org.hibernate.Version - HHH000412: Hibernate ORM core version 6.4.1.Final
2025-09-07 13:04:17 INFO  [main] o.h.c.i.RegionFactoryInitiator - HHH000026: Second-level cache disabled
2025-09-07 13:04:17 INFO  [main] o.s.o.j.p.SpringPersistenceUnitInfo - No LoadTimeWeaver setup: ignoring JPA class transformer
2025-09-07 13:04:17 INFO  [main] com.zaxxer.hikari.HikariDataSource - EcommerceHikariCP - Starting...
2025-09-07 13:04:17 INFO  [main] com.zaxxer.hikari.pool.HikariPool - EcommerceHikariCP - Added connection org.postgresql.jdbc.PgConnection@6f65aa58
2025-09-07 13:04:17 INFO  [main] com.zaxxer.hikari.HikariDataSource - EcommerceHikariCP - Start completed.
2025-09-07 13:04:17 WARN  [main] org.hibernate.orm.deprecation - HHH90000025: PostgreSQLDialect does not need to be specified explicitly using 'hibernate.dialect' (remove the property setting and it will be selected by default)
2025-09-07 13:04:17 INFO  [main] o.h.e.t.j.p.i.JtaPlatformInitiator - HHH000489: No JTA platform available (set 'hibernate.transaction.jta.platform' to enable JTA platform integration)
2025-09-07 13:04:18 WARN  [main] o.h.e.jdbc.spi.SqlExceptionHelper - SQL Warning Code: 0, SQLState: 00000
2025-09-07 13:04:18 WARN  [main] o.h.e.jdbc.spi.SqlExceptionHelper - constraint "uk_q1mafxn973ldq80m1irp3mpvq" of relation "product" does not exist, skipping
2025-09-07 13:04:18 INFO  [main] o.s.o.j.LocalContainerEntityManagerFactoryBean - Initialized JPA EntityManagerFactory for persistence unit 'default'
2025-09-07 13:04:18 INFO  [main] o.s.d.j.r.query.QueryEnhancerFactory - Hibernate is in classpath; If applicable, HQL parser will be used.
2025-09-07 13:04:18 WARN  [main] o.s.b.a.o.j.JpaBaseConfiguration$JpaWebConfiguration - spring.jpa.open-in-view is enabled by default. Therefore, database queries may be performed during view rendering. Explicitly configure spring.jpa.open-in-view to disable this warning
2025-09-07 13:04:18 DEBUG [main] o.s.w.s.m.m.a.RequestMappingHandlerMapping - 15 mappings in 'requestMappingHandlerMapping'
2025-09-07 13:04:18 DEBUG [main] o.s.w.s.m.m.a.RequestMappingHandlerAdapter - ControllerAdvice beans: 0 @ModelAttribute, 0 @InitBinder, 1 RequestBodyAdvice, 1 ResponseBodyAdvice
2025-09-07 13:04:18 DEBUG [main] o.s.w.s.m.m.a.ExceptionHandlerExceptionResolver - ControllerAdvice beans: 1 @ExceptionHandler, 1 ResponseBodyAdvice
2025-09-07 13:04:18 INFO  [main] o.a.coyote.http11.Http11NioProtocol - Starting ProtocolHandler ["http-nio-8100"]
2025-09-07 13:04:18 INFO  [main] o.s.b.w.e.tomcat.TomcatWebServer - Tomcat started on port 8100 (http) with context path ''
2025-09-07 13:04:18 INFO  [main] c.k.products.ProductsApplication - Started ProductsApplication in 3.337 seconds (process running for 4.393)
2025-09-07 13:05:31 INFO  [http-nio-8100-exec-1] o.a.c.c.C.[Tomcat].[localhost].[/] - Initializing Spring DispatcherServlet 'dispatcherServlet'
2025-09-07 13:05:31 INFO  [http-nio-8100-exec-1] o.s.web.servlet.DispatcherServlet - Initializing Servlet 'dispatcherServlet'
2025-09-07 13:05:31 DEBUG [http-nio-8100-exec-1] o.s.web.servlet.DispatcherServlet - Detected StandardServletMultipartResolver
2025-09-07 13:05:31 DEBUG [http-nio-8100-exec-1] o.s.web.servlet.DispatcherServlet - Detected AcceptHeaderLocaleResolver
2025-09-07 13:05:31 DEBUG [http-nio-8100-exec-1] o.s.web.servlet.DispatcherServlet - Detected FixedThemeResolver
2025-09-07 13:05:31 DEBUG [http-nio-8100-exec-1] o.s.web.servlet.DispatcherServlet - Detected org.springframework.web.servlet.view.DefaultRequestToViewNameTranslator@5d63d553
2025-09-07 13:05:31 DEBUG [http-nio-8100-exec-1] o.s.web.servlet.DispatcherServlet - Detected org.springframework.web.servlet.support.SessionFlashMapManager@4c0e09b5
2025-09-07 13:05:31 DEBUG [http-nio-8100-exec-1] o.s.web.servlet.DispatcherServlet - enableLoggingRequestDetails='true': request parameters and headers will be shown which may lead to unsafe logging of potentially sensitive data
2025-09-07 13:05:31 INFO  [http-nio-8100-exec-1] o.s.web.servlet.DispatcherServlet - Completed initialization in 91 ms
2025-09-07 13:05:31 DEBUG [http-nio-8100-exec-1] o.s.web.servlet.DispatcherServlet - PUT "/product/update/b67f10b8-28f0-4692-8914-d44b1465c941", parameters={}
2025-09-07 13:05:31 DEBUG [http-nio-8100-exec-1] o.s.w.s.m.m.a.RequestMappingHandlerMapping - Mapped to com.keycloak.products.controller.ProductController#updateProduct(String, DbProduct)
2025-09-07 13:05:31 DEBUG [http-nio-8100-exec-1] o.s.w.s.m.m.a.RequestResponseBodyMethodProcessor - Read "application/json;charset=UTF-8" to [DbProduct(id=null, name=, description=, oldPrice=0, oldPriceCurrency=KES, newPrice=0, newPriceCurren (truncated)...]
2025-09-07 13:05:31 INFO  [http-nio-8100-exec-1] c.k.p.s.impl.ProductServiceImpl - Updating product with ID: b67f10b8-28f0-4692-8914-d44b1465c941
2025-09-07 13:05:31 ERROR [http-nio-8100-exec-1] c.k.p.s.impl.ProductServiceImpl - Product not found with ID: b67f10b8-28f0-4692-8914-d44b1465c941
2025-09-07 13:05:31 DEBUG [http-nio-8100-exec-1] o.s.w.s.m.m.a.ExceptionHandlerExceptionResolver - Using @ExceptionHandler com.keycloak.common.exception.GlobalExceptionHandler#handleGenericException(Exception)
2025-09-07 13:05:31 DEBUG [http-nio-8100-exec-1] o.s.w.s.m.m.a.HttpEntityMethodProcessor - Using 'application/json', given [*/*] and supported [application/json, application/*+json]
2025-09-07 13:05:31 DEBUG [http-nio-8100-exec-1] o.s.w.s.m.m.a.HttpEntityMethodProcessor - Writing [com.keycloak.common.response.ResponseWrapper@69527549]
2025-09-07 13:05:31 DEBUG [http-nio-8100-exec-1] o.s.w.s.m.m.a.ExceptionHandlerExceptionResolver - Resolved [java.lang.RuntimeException: com.keycloak.common.exception.ContentNotFoundException: Product not found]
2025-09-07 13:05:31 DEBUG [http-nio-8100-exec-1] o.s.web.servlet.DispatcherServlet - Completed 500 INTERNAL_SERVER_ERROR
2025-09-07 13:07:42 INFO  [SpringApplicationShutdownHook] o.s.o.j.LocalContainerEntityManagerFactoryBean - Closing JPA EntityManagerFactory for persistence unit 'default'
2025-09-07 13:07:42 INFO  [SpringApplicationShutdownHook] com.zaxxer.hikari.HikariDataSource - EcommerceHikariCP - Shutdown initiated...
2025-09-07 13:07:42 INFO  [SpringApplicationShutdownHook] com.zaxxer.hikari.HikariDataSource - EcommerceHikariCP - Shutdown completed.
2025-09-07 13:07:48 INFO  [main] c.k.products.ProductsApplication - Starting ProductsApplication using Java 17.0.11 with PID 89107 (/Users/davidnjau/Documents/Personal/keycloak/products/target/classes started by davidnjau in /Users/davidnjau/Documents/Personal/keycloak)
2025-09-07 13:07:48 INFO  [main] c.k.products.ProductsApplication - No active profile set, falling back to 1 default profile: "default"
2025-09-07 13:07:49 INFO  [main] o.s.d.r.c.RepositoryConfigurationDelegate - Multiple Spring Data modules found, entering strict repository configuration mode
2025-09-07 13:07:49 INFO  [main] o.s.d.r.c.RepositoryConfigurationDelegate - Bootstrapping Spring Data JPA repositories in DEFAULT mode.
2025-09-07 13:07:49 INFO  [main] o.s.d.r.c.RepositoryConfigurationDelegate - Finished Spring Data repository scanning in 84 ms. Found 3 JPA repository interfaces.
2025-09-07 13:07:49 INFO  [main] o.s.d.r.c.RepositoryConfigurationDelegate - Multiple Spring Data modules found, entering strict repository configuration mode
2025-09-07 13:07:49 INFO  [main] o.s.d.r.c.RepositoryConfigurationDelegate - Bootstrapping Spring Data Redis repositories in DEFAULT mode.
2025-09-07 13:07:49 INFO  [main] o.s.d.r.c.RepositoryConfigurationExtensionSupport - Spring Data Redis - Could not safely identify store assignment for repository candidate interface com.keycloak.products.repository.CategoryRepository; If you want this repository to be a Redis repository, consider annotating your entities with one of these annotations: org.springframework.data.redis.core.RedisHash (preferred), or consider extending one of the following types with your repository: org.springframework.data.keyvalue.repository.KeyValueRepository
2025-09-07 13:07:49 INFO  [main] o.s.d.r.c.RepositoryConfigurationExtensionSupport - Spring Data Redis - Could not safely identify store assignment for repository candidate interface com.keycloak.products.repository.ProductImageEntityRepository; If you want this repository to be a Redis repository, consider annotating your entities with one of these annotations: org.springframework.data.redis.core.RedisHash (preferred), or consider extending one of the following types with your repository: org.springframework.data.keyvalue.repository.KeyValueRepository
2025-09-07 13:07:49 INFO  [main] o.s.d.r.c.RepositoryConfigurationExtensionSupport - Spring Data Redis - Could not safely identify store assignment for repository candidate interface com.keycloak.products.repository.ProductRepository; If you want this repository to be a Redis repository, consider annotating your entities with one of these annotations: org.springframework.data.redis.core.RedisHash (preferred), or consider extending one of the following types with your repository: org.springframework.data.keyvalue.repository.KeyValueRepository
2025-09-07 13:07:49 INFO  [main] o.s.d.r.c.RepositoryConfigurationDelegate - Finished Spring Data repository scanning in 4 ms. Found 0 Redis repository interfaces.
2025-09-07 13:07:49 INFO  [main] o.s.b.w.e.tomcat.TomcatWebServer - Tomcat initialized with port 8100 (http)
2025-09-07 13:07:49 INFO  [main] o.a.coyote.http11.Http11NioProtocol - Initializing ProtocolHandler ["http-nio-8100"]
2025-09-07 13:07:49 INFO  [main] o.a.catalina.core.StandardService - Starting service [Tomcat]
2025-09-07 13:07:49 INFO  [main] o.a.catalina.core.StandardEngine - Starting Servlet engine: [Apache Tomcat/10.1.18]
2025-09-07 13:07:50 INFO  [main] o.a.c.c.C.[Tomcat].[localhost].[/] - Initializing Spring embedded WebApplicationContext
2025-09-07 13:07:50 INFO  [main] o.s.b.w.s.c.ServletWebServerApplicationContext - Root WebApplicationContext: initialization completed in 1215 ms
2025-09-07 13:07:50 INFO  [main] o.h.jpa.internal.util.LogHelper - HHH000204: Processing PersistenceUnitInfo [name: default]
2025-09-07 13:07:50 INFO  [main] org.hibernate.Version - HHH000412: Hibernate ORM core version 6.4.1.Final
2025-09-07 13:07:50 INFO  [main] o.h.c.i.RegionFactoryInitiator - HHH000026: Second-level cache disabled
2025-09-07 13:07:50 INFO  [main] o.s.o.j.p.SpringPersistenceUnitInfo - No LoadTimeWeaver setup: ignoring JPA class transformer
2025-09-07 13:07:50 INFO  [main] com.zaxxer.hikari.HikariDataSource - EcommerceHikariCP - Starting...
2025-09-07 13:07:50 INFO  [main] com.zaxxer.hikari.pool.HikariPool - EcommerceHikariCP - Added connection org.postgresql.jdbc.PgConnection@2838eb
2025-09-07 13:07:50 INFO  [main] com.zaxxer.hikari.HikariDataSource - EcommerceHikariCP - Start completed.
2025-09-07 13:07:50 WARN  [main] org.hibernate.orm.deprecation - HHH90000025: PostgreSQLDialect does not need to be specified explicitly using 'hibernate.dialect' (remove the property setting and it will be selected by default)
2025-09-07 13:07:51 INFO  [main] o.h.e.t.j.p.i.JtaPlatformInitiator - HHH000489: No JTA platform available (set 'hibernate.transaction.jta.platform' to enable JTA platform integration)
2025-09-07 13:07:52 INFO  [main] o.s.o.j.LocalContainerEntityManagerFactoryBean - Initialized JPA EntityManagerFactory for persistence unit 'default'
2025-09-07 13:07:53 INFO  [main] o.s.d.j.r.query.QueryEnhancerFactory - Hibernate is in classpath; If applicable, HQL parser will be used.
2025-09-07 13:07:54 WARN  [main] o.s.b.a.o.j.JpaBaseConfiguration$JpaWebConfiguration - spring.jpa.open-in-view is enabled by default. Therefore, database queries may be performed during view rendering. Explicitly configure spring.jpa.open-in-view to disable this warning
2025-09-07 13:07:54 DEBUG [main] o.s.w.s.m.m.a.RequestMappingHandlerMapping - 15 mappings in 'requestMappingHandlerMapping'
2025-09-07 13:07:54 DEBUG [main] o.s.w.s.m.m.a.RequestMappingHandlerAdapter - ControllerAdvice beans: 0 @ModelAttribute, 0 @InitBinder, 1 RequestBodyAdvice, 1 ResponseBodyAdvice
2025-09-07 13:07:54 DEBUG [main] o.s.w.s.m.m.a.ExceptionHandlerExceptionResolver - ControllerAdvice beans: 1 @ExceptionHandler, 1 ResponseBodyAdvice
2025-09-07 13:07:54 INFO  [main] o.a.coyote.http11.Http11NioProtocol - Starting ProtocolHandler ["http-nio-8100"]
2025-09-07 13:07:54 INFO  [main] o.s.b.w.e.tomcat.TomcatWebServer - Tomcat started on port 8100 (http) with context path ''
2025-09-07 13:07:54 INFO  [main] c.k.products.ProductsApplication - Started ProductsApplication in 6.384 seconds (process running for 6.823)
2025-09-07 13:08:00 INFO  [http-nio-8100-exec-1] o.a.c.c.C.[Tomcat].[localhost].[/] - Initializing Spring DispatcherServlet 'dispatcherServlet'
2025-09-07 13:08:00 INFO  [http-nio-8100-exec-1] o.s.web.servlet.DispatcherServlet - Initializing Servlet 'dispatcherServlet'
2025-09-07 13:08:00 DEBUG [http-nio-8100-exec-1] o.s.web.servlet.DispatcherServlet - Detected StandardServletMultipartResolver
2025-09-07 13:08:00 DEBUG [http-nio-8100-exec-1] o.s.web.servlet.DispatcherServlet - Detected AcceptHeaderLocaleResolver
2025-09-07 13:08:00 DEBUG [http-nio-8100-exec-1] o.s.web.servlet.DispatcherServlet - Detected FixedThemeResolver
2025-09-07 13:08:00 DEBUG [http-nio-8100-exec-1] o.s.web.servlet.DispatcherServlet - Detected org.springframework.web.servlet.view.DefaultRequestToViewNameTranslator@65c2610f
2025-09-07 13:08:00 DEBUG [http-nio-8100-exec-1] o.s.web.servlet.DispatcherServlet - Detected org.springframework.web.servlet.support.SessionFlashMapManager@593f6c3
2025-09-07 13:08:00 DEBUG [http-nio-8100-exec-1] o.s.web.servlet.DispatcherServlet - enableLoggingRequestDetails='true': request parameters and headers will be shown which may lead to unsafe logging of potentially sensitive data
2025-09-07 13:08:00 INFO  [http-nio-8100-exec-1] o.s.web.servlet.DispatcherServlet - Completed initialization in 4 ms
2025-09-07 13:08:00 DEBUG [http-nio-8100-exec-1] o.s.web.servlet.DispatcherServlet - PUT "/product/update/b67f10b8-28f0-4692-8914-d44b1465c941", parameters={}
2025-09-07 13:08:00 DEBUG [http-nio-8100-exec-1] o.s.w.s.m.m.a.RequestMappingHandlerMapping - Mapped to com.keycloak.products.controller.ProductController#updateProduct(String, DbProduct)
2025-09-07 13:08:01 DEBUG [http-nio-8100-exec-1] o.s.w.s.m.m.a.RequestResponseBodyMethodProcessor - Read "application/json;charset=UTF-8" to [DbProduct(id=null, name=, description=, oldPrice=0, oldPriceCurrency=KES, newPrice=0, newPriceCurren (truncated)...]
2025-09-07 13:08:01 ERROR [http-nio-8100-exec-1] c.k.p.s.impl.ProductServiceImpl - Product not found with ID: b67f10b8-28f0-4692-8914-d44b1465c941
2025-09-07 13:08:01 DEBUG [http-nio-8100-exec-1] o.s.w.s.m.m.a.ExceptionHandlerExceptionResolver - Using @ExceptionHandler com.keycloak.common.exception.GlobalExceptionHandler#handleApplicationException(ApplicationException)
2025-09-07 13:08:01 DEBUG [http-nio-8100-exec-1] o.s.w.s.m.m.a.HttpEntityMethodProcessor - Using 'application/json', given [*/*] and supported [application/json, application/*+json]
2025-09-07 13:08:01 DEBUG [http-nio-8100-exec-1] o.s.w.s.m.m.a.HttpEntityMethodProcessor - Writing [com.keycloak.common.response.ResponseWrapper@793930be]
2025-09-07 13:08:01 DEBUG [http-nio-8100-exec-1] o.s.w.s.m.m.a.ExceptionHandlerExceptionResolver - Resolved [com.keycloak.common.exception.ContentNotFoundException: Product not found]
2025-09-07 13:08:01 DEBUG [http-nio-8100-exec-1] o.s.web.servlet.DispatcherServlet - Completed 204 NO_CONTENT
2025-09-07 13:08:26 DEBUG [http-nio-8100-exec-3] o.s.web.servlet.DispatcherServlet - POST "/product/create", parameters={}
2025-09-07 13:08:26 DEBUG [http-nio-8100-exec-3] o.s.w.s.m.m.a.RequestMappingHandlerMapping - Mapped to com.keycloak.products.controller.ProductController#createProduct(DbProduct)
2025-09-07 13:08:26 DEBUG [http-nio-8100-exec-3] o.s.w.s.m.m.a.RequestResponseBodyMethodProcessor - Read "application/json;charset=UTF-8" to [DbProduct(id=null, name=Vision smart LED TV 55 Inch 4K UHD, description=55-inch Ultra HD Vision Smar (truncated)...]
2025-09-07 13:08:26 INFO  [http-nio-8100-exec-3] c.k.p.s.impl.ProductServiceImpl - Creating new product: DbProduct(id=null, name=Vision smart LED TV 55 Inch 4K UHD, description=55-inch Ultra HD Vision Smart LED TV with built-in apps, HDR10 support, and voice control remote., oldPrice=950000.00, oldPriceCurrency=KES, newPrice=0, newPriceCurrency=KES, availableQuantity=15, reservedQuantity=2, productImages=[DbProductImage(id=null, imageUrl=http://localhost:9000/ecommerce-public/2025/product-images/jpg/september/06/20220320_170114.jpg, metadata=Front view, powered on, sortOrder=1, storageId=68bbad959b5b045866f771a2, isValid=null, productId=null), DbProductImage(id=null, imageUrl=http://localhost:9000/ecommerce-public/2025/product-images/jpg/september/06/20220320_170114.jpg, metadata=Side profile, slim design, sortOrder=2, storageId=68bbad959b5b045866f771a2, isValid=null, productId=null), DbProductImage(id=null, imageUrl=http://localhost:9000/ecommerce-public/2025/product-images/jpg/september/06/20220320_170114.jpg, metadata=Back panel with HDMI ports, sortOrder=3, storageId=68bbad959b5b045866f771a2, isValid=null, productId=null)], sku=SKU-TV-5501, tags=[electronics, television, 4K, smart-tv], categoryIds=[69f5af79-df40-4543-b2ef-be4734a38533, 69f5af79-df40-4543-b2ef-be4734a38533], isActive=true)
2025-09-07 13:08:26 INFO  [http-nio-8100-exec-3] c.k.p.s.impl.ProductServiceImpl - Mapping DbProductImage to ProductImageEntity: DbProductImage(id=null, imageUrl=http://localhost:9000/ecommerce-public/2025/product-images/jpg/september/06/20220320_170114.jpg, metadata=Front view, powered on, sortOrder=1, storageId=68bbad959b5b045866f771a2, isValid=null, productId=null)
2025-09-07 13:08:26 INFO  [http-nio-8100-exec-3] c.k.p.s.impl.ProductServiceImpl - Mapping DbProductImage to ProductImageEntity: DbProductImage(id=null, imageUrl=http://localhost:9000/ecommerce-public/2025/product-images/jpg/september/06/20220320_170114.jpg, metadata=Side profile, slim design, sortOrder=2, storageId=68bbad959b5b045866f771a2, isValid=null, productId=null)
2025-09-07 13:08:26 INFO  [http-nio-8100-exec-3] c.k.p.s.impl.ProductServiceImpl - Mapping DbProductImage to ProductImageEntity: DbProductImage(id=null, imageUrl=http://localhost:9000/ecommerce-public/2025/product-images/jpg/september/06/20220320_170114.jpg, metadata=Back panel with HDMI ports, sortOrder=3, storageId=68bbad959b5b045866f771a2, isValid=null, productId=null)
2025-09-07 13:08:26 INFO  [http-nio-8100-exec-3] c.k.p.s.impl.ProductServiceImpl - Creating images for product: Vision smart LED TV 55 Inch 4K UHD
2025-09-07 13:08:27 INFO  [http-nio-8100-exec-3] c.k.p.s.impl.ProductServiceImpl - Saving product: Vision smart LED TV 55 Inch 4K UHD
2025-09-07 13:08:27 DEBUG [http-nio-8100-exec-3] o.s.w.s.m.m.a.HttpEntityMethodProcessor - Using 'application/json', given [*/*] and supported [application/json, application/*+json]
2025-09-07 13:08:27 DEBUG [http-nio-8100-exec-3] o.s.w.s.m.m.a.HttpEntityMethodProcessor - Writing [com.keycloak.common.response.ResponseWrapper@45550c0d]
2025-09-07 13:08:27 DEBUG [http-nio-8100-exec-3] o.s.web.servlet.DispatcherServlet - Completed 200 OK
2025-09-07 13:08:31 DEBUG [http-nio-8100-exec-2] o.s.web.servlet.DispatcherServlet - GET "/product/", parameters={}
2025-09-07 13:08:31 DEBUG [http-nio-8100-exec-2] o.s.w.s.m.m.a.RequestMappingHandlerMapping - Mapped to com.keycloak.products.controller.ProductController#getAllCategories(int, int, String, String, Boolean)
2025-09-07 13:08:31 INFO  [http-nio-8100-exec-2] c.k.p.s.impl.ProductServiceImpl - Fetching products with page=0, size=10, sortBy=name, order=asc
2025-09-07 13:08:31 INFO  [http-nio-8100-exec-2] c.k.common.reusable.CommonReusable - Creating Pageable on common with page=0, size=10, sortBy=name, order=asc
2025-09-07 13:08:31 INFO  [http-nio-8100-exec-2] c.k.p.s.impl.ProductServiceImpl - Total number of products: 1
2025-09-07 13:08:31 INFO  [http-nio-8100-exec-2] c.k.p.s.impl.ProductServiceImpl - Mapping ProductEntity to DbProduct: com.keycloak.products.entity.ProductEntity@ed42b25
2025-09-07 13:08:31 INFO  [http-nio-8100-exec-2] c.k.p.s.impl.ProductServiceImpl - Mapping ProductImageEntity to DbProductImage: com.keycloak.products.entity.ProductImageEntity@4c3585af
2025-09-07 13:08:31 INFO  [http-nio-8100-exec-2] c.k.p.s.impl.ProductServiceImpl - Mapping ProductImageEntity to DbProductImage: com.keycloak.products.entity.ProductImageEntity@6ba501bf
2025-09-07 13:08:31 INFO  [http-nio-8100-exec-2] c.k.p.s.impl.ProductServiceImpl - Mapping ProductImageEntity to DbProductImage: com.keycloak.products.entity.ProductImageEntity@1ca39909
2025-09-07 13:08:31 INFO  [http-nio-8100-exec-2] c.k.p.s.impl.ProductServiceImpl - Returning products: 1
2025-09-07 13:08:31 INFO  [http-nio-8100-exec-2] c.k.p.s.impl.ProductServiceImpl - Successfully fetched 1 categories
2025-09-07 13:08:31 DEBUG [http-nio-8100-exec-2] o.s.w.s.m.m.a.HttpEntityMethodProcessor - Using 'application/json', given [*/*] and supported [application/json, application/*+json]
2025-09-07 13:08:31 DEBUG [http-nio-8100-exec-2] o.s.w.s.m.m.a.HttpEntityMethodProcessor - Writing [com.keycloak.common.response.ResponseWrapper@3d2453fd]
2025-09-07 13:08:31 DEBUG [http-nio-8100-exec-2] o.s.web.servlet.DispatcherServlet - Completed 200 OK
2025-09-07 13:09:50 INFO  [SpringApplicationShutdownHook] o.s.o.j.LocalContainerEntityManagerFactoryBean - Closing JPA EntityManagerFactory for persistence unit 'default'
2025-09-07 13:09:50 INFO  [SpringApplicationShutdownHook] com.zaxxer.hikari.HikariDataSource - EcommerceHikariCP - Shutdown initiated...
2025-09-07 13:09:50 INFO  [SpringApplicationShutdownHook] com.zaxxer.hikari.HikariDataSource - EcommerceHikariCP - Shutdown completed.
2025-09-07 13:09:59 INFO  [main] c.k.products.ProductsApplication - Starting ProductsApplication using Java 17.0.11 with PID 89288 (/Users/davidnjau/Documents/Personal/keycloak/products/target/classes started by davidnjau in /Users/davidnjau/Documents/Personal/keycloak)
2025-09-07 13:09:59 INFO  [main] c.k.products.ProductsApplication - No active profile set, falling back to 1 default profile: "default"
2025-09-07 13:09:59 INFO  [main] o.s.d.r.c.RepositoryConfigurationDelegate - Multiple Spring Data modules found, entering strict repository configuration mode
2025-09-07 13:09:59 INFO  [main] o.s.d.r.c.RepositoryConfigurationDelegate - Bootstrapping Spring Data JPA repositories in DEFAULT mode.
2025-09-07 13:10:00 INFO  [main] o.s.d.r.c.RepositoryConfigurationDelegate - Finished Spring Data repository scanning in 103 ms. Found 3 JPA repository interfaces.
2025-09-07 13:10:00 INFO  [main] o.s.d.r.c.RepositoryConfigurationDelegate - Multiple Spring Data modules found, entering strict repository configuration mode
2025-09-07 13:10:00 INFO  [main] o.s.d.r.c.RepositoryConfigurationDelegate - Bootstrapping Spring Data Redis repositories in DEFAULT mode.
2025-09-07 13:10:00 INFO  [main] o.s.d.r.c.RepositoryConfigurationExtensionSupport - Spring Data Redis - Could not safely identify store assignment for repository candidate interface com.keycloak.products.repository.CategoryRepository; If you want this repository to be a Redis repository, consider annotating your entities with one of these annotations: org.springframework.data.redis.core.RedisHash (preferred), or consider extending one of the following types with your repository: org.springframework.data.keyvalue.repository.KeyValueRepository
2025-09-07 13:10:00 INFO  [main] o.s.d.r.c.RepositoryConfigurationExtensionSupport - Spring Data Redis - Could not safely identify store assignment for repository candidate interface com.keycloak.products.repository.ProductImageEntityRepository; If you want this repository to be a Redis repository, consider annotating your entities with one of these annotations: org.springframework.data.redis.core.RedisHash (preferred), or consider extending one of the following types with your repository: org.springframework.data.keyvalue.repository.KeyValueRepository
2025-09-07 13:10:00 INFO  [main] o.s.d.r.c.RepositoryConfigurationExtensionSupport - Spring Data Redis - Could not safely identify store assignment for repository candidate interface com.keycloak.products.repository.ProductRepository; If you want this repository to be a Redis repository, consider annotating your entities with one of these annotations: org.springframework.data.redis.core.RedisHash (preferred), or consider extending one of the following types with your repository: org.springframework.data.keyvalue.repository.KeyValueRepository
2025-09-07 13:10:00 INFO  [main] o.s.d.r.c.RepositoryConfigurationDelegate - Finished Spring Data repository scanning in 4 ms. Found 0 Redis repository interfaces.
2025-09-07 13:10:00 INFO  [main] o.s.b.w.e.tomcat.TomcatWebServer - Tomcat initialized with port 8100 (http)
2025-09-07 13:10:00 INFO  [main] o.a.coyote.http11.Http11NioProtocol - Initializing ProtocolHandler ["http-nio-8100"]
2025-09-07 13:10:00 INFO  [main] o.a.catalina.core.StandardService - Starting service [Tomcat]
2025-09-07 13:10:00 INFO  [main] o.a.catalina.core.StandardEngine - Starting Servlet engine: [Apache Tomcat/10.1.18]
2025-09-07 13:10:00 INFO  [main] o.a.c.c.C.[Tomcat].[localhost].[/] - Initializing Spring embedded WebApplicationContext
2025-09-07 13:10:00 INFO  [main] o.s.b.w.s.c.ServletWebServerApplicationContext - Root WebApplicationContext: initialization completed in 1021 ms
2025-09-07 13:10:00 INFO  [main] o.h.jpa.internal.util.LogHelper - HHH000204: Processing PersistenceUnitInfo [name: default]
2025-09-07 13:10:00 INFO  [main] org.hibernate.Version - HHH000412: Hibernate ORM core version 6.4.1.Final
2025-09-07 13:10:00 INFO  [main] o.h.c.i.RegionFactoryInitiator - HHH000026: Second-level cache disabled
2025-09-07 13:10:00 INFO  [main] o.s.o.j.p.SpringPersistenceUnitInfo - No LoadTimeWeaver setup: ignoring JPA class transformer
2025-09-07 13:10:00 INFO  [main] com.zaxxer.hikari.HikariDataSource - EcommerceHikariCP - Starting...
2025-09-07 13:10:00 INFO  [main] com.zaxxer.hikari.pool.HikariPool - EcommerceHikariCP - Added connection org.postgresql.jdbc.PgConnection@6f65aa58
2025-09-07 13:10:00 INFO  [main] com.zaxxer.hikari.HikariDataSource - EcommerceHikariCP - Start completed.
2025-09-07 13:10:01 WARN  [main] org.hibernate.orm.deprecation - HHH90000025: PostgreSQLDialect does not need to be specified explicitly using 'hibernate.dialect' (remove the property setting and it will be selected by default)
2025-09-07 13:10:01 INFO  [main] o.h.e.t.j.p.i.JtaPlatformInitiator - HHH000489: No JTA platform available (set 'hibernate.transaction.jta.platform' to enable JTA platform integration)
2025-09-07 13:10:02 INFO  [main] o.s.o.j.LocalContainerEntityManagerFactoryBean - Initialized JPA EntityManagerFactory for persistence unit 'default'
2025-09-07 13:10:02 INFO  [main] o.s.d.j.r.query.QueryEnhancerFactory - Hibernate is in classpath; If applicable, HQL parser will be used.
2025-09-07 13:10:02 WARN  [main] o.s.b.a.o.j.JpaBaseConfiguration$JpaWebConfiguration - spring.jpa.open-in-view is enabled by default. Therefore, database queries may be performed during view rendering. Explicitly configure spring.jpa.open-in-view to disable this warning
2025-09-07 13:10:02 DEBUG [main] o.s.w.s.m.m.a.RequestMappingHandlerMapping - 15 mappings in 'requestMappingHandlerMapping'
2025-09-07 13:10:03 DEBUG [main] o.s.w.s.m.m.a.RequestMappingHandlerAdapter - ControllerAdvice beans: 0 @ModelAttribute, 0 @InitBinder, 1 RequestBodyAdvice, 1 ResponseBodyAdvice
2025-09-07 13:10:03 DEBUG [main] o.s.w.s.m.m.a.ExceptionHandlerExceptionResolver - ControllerAdvice beans: 1 @ExceptionHandler, 1 ResponseBodyAdvice
2025-09-07 13:10:03 INFO  [main] o.a.coyote.http11.Http11NioProtocol - Starting ProtocolHandler ["http-nio-8100"]
2025-09-07 13:10:03 INFO  [main] o.s.b.w.e.tomcat.TomcatWebServer - Tomcat started on port 8100 (http) with context path ''
2025-09-07 13:10:03 INFO  [main] c.k.products.ProductsApplication - Started ProductsApplication in 4.636 seconds (process running for 5.35)
2025-09-07 13:10:19 INFO  [http-nio-8100-exec-1] o.a.c.c.C.[Tomcat].[localhost].[/] - Initializing Spring DispatcherServlet 'dispatcherServlet'
2025-09-07 13:10:19 INFO  [http-nio-8100-exec-1] o.s.web.servlet.DispatcherServlet - Initializing Servlet 'dispatcherServlet'
2025-09-07 13:10:19 DEBUG [http-nio-8100-exec-1] o.s.web.servlet.DispatcherServlet - Detected StandardServletMultipartResolver
2025-09-07 13:10:19 DEBUG [http-nio-8100-exec-1] o.s.web.servlet.DispatcherServlet - Detected AcceptHeaderLocaleResolver
2025-09-07 13:10:19 DEBUG [http-nio-8100-exec-1] o.s.web.servlet.DispatcherServlet - Detected FixedThemeResolver
2025-09-07 13:10:19 DEBUG [http-nio-8100-exec-1] o.s.web.servlet.DispatcherServlet - Detected org.springframework.web.servlet.view.DefaultRequestToViewNameTranslator@337f6716
2025-09-07 13:10:19 DEBUG [http-nio-8100-exec-1] o.s.web.servlet.DispatcherServlet - Detected org.springframework.web.servlet.support.SessionFlashMapManager@20ca2c3f
2025-09-07 13:10:19 DEBUG [http-nio-8100-exec-1] o.s.web.servlet.DispatcherServlet - enableLoggingRequestDetails='true': request parameters and headers will be shown which may lead to unsafe logging of potentially sensitive data
2025-09-07 13:10:19 INFO  [http-nio-8100-exec-1] o.s.web.servlet.DispatcherServlet - Completed initialization in 28 ms
2025-09-07 13:10:19 DEBUG [http-nio-8100-exec-1] o.s.web.servlet.DispatcherServlet - POST "/product/create", parameters={}
2025-09-07 13:10:19 DEBUG [http-nio-8100-exec-1] o.s.w.s.m.m.a.RequestMappingHandlerMapping - Mapped to com.keycloak.products.controller.ProductController#createProduct(DbProduct)
2025-09-07 13:10:19 DEBUG [http-nio-8100-exec-1] o.s.w.s.m.m.a.RequestResponseBodyMethodProcessor - Read "application/json;charset=UTF-8" to [DbProduct(id=null, name=Vision smart LED TV 55 Inch 4K UHD, description=55-inch Ultra HD Vision Smar (truncated)...]
2025-09-07 13:10:19 INFO  [http-nio-8100-exec-1] c.k.p.s.impl.ProductServiceImpl - Creating new product: DbProduct(id=null, name=Vision smart LED TV 55 Inch 4K UHD, description=55-inch Ultra HD Vision Smart LED TV with built-in apps, HDR10 support, and voice control remote., oldPrice=950000.00, oldPriceCurrency=KES, newPrice=0, newPriceCurrency=KES, availableQuantity=15, reservedQuantity=2, productImages=[DbProductImage(id=null, imageUrl=http://localhost:9000/ecommerce-public/2025/product-images/jpg/september/06/20220320_170114.jpg, metadata=Front view, powered on, sortOrder=1, storageId=68bbad959b5b045866f771a2, isValid=null, productId=null), DbProductImage(id=null, imageUrl=http://localhost:9000/ecommerce-public/2025/product-images/jpg/september/06/20220320_170114.jpg, metadata=Side profile, slim design, sortOrder=2, storageId=68bbad959b5b045866f771a2, isValid=null, productId=null), DbProductImage(id=null, imageUrl=http://localhost:9000/ecommerce-public/2025/product-images/jpg/september/06/20220320_170114.jpg, metadata=Back panel with HDMI ports, sortOrder=3, storageId=68bbad959b5b045866f771a2, isValid=null, productId=null)], sku=SKU-TV-5501, tags=[electronics, television, 4K, smart-tv], categoryIds=[69f5af79-df40-4543-b2ef-be4734a38533, 69f5af79-df40-4543-b2ef-be4734a38533], isActive=null)
2025-09-07 13:10:19 INFO  [http-nio-8100-exec-1] c.k.p.s.impl.ProductServiceImpl - Mapping DbProductImage to ProductImageEntity: DbProductImage(id=null, imageUrl=http://localhost:9000/ecommerce-public/2025/product-images/jpg/september/06/20220320_170114.jpg, metadata=Front view, powered on, sortOrder=1, storageId=68bbad959b5b045866f771a2, isValid=null, productId=null)
2025-09-07 13:10:19 INFO  [http-nio-8100-exec-1] c.k.p.s.impl.ProductServiceImpl - Mapping DbProductImage to ProductImageEntity: DbProductImage(id=null, imageUrl=http://localhost:9000/ecommerce-public/2025/product-images/jpg/september/06/20220320_170114.jpg, metadata=Side profile, slim design, sortOrder=2, storageId=68bbad959b5b045866f771a2, isValid=null, productId=null)
2025-09-07 13:10:19 INFO  [http-nio-8100-exec-1] c.k.p.s.impl.ProductServiceImpl - Mapping DbProductImage to ProductImageEntity: DbProductImage(id=null, imageUrl=http://localhost:9000/ecommerce-public/2025/product-images/jpg/september/06/20220320_170114.jpg, metadata=Back panel with HDMI ports, sortOrder=3, storageId=68bbad959b5b045866f771a2, isValid=null, productId=null)
2025-09-07 13:10:19 INFO  [http-nio-8100-exec-1] c.k.p.s.impl.ProductServiceImpl - Creating images for product: Vision smart LED TV 55 Inch 4K UHD
2025-09-07 13:10:19 INFO  [http-nio-8100-exec-1] c.k.p.s.impl.ProductServiceImpl - Saving product: Vision smart LED TV 55 Inch 4K UHD
2025-09-07 13:10:19 WARN  [http-nio-8100-exec-1] o.h.e.jdbc.spi.SqlExceptionHelper - SQL Error: 0, SQLState: 23505
2025-09-07 13:10:19 ERROR [http-nio-8100-exec-1] o.h.e.jdbc.spi.SqlExceptionHelper - ERROR: duplicate key value violates unique constraint "uk_q1mafxn973ldq80m1irp3mpvq"
  Detail: Key (sku)=(SKU-TV-5501) already exists.
2025-09-07 13:10:19 DEBUG [http-nio-8100-exec-1] o.s.w.s.m.m.a.ExceptionHandlerExceptionResolver - Using @ExceptionHandler com.keycloak.common.exception.GlobalExceptionHandler#handleGenericException(Exception)
2025-09-07 13:10:19 DEBUG [http-nio-8100-exec-1] o.s.w.s.m.m.a.HttpEntityMethodProcessor - Using 'application/json', given [*/*] and supported [application/json, application/*+json]
2025-09-07 13:10:19 DEBUG [http-nio-8100-exec-1] o.s.w.s.m.m.a.HttpEntityMethodProcessor - Writing [com.keycloak.common.response.ResponseWrapper@4e972bbb]
2025-09-07 13:10:19 DEBUG [http-nio-8100-exec-1] o.s.w.s.m.m.a.ExceptionHandlerExceptionResolver - Resolved [org.springframework.dao.DataIntegrityViolationException: could not execute statement [ERROR: duplicate key value violates unique constraint "uk_q1mafxn973ldq80m1irp3mpvq"<EOL>  Detail: Key (sku)=(SKU-TV-5501) already exists.] [insert into product (active,available_quantity,created_at,description,name,new_price,new_price_currency,old_price,old_price_currency,reserved_quantity,sku,updated_at,id) values (?,?,?,?,?,?,?,?,?,?,?,?,?)]; SQL [insert into product (active,available_quantity,created_at,description,name,new_price,new_price_currency,old_price,old_price_currency,reserved_quantity,sku,updated_at,id) values (?,?,?,?,?,?,?,?,?,?,?,?,?)]; constraint [uk_q1mafxn973ldq80m1irp3mpvq]]
2025-09-07 13:10:19 DEBUG [http-nio-8100-exec-1] o.s.web.servlet.DispatcherServlet - Completed 500 INTERNAL_SERVER_ERROR
2025-09-07 13:12:49 INFO  [SpringApplicationShutdownHook] o.s.o.j.LocalContainerEntityManagerFactoryBean - Closing JPA EntityManagerFactory for persistence unit 'default'
2025-09-07 13:12:49 INFO  [SpringApplicationShutdownHook] com.zaxxer.hikari.HikariDataSource - EcommerceHikariCP - Shutdown initiated...
2025-09-07 13:12:49 INFO  [SpringApplicationShutdownHook] com.zaxxer.hikari.HikariDataSource - EcommerceHikariCP - Shutdown completed.
2025-09-07 13:12:55 INFO  [main] c.k.products.ProductsApplication - Starting ProductsApplication using Java 17.0.11 with PID 89866 (/Users/davidnjau/Documents/Personal/keycloak/products/target/classes started by davidnjau in /Users/davidnjau/Documents/Personal/keycloak)
2025-09-07 13:12:55 INFO  [main] c.k.products.ProductsApplication - No active profile set, falling back to 1 default profile: "default"
2025-09-07 13:12:56 INFO  [main] o.s.d.r.c.RepositoryConfigurationDelegate - Multiple Spring Data modules found, entering strict repository configuration mode
2025-09-07 13:12:56 INFO  [main] o.s.d.r.c.RepositoryConfigurationDelegate - Bootstrapping Spring Data JPA repositories in DEFAULT mode.
2025-09-07 13:12:56 INFO  [main] o.s.d.r.c.RepositoryConfigurationDelegate - Finished Spring Data repository scanning in 71 ms. Found 3 JPA repository interfaces.
2025-09-07 13:12:56 INFO  [main] o.s.d.r.c.RepositoryConfigurationDelegate - Multiple Spring Data modules found, entering strict repository configuration mode
2025-09-07 13:12:56 INFO  [main] o.s.d.r.c.RepositoryConfigurationDelegate - Bootstrapping Spring Data Redis repositories in DEFAULT mode.
2025-09-07 13:12:56 INFO  [main] o.s.d.r.c.RepositoryConfigurationExtensionSupport - Spring Data Redis - Could not safely identify store assignment for repository candidate interface com.keycloak.products.repository.CategoryRepository; If you want this repository to be a Redis repository, consider annotating your entities with one of these annotations: org.springframework.data.redis.core.RedisHash (preferred), or consider extending one of the following types with your repository: org.springframework.data.keyvalue.repository.KeyValueRepository
2025-09-07 13:12:56 INFO  [main] o.s.d.r.c.RepositoryConfigurationExtensionSupport - Spring Data Redis - Could not safely identify store assignment for repository candidate interface com.keycloak.products.repository.ProductImageEntityRepository; If you want this repository to be a Redis repository, consider annotating your entities with one of these annotations: org.springframework.data.redis.core.RedisHash (preferred), or consider extending one of the following types with your repository: org.springframework.data.keyvalue.repository.KeyValueRepository
2025-09-07 13:12:56 INFO  [main] o.s.d.r.c.RepositoryConfigurationExtensionSupport - Spring Data Redis - Could not safely identify store assignment for repository candidate interface com.keycloak.products.repository.ProductRepository; If you want this repository to be a Redis repository, consider annotating your entities with one of these annotations: org.springframework.data.redis.core.RedisHash (preferred), or consider extending one of the following types with your repository: org.springframework.data.keyvalue.repository.KeyValueRepository
2025-09-07 13:12:56 INFO  [main] o.s.d.r.c.RepositoryConfigurationDelegate - Finished Spring Data repository scanning in 2 ms. Found 0 Redis repository interfaces.
2025-09-07 13:12:56 INFO  [main] o.s.b.w.e.tomcat.TomcatWebServer - Tomcat initialized with port 8100 (http)
2025-09-07 13:12:56 INFO  [main] o.a.coyote.http11.Http11NioProtocol - Initializing ProtocolHandler ["http-nio-8100"]
2025-09-07 13:12:56 INFO  [main] o.a.catalina.core.StandardService - Starting service [Tomcat]
2025-09-07 13:12:56 INFO  [main] o.a.catalina.core.StandardEngine - Starting Servlet engine: [Apache Tomcat/10.1.18]
2025-09-07 13:12:56 INFO  [main] o.a.c.c.C.[Tomcat].[localhost].[/] - Initializing Spring embedded WebApplicationContext
2025-09-07 13:12:56 INFO  [main] o.s.b.w.s.c.ServletWebServerApplicationContext - Root WebApplicationContext: initialization completed in 909 ms
2025-09-07 13:12:57 INFO  [main] o.h.jpa.internal.util.LogHelper - HHH000204: Processing PersistenceUnitInfo [name: default]
2025-09-07 13:12:57 INFO  [main] org.hibernate.Version - HHH000412: Hibernate ORM core version 6.4.1.Final
2025-09-07 13:12:57 INFO  [main] o.h.c.i.RegionFactoryInitiator - HHH000026: Second-level cache disabled
2025-09-07 13:12:57 INFO  [main] o.s.o.j.p.SpringPersistenceUnitInfo - No LoadTimeWeaver setup: ignoring JPA class transformer
2025-09-07 13:12:57 INFO  [main] com.zaxxer.hikari.HikariDataSource - EcommerceHikariCP - Starting...
2025-09-07 13:12:57 INFO  [main] com.zaxxer.hikari.pool.HikariPool - EcommerceHikariCP - Added connection org.postgresql.jdbc.PgConnection@42dd7d82
2025-09-07 13:12:57 INFO  [main] com.zaxxer.hikari.HikariDataSource - EcommerceHikariCP - Start completed.
2025-09-07 13:12:57 WARN  [main] org.hibernate.orm.deprecation - HHH90000025: PostgreSQLDialect does not need to be specified explicitly using 'hibernate.dialect' (remove the property setting and it will be selected by default)
2025-09-07 13:12:57 INFO  [main] o.h.e.t.j.p.i.JtaPlatformInitiator - HHH000489: No JTA platform available (set 'hibernate.transaction.jta.platform' to enable JTA platform integration)
2025-09-07 13:12:58 INFO  [main] o.s.o.j.LocalContainerEntityManagerFactoryBean - Initialized JPA EntityManagerFactory for persistence unit 'default'
2025-09-07 13:12:58 INFO  [main] o.s.d.j.r.query.QueryEnhancerFactory - Hibernate is in classpath; If applicable, HQL parser will be used.
2025-09-07 13:12:58 WARN  [main] o.s.b.a.o.j.JpaBaseConfiguration$JpaWebConfiguration - spring.jpa.open-in-view is enabled by default. Therefore, database queries may be performed during view rendering. Explicitly configure spring.jpa.open-in-view to disable this warning
2025-09-07 13:12:58 DEBUG [main] o.s.w.s.m.m.a.RequestMappingHandlerMapping - 15 mappings in 'requestMappingHandlerMapping'
2025-09-07 13:12:58 DEBUG [main] o.s.w.s.m.m.a.RequestMappingHandlerAdapter - ControllerAdvice beans: 0 @ModelAttribute, 0 @InitBinder, 1 RequestBodyAdvice, 1 ResponseBodyAdvice
2025-09-07 13:12:58 DEBUG [main] o.s.w.s.m.m.a.ExceptionHandlerExceptionResolver - ControllerAdvice beans: 1 @ExceptionHandler, 1 ResponseBodyAdvice
2025-09-07 13:12:58 INFO  [main] o.a.coyote.http11.Http11NioProtocol - Starting ProtocolHandler ["http-nio-8100"]
2025-09-07 13:12:58 INFO  [main] o.s.b.w.e.tomcat.TomcatWebServer - Tomcat started on port 8100 (http) with context path ''
2025-09-07 13:12:58 INFO  [main] c.k.products.ProductsApplication - Started ProductsApplication in 3.541 seconds (process running for 4.241)
2025-09-07 13:13:12 INFO  [http-nio-8100-exec-1] o.a.c.c.C.[Tomcat].[localhost].[/] - Initializing Spring DispatcherServlet 'dispatcherServlet'
2025-09-07 13:13:12 INFO  [http-nio-8100-exec-1] o.s.web.servlet.DispatcherServlet - Initializing Servlet 'dispatcherServlet'
2025-09-07 13:13:12 DEBUG [http-nio-8100-exec-1] o.s.web.servlet.DispatcherServlet - Detected StandardServletMultipartResolver
2025-09-07 13:13:12 DEBUG [http-nio-8100-exec-1] o.s.web.servlet.DispatcherServlet - Detected AcceptHeaderLocaleResolver
2025-09-07 13:13:12 DEBUG [http-nio-8100-exec-1] o.s.web.servlet.DispatcherServlet - Detected FixedThemeResolver
2025-09-07 13:13:12 DEBUG [http-nio-8100-exec-1] o.s.web.servlet.DispatcherServlet - Detected org.springframework.web.servlet.view.DefaultRequestToViewNameTranslator@2d4df467
2025-09-07 13:13:12 DEBUG [http-nio-8100-exec-1] o.s.web.servlet.DispatcherServlet - Detected org.springframework.web.servlet.support.SessionFlashMapManager@593f6c3
2025-09-07 13:13:12 DEBUG [http-nio-8100-exec-1] o.s.web.servlet.DispatcherServlet - enableLoggingRequestDetails='true': request parameters and headers will be shown which may lead to unsafe logging of potentially sensitive data
2025-09-07 13:13:12 INFO  [http-nio-8100-exec-1] o.s.web.servlet.DispatcherServlet - Completed initialization in 3 ms
2025-09-07 13:13:12 DEBUG [http-nio-8100-exec-1] o.s.web.servlet.DispatcherServlet - POST "/product/create", parameters={}
2025-09-07 13:13:12 DEBUG [http-nio-8100-exec-1] o.s.w.s.m.m.a.RequestMappingHandlerMapping - Mapped to com.keycloak.products.controller.ProductController#createProduct(DbProduct)
2025-09-07 13:13:12 DEBUG [http-nio-8100-exec-1] o.s.w.s.m.m.a.RequestResponseBodyMethodProcessor - Read "application/json;charset=UTF-8" to [DbProduct(id=null, name=Vision smart LED TV 55 Inch 4K UHD, description=55-inch Ultra HD Vision Smar (truncated)...]
2025-09-07 13:13:12 INFO  [http-nio-8100-exec-1] c.k.p.s.impl.ProductServiceImpl - Creating new product: DbProduct(id=null, name=Vision smart LED TV 55 Inch 4K UHD, description=55-inch Ultra HD Vision Smart LED TV with built-in apps, HDR10 support, and voice control remote., oldPrice=950000.00, oldPriceCurrency=KES, newPrice=0, newPriceCurrency=KES, availableQuantity=15, reservedQuantity=2, productImages=[DbProductImage(id=null, imageUrl=http://localhost:9000/ecommerce-public/2025/product-images/jpg/september/06/20220320_170114.jpg, metadata=Front view, powered on, sortOrder=1, storageId=68bbad959b5b045866f771a2, isValid=null, productId=null), DbProductImage(id=null, imageUrl=http://localhost:9000/ecommerce-public/2025/product-images/jpg/september/06/20220320_170114.jpg, metadata=Side profile, slim design, sortOrder=2, storageId=68bbad959b5b045866f771a2, isValid=null, productId=null), DbProductImage(id=null, imageUrl=http://localhost:9000/ecommerce-public/2025/product-images/jpg/september/06/20220320_170114.jpg, metadata=Back panel with HDMI ports, sortOrder=3, storageId=68bbad959b5b045866f771a2, isValid=null, productId=null)], sku=SKU-TV-5501, tags=[electronics, television, 4K, smart-tv], categoryIds=[69f5af79-df40-4543-b2ef-be4734a38533, 69f5af79-df40-4543-b2ef-be4734a38533], isActive=null)
2025-09-07 13:13:12 INFO  [http-nio-8100-exec-1] c.k.p.s.impl.ProductServiceImpl - Mapping DbProductImage to ProductImageEntity: DbProductImage(id=null, imageUrl=http://localhost:9000/ecommerce-public/2025/product-images/jpg/september/06/20220320_170114.jpg, metadata=Front view, powered on, sortOrder=1, storageId=68bbad959b5b045866f771a2, isValid=null, productId=null)
2025-09-07 13:13:12 INFO  [http-nio-8100-exec-1] c.k.p.s.impl.ProductServiceImpl - Mapping DbProductImage to ProductImageEntity: DbProductImage(id=null, imageUrl=http://localhost:9000/ecommerce-public/2025/product-images/jpg/september/06/20220320_170114.jpg, metadata=Side profile, slim design, sortOrder=2, storageId=68bbad959b5b045866f771a2, isValid=null, productId=null)
2025-09-07 13:13:12 INFO  [http-nio-8100-exec-1] c.k.p.s.impl.ProductServiceImpl - Mapping DbProductImage to ProductImageEntity: DbProductImage(id=null, imageUrl=http://localhost:9000/ecommerce-public/2025/product-images/jpg/september/06/20220320_170114.jpg, metadata=Back panel with HDMI ports, sortOrder=3, storageId=68bbad959b5b045866f771a2, isValid=null, productId=null)
2025-09-07 13:13:12 DEBUG [http-nio-8100-exec-1] o.s.w.s.m.m.a.ExceptionHandlerExceptionResolver - Using @ExceptionHandler com.keycloak.common.exception.GlobalExceptionHandler#handleApplicationException(ApplicationException)
2025-09-07 13:13:12 DEBUG [http-nio-8100-exec-1] o.s.w.s.m.m.a.HttpEntityMethodProcessor - Using 'application/json', given [*/*] and supported [application/json, application/*+json]
2025-09-07 13:13:12 DEBUG [http-nio-8100-exec-1] o.s.w.s.m.m.a.HttpEntityMethodProcessor - Writing [com.keycloak.common.response.ResponseWrapper@36333271]
2025-09-07 13:13:12 DEBUG [http-nio-8100-exec-1] o.s.w.s.m.m.a.ExceptionHandlerExceptionResolver - Resolved [com.keycloak.common.exception.ConflictException: Product SKU already exists: SKU-TV-5501]
2025-09-07 13:13:12 DEBUG [http-nio-8100-exec-1] o.s.web.servlet.DispatcherServlet - Completed 409 CONFLICT
2025-09-07 13:14:08 DEBUG [http-nio-8100-exec-2] o.s.web.servlet.DispatcherServlet - POST "/product/create", parameters={}
2025-09-07 13:14:08 DEBUG [http-nio-8100-exec-2] o.s.w.s.m.m.a.RequestMappingHandlerMapping - Mapped to com.keycloak.products.controller.ProductController#createProduct(DbProduct)
2025-09-07 13:14:08 DEBUG [http-nio-8100-exec-2] o.s.w.s.m.m.a.RequestResponseBodyMethodProcessor - Read "application/json;charset=UTF-8" to [DbProduct(id=null, name=Smart LG TV, description=No remote., oldPrice=150000.00, oldPriceCurrency=KE (truncated)...]
2025-09-07 13:14:08 INFO  [http-nio-8100-exec-2] c.k.p.s.impl.ProductServiceImpl - Creating new product: DbProduct(id=null, name=Smart LG TV, description=No remote., oldPrice=150000.00, oldPriceCurrency=KES, newPrice=0, newPriceCurrency=KES, availableQuantity=15, reservedQuantity=0, productImages=[DbProductImage(id=null, imageUrl=http://localhost:9000/ecommerce-public/2025/product-images/jpg/september/06/20220320_170114.jpg, metadata=Front view, powered on, sortOrder=1, storageId=68bbad959b5b045866f771a2, isValid=null, productId=null), DbProductImage(id=null, imageUrl=http://localhost:9000/ecommerce-public/2025/product-images/jpg/september/06/20220320_170114.jpg, metadata=Side profile, slim design, sortOrder=2, storageId=68bbad959b5b045866f771a2, isValid=null, productId=null), DbProductImage(id=null, imageUrl=http://localhost:9000/ecommerce-public/2025/product-images/jpg/september/06/20220320_170114.jpg, metadata=Back panel with HDMI ports, sortOrder=3, storageId=68bbad959b5b045866f771a2, isValid=null, productId=null)], sku=SKU-TV-5502, tags=[electronics, television, 4K], categoryIds=[69f5af79-df40-4543-b2ef-be4734a38533, 69f5af79-df40-4543-b2ef-be4734a38533], isActive=null)
2025-09-07 13:14:08 INFO  [http-nio-8100-exec-2] c.k.p.s.impl.ProductServiceImpl - Mapping DbProductImage to ProductImageEntity: DbProductImage(id=null, imageUrl=http://localhost:9000/ecommerce-public/2025/product-images/jpg/september/06/20220320_170114.jpg, metadata=Front view, powered on, sortOrder=1, storageId=68bbad959b5b045866f771a2, isValid=null, productId=null)
2025-09-07 13:14:08 INFO  [http-nio-8100-exec-2] c.k.p.s.impl.ProductServiceImpl - Mapping DbProductImage to ProductImageEntity: DbProductImage(id=null, imageUrl=http://localhost:9000/ecommerce-public/2025/product-images/jpg/september/06/20220320_170114.jpg, metadata=Side profile, slim design, sortOrder=2, storageId=68bbad959b5b045866f771a2, isValid=null, productId=null)
2025-09-07 13:14:08 INFO  [http-nio-8100-exec-2] c.k.p.s.impl.ProductServiceImpl - Mapping DbProductImage to ProductImageEntity: DbProductImage(id=null, imageUrl=http://localhost:9000/ecommerce-public/2025/product-images/jpg/september/06/20220320_170114.jpg, metadata=Back panel with HDMI ports, sortOrder=3, storageId=68bbad959b5b045866f771a2, isValid=null, productId=null)
2025-09-07 13:14:08 INFO  [http-nio-8100-exec-2] c.k.p.s.impl.ProductServiceImpl - Creating images for product: Smart LG TV
2025-09-07 13:14:08 INFO  [http-nio-8100-exec-2] c.k.p.s.impl.ProductServiceImpl - Saving product: Smart LG TV
2025-09-07 13:14:08 DEBUG [http-nio-8100-exec-2] o.s.w.s.m.m.a.HttpEntityMethodProcessor - Using 'application/json', given [*/*] and supported [application/json, application/*+json]
2025-09-07 13:14:08 DEBUG [http-nio-8100-exec-2] o.s.w.s.m.m.a.HttpEntityMethodProcessor - Writing [com.keycloak.common.response.ResponseWrapper@40004d65]
2025-09-07 13:14:08 DEBUG [http-nio-8100-exec-2] o.s.web.servlet.DispatcherServlet - Completed 200 OK
2025-09-07 13:14:16 DEBUG [http-nio-8100-exec-3] o.s.web.servlet.DispatcherServlet - GET "/product/", parameters={}
2025-09-07 13:14:17 DEBUG [http-nio-8100-exec-3] o.s.w.s.m.m.a.RequestMappingHandlerMapping - Mapped to com.keycloak.products.controller.ProductController#getAllCategories(int, int, String, String, Boolean)
2025-09-07 13:14:17 INFO  [http-nio-8100-exec-3] c.k.p.s.impl.ProductServiceImpl - Fetching products with page=0, size=10, sortBy=name, order=asc
2025-09-07 13:14:17 INFO  [http-nio-8100-exec-3] c.k.common.reusable.CommonReusable - Creating Pageable on common with page=0, size=10, sortBy=name, order=asc
2025-09-07 13:14:17 INFO  [http-nio-8100-exec-3] c.k.p.s.impl.ProductServiceImpl - Total number of products: 2
2025-09-07 13:14:17 INFO  [http-nio-8100-exec-3] c.k.p.s.impl.ProductServiceImpl - Mapping ProductEntity to DbProduct: com.keycloak.products.entity.ProductEntity@614ac5a7
2025-09-07 13:14:17 INFO  [http-nio-8100-exec-3] c.k.p.s.impl.ProductServiceImpl - Mapping ProductImageEntity to DbProductImage: com.keycloak.products.entity.ProductImageEntity@749af835
2025-09-07 13:14:17 INFO  [http-nio-8100-exec-3] c.k.p.s.impl.ProductServiceImpl - Mapping ProductImageEntity to DbProductImage: com.keycloak.products.entity.ProductImageEntity@16613de1
2025-09-07 13:14:17 INFO  [http-nio-8100-exec-3] c.k.p.s.impl.ProductServiceImpl - Mapping ProductImageEntity to DbProductImage: com.keycloak.products.entity.ProductImageEntity@72469a76
2025-09-07 13:14:17 INFO  [http-nio-8100-exec-3] c.k.p.s.impl.ProductServiceImpl - Mapping ProductEntity to DbProduct: com.keycloak.products.entity.ProductEntity@39e2178a
2025-09-07 13:14:17 INFO  [http-nio-8100-exec-3] c.k.p.s.impl.ProductServiceImpl - Mapping ProductImageEntity to DbProductImage: com.keycloak.products.entity.ProductImageEntity@4101c1a4
2025-09-07 13:14:17 INFO  [http-nio-8100-exec-3] c.k.p.s.impl.ProductServiceImpl - Mapping ProductImageEntity to DbProductImage: com.keycloak.products.entity.ProductImageEntity@20594600
2025-09-07 13:14:17 INFO  [http-nio-8100-exec-3] c.k.p.s.impl.ProductServiceImpl - Mapping ProductImageEntity to DbProductImage: com.keycloak.products.entity.ProductImageEntity@2f42bf5c
2025-09-07 13:14:17 INFO  [http-nio-8100-exec-3] c.k.p.s.impl.ProductServiceImpl - Returning products: 2
2025-09-07 13:14:17 INFO  [http-nio-8100-exec-3] c.k.p.s.impl.ProductServiceImpl - Successfully fetched 2 categories
2025-09-07 13:14:17 DEBUG [http-nio-8100-exec-3] o.s.w.s.m.m.a.HttpEntityMethodProcessor - Using 'application/json', given [*/*] and supported [application/json, application/*+json]
2025-09-07 13:14:17 DEBUG [http-nio-8100-exec-3] o.s.w.s.m.m.a.HttpEntityMethodProcessor - Writing [com.keycloak.common.response.ResponseWrapper@47f4c73d]
2025-09-07 13:14:17 DEBUG [http-nio-8100-exec-3] o.s.web.servlet.DispatcherServlet - Completed 200 OK
2025-09-07 13:14:53 INFO  [SpringApplicationShutdownHook] o.s.o.j.LocalContainerEntityManagerFactoryBean - Closing JPA EntityManagerFactory for persistence unit 'default'
2025-09-07 13:14:53 INFO  [SpringApplicationShutdownHook] com.zaxxer.hikari.HikariDataSource - EcommerceHikariCP - Shutdown initiated...
2025-09-07 13:14:53 INFO  [SpringApplicationShutdownHook] com.zaxxer.hikari.HikariDataSource - EcommerceHikariCP - Shutdown completed.
2025-09-07 13:14:58 INFO  [main] c.k.products.ProductsApplication - Starting ProductsApplication using Java 17.0.11 with PID 89985 (/Users/davidnjau/Documents/Personal/keycloak/products/target/classes started by davidnjau in /Users/davidnjau/Documents/Personal/keycloak)
2025-09-07 13:14:58 INFO  [main] c.k.products.ProductsApplication - No active profile set, falling back to 1 default profile: "default"
2025-09-07 13:14:58 INFO  [main] o.s.d.r.c.RepositoryConfigurationDelegate - Multiple Spring Data modules found, entering strict repository configuration mode
2025-09-07 13:14:58 INFO  [main] o.s.d.r.c.RepositoryConfigurationDelegate - Bootstrapping Spring Data JPA repositories in DEFAULT mode.
2025-09-07 13:14:59 INFO  [main] o.s.d.r.c.RepositoryConfigurationDelegate - Finished Spring Data repository scanning in 85 ms. Found 3 JPA repository interfaces.
2025-09-07 13:14:59 INFO  [main] o.s.d.r.c.RepositoryConfigurationDelegate - Multiple Spring Data modules found, entering strict repository configuration mode
2025-09-07 13:14:59 INFO  [main] o.s.d.r.c.RepositoryConfigurationDelegate - Bootstrapping Spring Data Redis repositories in DEFAULT mode.
2025-09-07 13:14:59 INFO  [main] o.s.d.r.c.RepositoryConfigurationExtensionSupport - Spring Data Redis - Could not safely identify store assignment for repository candidate interface com.keycloak.products.repository.CategoryRepository; If you want this repository to be a Redis repository, consider annotating your entities with one of these annotations: org.springframework.data.redis.core.RedisHash (preferred), or consider extending one of the following types with your repository: org.springframework.data.keyvalue.repository.KeyValueRepository
2025-09-07 13:14:59 INFO  [main] o.s.d.r.c.RepositoryConfigurationExtensionSupport - Spring Data Redis - Could not safely identify store assignment for repository candidate interface com.keycloak.products.repository.ProductImageEntityRepository; If you want this repository to be a Redis repository, consider annotating your entities with one of these annotations: org.springframework.data.redis.core.RedisHash (preferred), or consider extending one of the following types with your repository: org.springframework.data.keyvalue.repository.KeyValueRepository
2025-09-07 13:14:59 INFO  [main] o.s.d.r.c.RepositoryConfigurationExtensionSupport - Spring Data Redis - Could not safely identify store assignment for repository candidate interface com.keycloak.products.repository.ProductRepository; If you want this repository to be a Redis repository, consider annotating your entities with one of these annotations: org.springframework.data.redis.core.RedisHash (preferred), or consider extending one of the following types with your repository: org.springframework.data.keyvalue.repository.KeyValueRepository
2025-09-07 13:14:59 INFO  [main] o.s.d.r.c.RepositoryConfigurationDelegate - Finished Spring Data repository scanning in 6 ms. Found 0 Redis repository interfaces.
2025-09-07 13:15:00 INFO  [main] o.s.b.w.e.tomcat.TomcatWebServer - Tomcat initialized with port 8100 (http)
2025-09-07 13:15:00 INFO  [main] o.a.coyote.http11.Http11NioProtocol - Initializing ProtocolHandler ["http-nio-8100"]
2025-09-07 13:15:00 INFO  [main] o.a.catalina.core.StandardService - Starting service [Tomcat]
2025-09-07 13:15:00 INFO  [main] o.a.catalina.core.StandardEngine - Starting Servlet engine: [Apache Tomcat/10.1.18]
2025-09-07 13:15:00 INFO  [main] o.a.c.c.C.[Tomcat].[localhost].[/] - Initializing Spring embedded WebApplicationContext
2025-09-07 13:15:00 INFO  [main] o.s.b.w.s.c.ServletWebServerApplicationContext - Root WebApplicationContext: initialization completed in 2327 ms
2025-09-07 13:15:00 INFO  [main] o.h.jpa.internal.util.LogHelper - HHH000204: Processing PersistenceUnitInfo [name: default]
2025-09-07 13:15:00 INFO  [main] org.hibernate.Version - HHH000412: Hibernate ORM core version 6.4.1.Final
2025-09-07 13:15:01 INFO  [main] o.h.c.i.RegionFactoryInitiator - HHH000026: Second-level cache disabled
2025-09-07 13:15:01 INFO  [main] o.s.o.j.p.SpringPersistenceUnitInfo - No LoadTimeWeaver setup: ignoring JPA class transformer
2025-09-07 13:15:01 INFO  [main] com.zaxxer.hikari.HikariDataSource - EcommerceHikariCP - Starting...
2025-09-07 13:15:01 INFO  [main] com.zaxxer.hikari.pool.HikariPool - EcommerceHikariCP - Added connection org.postgresql.jdbc.PgConnection@2d459bda
2025-09-07 13:15:01 INFO  [main] com.zaxxer.hikari.HikariDataSource - EcommerceHikariCP - Start completed.
2025-09-07 13:15:01 WARN  [main] org.hibernate.orm.deprecation - HHH90000025: PostgreSQLDialect does not need to be specified explicitly using 'hibernate.dialect' (remove the property setting and it will be selected by default)
2025-09-07 13:15:02 INFO  [main] o.h.e.t.j.p.i.JtaPlatformInitiator - HHH000489: No JTA platform available (set 'hibernate.transaction.jta.platform' to enable JTA platform integration)
2025-09-07 13:15:02 INFO  [main] o.s.o.j.LocalContainerEntityManagerFactoryBean - Initialized JPA EntityManagerFactory for persistence unit 'default'
2025-09-07 13:15:02 INFO  [main] o.s.d.j.r.query.QueryEnhancerFactory - Hibernate is in classpath; If applicable, HQL parser will be used.
2025-09-07 13:15:03 WARN  [main] o.s.b.a.o.j.JpaBaseConfiguration$JpaWebConfiguration - spring.jpa.open-in-view is enabled by default. Therefore, database queries may be performed during view rendering. Explicitly configure spring.jpa.open-in-view to disable this warning
2025-09-07 13:15:03 DEBUG [main] o.s.w.s.m.m.a.RequestMappingHandlerMapping - 15 mappings in 'requestMappingHandlerMapping'
2025-09-07 13:15:03 DEBUG [main] o.s.w.s.m.m.a.RequestMappingHandlerAdapter - ControllerAdvice beans: 0 @ModelAttribute, 0 @InitBinder, 1 RequestBodyAdvice, 1 ResponseBodyAdvice
2025-09-07 13:15:03 DEBUG [main] o.s.w.s.m.m.a.ExceptionHandlerExceptionResolver - ControllerAdvice beans: 1 @ExceptionHandler, 1 ResponseBodyAdvice
2025-09-07 13:15:03 INFO  [main] o.a.coyote.http11.Http11NioProtocol - Starting ProtocolHandler ["http-nio-8100"]
2025-09-07 13:15:03 INFO  [main] o.s.b.w.e.tomcat.TomcatWebServer - Tomcat started on port 8100 (http) with context path ''
2025-09-07 13:15:03 INFO  [main] c.k.products.ProductsApplication - Started ProductsApplication in 5.759 seconds (process running for 6.255)
2025-09-07 13:15:55 INFO  [SpringApplicationShutdownHook] o.s.o.j.LocalContainerEntityManagerFactoryBean - Closing JPA EntityManagerFactory for persistence unit 'default'
2025-09-07 13:15:55 INFO  [SpringApplicationShutdownHook] com.zaxxer.hikari.HikariDataSource - EcommerceHikariCP - Shutdown initiated...
2025-09-07 13:15:55 INFO  [SpringApplicationShutdownHook] com.zaxxer.hikari.HikariDataSource - EcommerceHikariCP - Shutdown completed.
2025-09-07 13:15:59 INFO  [main] c.k.products.ProductsApplication - Starting ProductsApplication using Java 17.0.11 with PID 90022 (/Users/davidnjau/Documents/Personal/keycloak/products/target/classes started by davidnjau in /Users/davidnjau/Documents/Personal/keycloak)
2025-09-07 13:15:59 INFO  [main] c.k.products.ProductsApplication - No active profile set, falling back to 1 default profile: "default"
2025-09-07 13:16:00 INFO  [main] o.s.d.r.c.RepositoryConfigurationDelegate - Multiple Spring Data modules found, entering strict repository configuration mode
2025-09-07 13:16:00 INFO  [main] o.s.d.r.c.RepositoryConfigurationDelegate - Bootstrapping Spring Data JPA repositories in DEFAULT mode.
2025-09-07 13:16:00 INFO  [main] o.s.d.r.c.RepositoryConfigurationDelegate - Finished Spring Data repository scanning in 296 ms. Found 3 JPA repository interfaces.
2025-09-07 13:16:00 INFO  [main] o.s.d.r.c.RepositoryConfigurationDelegate - Multiple Spring Data modules found, entering strict repository configuration mode
2025-09-07 13:16:00 INFO  [main] o.s.d.r.c.RepositoryConfigurationDelegate - Bootstrapping Spring Data Redis repositories in DEFAULT mode.
2025-09-07 13:16:01 INFO  [main] o.s.d.r.c.RepositoryConfigurationExtensionSupport - Spring Data Redis - Could not safely identify store assignment for repository candidate interface com.keycloak.products.repository.CategoryRepository; If you want this repository to be a Redis repository, consider annotating your entities with one of these annotations: org.springframework.data.redis.core.RedisHash (preferred), or consider extending one of the following types with your repository: org.springframework.data.keyvalue.repository.KeyValueRepository
2025-09-07 13:16:01 INFO  [main] o.s.d.r.c.RepositoryConfigurationExtensionSupport - Spring Data Redis - Could not safely identify store assignment for repository candidate interface com.keycloak.products.repository.ProductImageEntityRepository; If you want this repository to be a Redis repository, consider annotating your entities with one of these annotations: org.springframework.data.redis.core.RedisHash (preferred), or consider extending one of the following types with your repository: org.springframework.data.keyvalue.repository.KeyValueRepository
2025-09-07 13:16:01 INFO  [main] o.s.d.r.c.RepositoryConfigurationExtensionSupport - Spring Data Redis - Could not safely identify store assignment for repository candidate interface com.keycloak.products.repository.ProductRepository; If you want this repository to be a Redis repository, consider annotating your entities with one of these annotations: org.springframework.data.redis.core.RedisHash (preferred), or consider extending one of the following types with your repository: org.springframework.data.keyvalue.repository.KeyValueRepository
2025-09-07 13:16:01 INFO  [main] o.s.d.r.c.RepositoryConfigurationDelegate - Finished Spring Data repository scanning in 3 ms. Found 0 Redis repository interfaces.
2025-09-07 13:16:01 INFO  [main] o.s.b.w.e.tomcat.TomcatWebServer - Tomcat initialized with port 8100 (http)
2025-09-07 13:16:01 INFO  [main] o.a.coyote.http11.Http11NioProtocol - Initializing ProtocolHandler ["http-nio-8100"]
2025-09-07 13:16:01 INFO  [main] o.a.catalina.core.StandardService - Starting service [Tomcat]
2025-09-07 13:16:01 INFO  [main] o.a.catalina.core.StandardEngine - Starting Servlet engine: [Apache Tomcat/10.1.18]
2025-09-07 13:16:01 INFO  [main] o.a.c.c.C.[Tomcat].[localhost].[/] - Initializing Spring embedded WebApplicationContext
2025-09-07 13:16:01 INFO  [main] o.s.b.w.s.c.ServletWebServerApplicationContext - Root WebApplicationContext: initialization completed in 2294 ms
2025-09-07 13:16:02 INFO  [main] o.h.jpa.internal.util.LogHelper - HHH000204: Processing PersistenceUnitInfo [name: default]
2025-09-07 13:16:02 INFO  [main] org.hibernate.Version - HHH000412: Hibernate ORM core version 6.4.1.Final
2025-09-07 13:16:02 INFO  [main] o.h.c.i.RegionFactoryInitiator - HHH000026: Second-level cache disabled
2025-09-07 13:16:02 INFO  [main] o.s.o.j.p.SpringPersistenceUnitInfo - No LoadTimeWeaver setup: ignoring JPA class transformer
2025-09-07 13:16:02 INFO  [main] com.zaxxer.hikari.HikariDataSource - EcommerceHikariCP - Starting...
2025-09-07 13:16:03 INFO  [main] com.zaxxer.hikari.pool.HikariPool - EcommerceHikariCP - Added connection org.postgresql.jdbc.PgConnection@407f2029
2025-09-07 13:16:03 INFO  [main] com.zaxxer.hikari.HikariDataSource - EcommerceHikariCP - Start completed.
2025-09-07 13:16:03 WARN  [main] org.hibernate.orm.deprecation - HHH90000025: PostgreSQLDialect does not need to be specified explicitly using 'hibernate.dialect' (remove the property setting and it will be selected by default)
2025-09-07 13:16:03 INFO  [main] o.h.e.t.j.p.i.JtaPlatformInitiator - HHH000489: No JTA platform available (set 'hibernate.transaction.jta.platform' to enable JTA platform integration)
2025-09-07 13:16:04 INFO  [main] o.s.o.j.LocalContainerEntityManagerFactoryBean - Initialized JPA EntityManagerFactory for persistence unit 'default'
2025-09-07 13:16:04 INFO  [main] o.s.d.j.r.query.QueryEnhancerFactory - Hibernate is in classpath; If applicable, HQL parser will be used.
2025-09-07 13:16:05 WARN  [main] o.s.b.a.o.j.JpaBaseConfiguration$JpaWebConfiguration - spring.jpa.open-in-view is enabled by default. Therefore, database queries may be performed during view rendering. Explicitly configure spring.jpa.open-in-view to disable this warning
2025-09-07 13:16:05 DEBUG [main] o.s.w.s.m.m.a.RequestMappingHandlerMapping - 15 mappings in 'requestMappingHandlerMapping'
2025-09-07 13:16:05 DEBUG [main] o.s.w.s.m.m.a.RequestMappingHandlerAdapter - ControllerAdvice beans: 0 @ModelAttribute, 0 @InitBinder, 1 RequestBodyAdvice, 1 ResponseBodyAdvice
2025-09-07 13:16:05 DEBUG [main] o.s.w.s.m.m.a.ExceptionHandlerExceptionResolver - ControllerAdvice beans: 1 @ExceptionHandler, 1 ResponseBodyAdvice
2025-09-07 13:16:05 INFO  [main] o.a.coyote.http11.Http11NioProtocol - Starting ProtocolHandler ["http-nio-8100"]
2025-09-07 13:16:05 INFO  [main] o.s.b.w.e.tomcat.TomcatWebServer - Tomcat started on port 8100 (http) with context path ''
2025-09-07 13:16:05 INFO  [main] c.k.products.ProductsApplication - Started ProductsApplication in 6.523 seconds (process running for 6.9)
2025-09-07 13:16:37 INFO  [http-nio-8100-exec-1] o.a.c.c.C.[Tomcat].[localhost].[/] - Initializing Spring DispatcherServlet 'dispatcherServlet'
2025-09-07 13:16:37 INFO  [http-nio-8100-exec-1] o.s.web.servlet.DispatcherServlet - Initializing Servlet 'dispatcherServlet'
2025-09-07 13:16:37 DEBUG [http-nio-8100-exec-1] o.s.web.servlet.DispatcherServlet - Detected StandardServletMultipartResolver
2025-09-07 13:16:37 DEBUG [http-nio-8100-exec-1] o.s.web.servlet.DispatcherServlet - Detected AcceptHeaderLocaleResolver
2025-09-07 13:16:37 DEBUG [http-nio-8100-exec-1] o.s.web.servlet.DispatcherServlet - Detected FixedThemeResolver
2025-09-07 13:16:37 DEBUG [http-nio-8100-exec-1] o.s.web.servlet.DispatcherServlet - Detected org.springframework.web.servlet.view.DefaultRequestToViewNameTranslator@37dcda42
2025-09-07 13:16:37 DEBUG [http-nio-8100-exec-1] o.s.web.servlet.DispatcherServlet - Detected org.springframework.web.servlet.support.SessionFlashMapManager@2c66be14
2025-09-07 13:16:37 DEBUG [http-nio-8100-exec-1] o.s.web.servlet.DispatcherServlet - enableLoggingRequestDetails='true': request parameters and headers will be shown which may lead to unsafe logging of potentially sensitive data
2025-09-07 13:16:37 INFO  [http-nio-8100-exec-1] o.s.web.servlet.DispatcherServlet - Completed initialization in 3 ms
2025-09-07 13:16:37 DEBUG [http-nio-8100-exec-1] o.s.web.servlet.DispatcherServlet - POST "/product/create", parameters={}
2025-09-07 13:16:37 DEBUG [http-nio-8100-exec-1] o.s.w.s.m.m.a.RequestMappingHandlerMapping - Mapped to com.keycloak.products.controller.ProductController#createProduct(DbProduct)
2025-09-07 13:16:37 DEBUG [http-nio-8100-exec-1] o.s.w.s.m.m.a.RequestResponseBodyMethodProcessor - Read "application/json;charset=UTF-8" to [DbProduct(id=null, name=4 Seater Seat, description=Leather Seats., oldPrice=10000.00, oldPriceCurren (truncated)...]
2025-09-07 13:16:37 INFO  [http-nio-8100-exec-1] c.k.p.s.impl.ProductServiceImpl - Creating new product: DbProduct(id=null, name=4 Seater Seat, description=Leather Seats., oldPrice=10000.00, oldPriceCurrency=KES, newPrice=0, newPriceCurrency=KES, availableQuantity=10, reservedQuantity=0, productImages=[DbProductImage(id=null, imageUrl=http://localhost:9000/ecommerce-public/2025/product-images/jpg/september/06/20220320_170114.jpg, metadata=Front view, powered on, sortOrder=1, storageId=68bbad959b5b045866f771a2, isValid=null, productId=null), DbProductImage(id=null, imageUrl=http://localhost:9000/ecommerce-public/2025/product-images/jpg/september/06/20220320_170114.jpg, metadata=Side profile, slim design, sortOrder=2, storageId=68bbad959b5b045866f771a2, isValid=null, productId=null), DbProductImage(id=null, imageUrl=http://localhost:9000/ecommerce-public/2025/product-images/jpg/september/06/20220320_170114.jpg, metadata=Back panel with HDMI ports, sortOrder=3, storageId=68bbad959b5b045866f771a2, isValid=null, productId=null)], sku=SKU-TV-5503, tags=[leather, seats], categoryIds=[69f5af79-df40-4543-b2ef-be4734a38533, 69f5af79-df40-4543-b2ef-be4734a38533], isActive=null)
2025-09-07 13:16:37 INFO  [http-nio-8100-exec-1] c.k.p.s.impl.ProductServiceImpl - Mapping DbProductImage to ProductImageEntity: DbProductImage(id=null, imageUrl=http://localhost:9000/ecommerce-public/2025/product-images/jpg/september/06/20220320_170114.jpg, metadata=Front view, powered on, sortOrder=1, storageId=68bbad959b5b045866f771a2, isValid=null, productId=null)
2025-09-07 13:16:37 INFO  [http-nio-8100-exec-1] c.k.p.s.impl.ProductServiceImpl - Mapping DbProductImage to ProductImageEntity: DbProductImage(id=null, imageUrl=http://localhost:9000/ecommerce-public/2025/product-images/jpg/september/06/20220320_170114.jpg, metadata=Side profile, slim design, sortOrder=2, storageId=68bbad959b5b045866f771a2, isValid=null, productId=null)
2025-09-07 13:16:37 INFO  [http-nio-8100-exec-1] c.k.p.s.impl.ProductServiceImpl - Mapping DbProductImage to ProductImageEntity: DbProductImage(id=null, imageUrl=http://localhost:9000/ecommerce-public/2025/product-images/jpg/september/06/20220320_170114.jpg, metadata=Back panel with HDMI ports, sortOrder=3, storageId=68bbad959b5b045866f771a2, isValid=null, productId=null)
2025-09-07 13:16:37 INFO  [http-nio-8100-exec-1] c.k.p.s.impl.ProductServiceImpl - Creating images for product: 4 Seater Seat
2025-09-07 13:16:37 INFO  [http-nio-8100-exec-1] c.k.p.s.impl.ProductServiceImpl - Saving product: 4 Seater Seat
2025-09-07 13:16:37 DEBUG [http-nio-8100-exec-1] o.s.w.s.m.m.a.HttpEntityMethodProcessor - Using 'application/json', given [*/*] and supported [application/json, application/*+json]
2025-09-07 13:16:37 DEBUG [http-nio-8100-exec-1] o.s.w.s.m.m.a.HttpEntityMethodProcessor - Writing [com.keycloak.common.response.ResponseWrapper@532ac7f2]
2025-09-07 13:16:37 DEBUG [http-nio-8100-exec-1] o.s.web.servlet.DispatcherServlet - Completed 200 OK
2025-09-07 13:17:09 DEBUG [http-nio-8100-exec-2] o.s.web.servlet.DispatcherServlet - GET "/product/e0c6a417-46b9-4762-8e6d-94bfaf328829", parameters={}
2025-09-07 13:17:09 DEBUG [http-nio-8100-exec-2] o.s.w.s.m.m.a.RequestMappingHandlerMapping - Mapped to com.keycloak.products.controller.ProductController#getProductById(String)
2025-09-07 13:17:09 INFO  [http-nio-8100-exec-2] c.k.p.s.impl.ProductServiceImpl - Fetching product with ID: e0c6a417-46b9-4762-8e6d-94bfaf328829
2025-09-07 13:17:09 INFO  [http-nio-8100-exec-2] c.k.p.s.impl.ProductServiceImpl - Mapping ProductEntity to DbProduct: com.keycloak.products.entity.ProductEntity@5e47f8c
2025-09-07 13:17:09 INFO  [http-nio-8100-exec-2] c.k.p.s.impl.ProductServiceImpl - Mapping ProductImageEntity to DbProductImage: com.keycloak.products.entity.ProductImageEntity@7ee96ab6
2025-09-07 13:17:09 INFO  [http-nio-8100-exec-2] c.k.p.s.impl.ProductServiceImpl - Mapping ProductImageEntity to DbProductImage: com.keycloak.products.entity.ProductImageEntity@7addc0c1
2025-09-07 13:17:09 INFO  [http-nio-8100-exec-2] c.k.p.s.impl.ProductServiceImpl - Mapping ProductImageEntity to DbProductImage: com.keycloak.products.entity.ProductImageEntity@7883be90
2025-09-07 13:17:09 DEBUG [http-nio-8100-exec-2] o.s.w.s.m.m.a.HttpEntityMethodProcessor - Using 'application/json', given [*/*] and supported [application/json, application/*+json]
2025-09-07 13:17:09 DEBUG [http-nio-8100-exec-2] o.s.w.s.m.m.a.HttpEntityMethodProcessor - Writing [com.keycloak.common.response.ResponseWrapper@712837fd]
2025-09-07 13:17:09 DEBUG [http-nio-8100-exec-2] o.s.web.servlet.DispatcherServlet - Completed 200 OK
2025-09-07 13:20:07 INFO  [SpringApplicationShutdownHook] o.s.o.j.LocalContainerEntityManagerFactoryBean - Closing JPA EntityManagerFactory for persistence unit 'default'
2025-09-07 13:20:07 INFO  [SpringApplicationShutdownHook] com.zaxxer.hikari.HikariDataSource - EcommerceHikariCP - Shutdown initiated...
2025-09-07 13:20:07 INFO  [SpringApplicationShutdownHook] com.zaxxer.hikari.HikariDataSource - EcommerceHikariCP - Shutdown completed.
2025-09-07 13:20:17 INFO  [main] c.k.products.ProductsApplication - Starting ProductsApplication using Java 17.0.11 with PID 90273 (/Users/davidnjau/Documents/Personal/keycloak/products/target/classes started by davidnjau in /Users/davidnjau/Documents/Personal/keycloak)
2025-09-07 13:20:17 INFO  [main] c.k.products.ProductsApplication - No active profile set, falling back to 1 default profile: "default"
2025-09-07 13:20:19 INFO  [main] o.s.d.r.c.RepositoryConfigurationDelegate - Multiple Spring Data modules found, entering strict repository configuration mode
2025-09-07 13:20:19 INFO  [main] o.s.d.r.c.RepositoryConfigurationDelegate - Bootstrapping Spring Data JPA repositories in DEFAULT mode.
2025-09-07 13:20:19 INFO  [main] o.s.d.r.c.RepositoryConfigurationDelegate - Finished Spring Data repository scanning in 428 ms. Found 3 JPA repository interfaces.
2025-09-07 13:20:19 INFO  [main] o.s.d.r.c.RepositoryConfigurationDelegate - Multiple Spring Data modules found, entering strict repository configuration mode
2025-09-07 13:20:19 INFO  [main] o.s.d.r.c.RepositoryConfigurationDelegate - Bootstrapping Spring Data Redis repositories in DEFAULT mode.
2025-09-07 13:20:19 INFO  [main] o.s.d.r.c.RepositoryConfigurationExtensionSupport - Spring Data Redis - Could not safely identify store assignment for repository candidate interface com.keycloak.products.repository.CategoryRepository; If you want this repository to be a Redis repository, consider annotating your entities with one of these annotations: org.springframework.data.redis.core.RedisHash (preferred), or consider extending one of the following types with your repository: org.springframework.data.keyvalue.repository.KeyValueRepository
2025-09-07 13:20:19 INFO  [main] o.s.d.r.c.RepositoryConfigurationExtensionSupport - Spring Data Redis - Could not safely identify store assignment for repository candidate interface com.keycloak.products.repository.ProductImageEntityRepository; If you want this repository to be a Redis repository, consider annotating your entities with one of these annotations: org.springframework.data.redis.core.RedisHash (preferred), or consider extending one of the following types with your repository: org.springframework.data.keyvalue.repository.KeyValueRepository
2025-09-07 13:20:19 INFO  [main] o.s.d.r.c.RepositoryConfigurationExtensionSupport - Spring Data Redis - Could not safely identify store assignment for repository candidate interface com.keycloak.products.repository.ProductRepository; If you want this repository to be a Redis repository, consider annotating your entities with one of these annotations: org.springframework.data.redis.core.RedisHash (preferred), or consider extending one of the following types with your repository: org.springframework.data.keyvalue.repository.KeyValueRepository
2025-09-07 13:20:19 INFO  [main] o.s.d.r.c.RepositoryConfigurationDelegate - Finished Spring Data repository scanning in 7 ms. Found 0 Redis repository interfaces.
2025-09-07 13:20:20 INFO  [main] o.s.b.w.e.tomcat.TomcatWebServer - Tomcat initialized with port 8100 (http)
2025-09-07 13:20:20 INFO  [main] o.a.coyote.http11.Http11NioProtocol - Initializing ProtocolHandler ["http-nio-8100"]
2025-09-07 13:20:20 INFO  [main] o.a.catalina.core.StandardService - Starting service [Tomcat]
2025-09-07 13:20:20 INFO  [main] o.a.catalina.core.StandardEngine - Starting Servlet engine: [Apache Tomcat/10.1.18]
2025-09-07 13:20:20 INFO  [main] o.a.c.c.C.[Tomcat].[localhost].[/] - Initializing Spring embedded WebApplicationContext
2025-09-07 13:20:20 INFO  [main] o.s.b.w.s.c.ServletWebServerApplicationContext - Root WebApplicationContext: initialization completed in 3227 ms
2025-09-07 13:20:21 INFO  [main] o.h.jpa.internal.util.LogHelper - HHH000204: Processing PersistenceUnitInfo [name: default]
2025-09-07 13:20:21 INFO  [main] org.hibernate.Version - HHH000412: Hibernate ORM core version 6.4.1.Final
2025-09-07 13:20:21 INFO  [main] o.h.c.i.RegionFactoryInitiator - HHH000026: Second-level cache disabled
2025-09-07 13:20:21 INFO  [main] o.s.o.j.p.SpringPersistenceUnitInfo - No LoadTimeWeaver setup: ignoring JPA class transformer
2025-09-07 13:20:21 INFO  [main] com.zaxxer.hikari.HikariDataSource - EcommerceHikariCP - Starting...
2025-09-07 13:20:21 INFO  [main] com.zaxxer.hikari.pool.HikariPool - EcommerceHikariCP - Added connection org.postgresql.jdbc.PgConnection@45eacb70
2025-09-07 13:20:21 INFO  [main] com.zaxxer.hikari.HikariDataSource - EcommerceHikariCP - Start completed.
2025-09-07 13:20:21 WARN  [main] org.hibernate.orm.deprecation - HHH90000025: PostgreSQLDialect does not need to be specified explicitly using 'hibernate.dialect' (remove the property setting and it will be selected by default)
2025-09-07 13:20:22 INFO  [main] o.h.e.t.j.p.i.JtaPlatformInitiator - HHH000489: No JTA platform available (set 'hibernate.transaction.jta.platform' to enable JTA platform integration)
2025-09-07 13:20:23 INFO  [main] o.s.o.j.LocalContainerEntityManagerFactoryBean - Initialized JPA EntityManagerFactory for persistence unit 'default'
2025-09-07 13:20:23 INFO  [main] o.s.d.j.r.query.QueryEnhancerFactory - Hibernate is in classpath; If applicable, HQL parser will be used.
2025-09-07 13:20:23 WARN  [main] o.s.b.a.o.j.JpaBaseConfiguration$JpaWebConfiguration - spring.jpa.open-in-view is enabled by default. Therefore, database queries may be performed during view rendering. Explicitly configure spring.jpa.open-in-view to disable this warning
2025-09-07 13:20:23 DEBUG [main] o.s.w.s.m.m.a.RequestMappingHandlerMapping - 15 mappings in 'requestMappingHandlerMapping'
2025-09-07 13:20:24 DEBUG [main] o.s.w.s.m.m.a.RequestMappingHandlerAdapter - ControllerAdvice beans: 0 @ModelAttribute, 0 @InitBinder, 1 RequestBodyAdvice, 1 ResponseBodyAdvice
2025-09-07 13:20:24 DEBUG [main] o.s.w.s.m.m.a.ExceptionHandlerExceptionResolver - ControllerAdvice beans: 1 @ExceptionHandler, 1 ResponseBodyAdvice
2025-09-07 13:20:24 INFO  [main] o.a.coyote.http11.Http11NioProtocol - Starting ProtocolHandler ["http-nio-8100"]
2025-09-07 13:20:24 INFO  [main] o.s.b.w.e.tomcat.TomcatWebServer - Tomcat started on port 8100 (http) with context path ''
2025-09-07 13:20:24 INFO  [main] c.k.products.ProductsApplication - Started ProductsApplication in 7.682 seconds (process running for 8.673)
2025-09-07 13:22:05 INFO  [http-nio-8100-exec-1] o.a.c.c.C.[Tomcat].[localhost].[/] - Initializing Spring DispatcherServlet 'dispatcherServlet'
2025-09-07 13:22:05 INFO  [http-nio-8100-exec-1] o.s.web.servlet.DispatcherServlet - Initializing Servlet 'dispatcherServlet'
2025-09-07 13:22:05 DEBUG [http-nio-8100-exec-1] o.s.web.servlet.DispatcherServlet - Detected StandardServletMultipartResolver
2025-09-07 13:22:05 DEBUG [http-nio-8100-exec-1] o.s.web.servlet.DispatcherServlet - Detected AcceptHeaderLocaleResolver
2025-09-07 13:22:05 DEBUG [http-nio-8100-exec-1] o.s.web.servlet.DispatcherServlet - Detected FixedThemeResolver
2025-09-07 13:22:05 DEBUG [http-nio-8100-exec-1] o.s.web.servlet.DispatcherServlet - Detected org.springframework.web.servlet.view.DefaultRequestToViewNameTranslator@397ff526
2025-09-07 13:22:05 DEBUG [http-nio-8100-exec-1] o.s.web.servlet.DispatcherServlet - Detected org.springframework.web.servlet.support.SessionFlashMapManager@79c48ad5
2025-09-07 13:22:05 DEBUG [http-nio-8100-exec-1] o.s.web.servlet.DispatcherServlet - enableLoggingRequestDetails='true': request parameters and headers will be shown which may lead to unsafe logging of potentially sensitive data
2025-09-07 13:22:05 INFO  [http-nio-8100-exec-1] o.s.web.servlet.DispatcherServlet - Completed initialization in 61 ms
2025-09-07 13:22:05 DEBUG [http-nio-8100-exec-1] o.s.web.servlet.DispatcherServlet - POST "/product/create", parameters={}
2025-09-07 13:22:05 DEBUG [http-nio-8100-exec-1] o.s.w.s.m.m.a.RequestMappingHandlerMapping - Mapped to com.keycloak.products.controller.ProductController#createProduct(DbProduct)
2025-09-07 13:22:05 DEBUG [http-nio-8100-exec-1] o.s.w.s.m.m.a.RequestResponseBodyMethodProcessor - Read "application/json;charset=UTF-8" to [DbProduct(id=null, name=10 Seater Seat, description=Leather Seats., oldPrice=10000.00, oldPriceCurre (truncated)...]
2025-09-07 13:22:05 INFO  [http-nio-8100-exec-1] c.k.p.s.impl.ProductServiceImpl - Creating new product: DbProduct(id=null, name=10 Seater Seat, description=Leather Seats., oldPrice=10000.00, oldPriceCurrency=KES, newPrice=0, newPriceCurrency=KES, availableQuantity=10, reservedQuantity=0, productImages=[DbProductImage(id=null, imageUrl=http://localhost:9000/ecommerce-public/2025/product-images/jpg/september/06/20220320_170114.jpg, metadata=Front view, powered on, sortOrder=1, storageId=68bbad959b5b045866f771a2, isValid=null, productId=null), DbProductImage(id=null, imageUrl=http://localhost:9000/ecommerce-public/2025/product-images/jpg/september/06/20220320_170114.jpg, metadata=Side profile, slim design, sortOrder=2, storageId=68bbad959b5b045866f771a2, isValid=null, productId=null), DbProductImage(id=null, imageUrl=http://localhost:9000/ecommerce-public/2025/product-images/jpg/september/06/20220320_170114.jpg, metadata=Back panel with HDMI ports, sortOrder=3, storageId=68bbad959b5b045866f771a2, isValid=null, productId=null)], sku=SKU-TV-5504, tags=[leather, seats, family], categoryIds=[69f5af79-df40-4543-b2ef-be4734a38533, 69f5af79-df40-4543-b2ef-be4734a38533], isActive=null)
2025-09-07 13:22:05 INFO  [http-nio-8100-exec-1] c.k.p.s.impl.ProductServiceImpl - Mapping DbProductImage to ProductImageEntity: DbProductImage(id=null, imageUrl=http://localhost:9000/ecommerce-public/2025/product-images/jpg/september/06/20220320_170114.jpg, metadata=Front view, powered on, sortOrder=1, storageId=68bbad959b5b045866f771a2, isValid=null, productId=null)
2025-09-07 13:22:05 INFO  [http-nio-8100-exec-1] c.k.p.s.impl.ProductServiceImpl - Mapping DbProductImage to ProductImageEntity: DbProductImage(id=null, imageUrl=http://localhost:9000/ecommerce-public/2025/product-images/jpg/september/06/20220320_170114.jpg, metadata=Side profile, slim design, sortOrder=2, storageId=68bbad959b5b045866f771a2, isValid=null, productId=null)
2025-09-07 13:22:05 INFO  [http-nio-8100-exec-1] c.k.p.s.impl.ProductServiceImpl - Mapping DbProductImage to ProductImageEntity: DbProductImage(id=null, imageUrl=http://localhost:9000/ecommerce-public/2025/product-images/jpg/september/06/20220320_170114.jpg, metadata=Back panel with HDMI ports, sortOrder=3, storageId=68bbad959b5b045866f771a2, isValid=null, productId=null)
2025-09-07 13:22:05 INFO  [http-nio-8100-exec-1] c.k.p.s.impl.ProductServiceImpl - Creating images for product: 10 Seater Seat
2025-09-07 13:22:05 INFO  [http-nio-8100-exec-1] c.k.p.s.impl.ProductServiceImpl - Saving product: 10 Seater Seat
2025-09-07 13:22:05 DEBUG [http-nio-8100-exec-1] o.s.w.s.m.m.a.HttpEntityMethodProcessor - Using 'application/json', given [*/*] and supported [application/json, application/*+json]
2025-09-07 13:22:05 DEBUG [http-nio-8100-exec-1] o.s.w.s.m.m.a.HttpEntityMethodProcessor - Writing [com.keycloak.common.response.ResponseWrapper@34e74d1a]
2025-09-07 13:22:05 DEBUG [http-nio-8100-exec-1] o.s.web.servlet.DispatcherServlet - Completed 200 OK
2025-09-07 13:22:15 DEBUG [http-nio-8100-exec-2] o.s.web.servlet.DispatcherServlet - GET "/product/60d2ea06-db9d-4935-a5b5-943809f6218b", parameters={}
2025-09-07 13:22:15 DEBUG [http-nio-8100-exec-2] o.s.w.s.m.m.a.RequestMappingHandlerMapping - Mapped to com.keycloak.products.controller.ProductController#getProductById(String)
2025-09-07 13:22:15 INFO  [http-nio-8100-exec-2] c.k.p.s.impl.ProductServiceImpl - Fetching product with ID: 60d2ea06-db9d-4935-a5b5-943809f6218b
2025-09-07 13:22:15 INFO  [http-nio-8100-exec-2] c.k.p.s.impl.ProductServiceImpl - Mapping ProductEntity to DbProduct: com.keycloak.products.entity.ProductEntity@5f6309d
2025-09-07 13:22:15 INFO  [http-nio-8100-exec-2] c.k.p.s.impl.ProductServiceImpl - Mapping ProductImageEntity to DbProductImage: com.keycloak.products.entity.ProductImageEntity@44619bb6
2025-09-07 13:22:15 INFO  [http-nio-8100-exec-2] c.k.p.s.impl.ProductServiceImpl - Mapping ProductImageEntity to DbProductImage: com.keycloak.products.entity.ProductImageEntity@3cec7635
2025-09-07 13:22:15 INFO  [http-nio-8100-exec-2] c.k.p.s.impl.ProductServiceImpl - Mapping ProductImageEntity to DbProductImage: com.keycloak.products.entity.ProductImageEntity@25889a9
2025-09-07 13:22:15 DEBUG [http-nio-8100-exec-2] o.s.w.s.m.m.a.HttpEntityMethodProcessor - Using 'application/json', given [*/*] and supported [application/json, application/*+json]
2025-09-07 13:22:15 DEBUG [http-nio-8100-exec-2] o.s.w.s.m.m.a.HttpEntityMethodProcessor - Writing [com.keycloak.common.response.ResponseWrapper@6f4a1c7f]
2025-09-07 13:22:15 DEBUG [http-nio-8100-exec-2] o.s.web.servlet.DispatcherServlet - Completed 200 OK
2025-09-07 13:23:18 INFO  [SpringApplicationShutdownHook] o.s.o.j.LocalContainerEntityManagerFactoryBean - Closing JPA EntityManagerFactory for persistence unit 'default'
2025-09-07 13:23:18 INFO  [SpringApplicationShutdownHook] com.zaxxer.hikari.HikariDataSource - EcommerceHikariCP - Shutdown initiated...
2025-09-07 13:23:18 INFO  [SpringApplicationShutdownHook] com.zaxxer.hikari.HikariDataSource - EcommerceHikariCP - Shutdown completed.
2025-09-07 13:23:25 INFO  [main] c.k.products.ProductsApplication - Starting ProductsApplication using Java 17.0.11 with PID 90878 (/Users/davidnjau/Documents/Personal/keycloak/products/target/classes started by davidnjau in /Users/davidnjau/Documents/Personal/keycloak)
2025-09-07 13:23:25 INFO  [main] c.k.products.ProductsApplication - No active profile set, falling back to 1 default profile: "default"
2025-09-07 13:23:26 INFO  [main] o.s.d.r.c.RepositoryConfigurationDelegate - Multiple Spring Data modules found, entering strict repository configuration mode
2025-09-07 13:23:26 INFO  [main] o.s.d.r.c.RepositoryConfigurationDelegate - Bootstrapping Spring Data JPA repositories in DEFAULT mode.
2025-09-07 13:23:26 INFO  [main] o.s.d.r.c.RepositoryConfigurationDelegate - Finished Spring Data repository scanning in 78 ms. Found 3 JPA repository interfaces.
2025-09-07 13:23:26 INFO  [main] o.s.d.r.c.RepositoryConfigurationDelegate - Multiple Spring Data modules found, entering strict repository configuration mode
2025-09-07 13:23:26 INFO  [main] o.s.d.r.c.RepositoryConfigurationDelegate - Bootstrapping Spring Data Redis repositories in DEFAULT mode.
2025-09-07 13:23:26 INFO  [main] o.s.d.r.c.RepositoryConfigurationExtensionSupport - Spring Data Redis - Could not safely identify store assignment for repository candidate interface com.keycloak.products.repository.CategoryRepository; If you want this repository to be a Redis repository, consider annotating your entities with one of these annotations: org.springframework.data.redis.core.RedisHash (preferred), or consider extending one of the following types with your repository: org.springframework.data.keyvalue.repository.KeyValueRepository
2025-09-07 13:23:26 INFO  [main] o.s.d.r.c.RepositoryConfigurationExtensionSupport - Spring Data Redis - Could not safely identify store assignment for repository candidate interface com.keycloak.products.repository.ProductImageEntityRepository; If you want this repository to be a Redis repository, consider annotating your entities with one of these annotations: org.springframework.data.redis.core.RedisHash (preferred), or consider extending one of the following types with your repository: org.springframework.data.keyvalue.repository.KeyValueRepository
2025-09-07 13:23:26 INFO  [main] o.s.d.r.c.RepositoryConfigurationExtensionSupport - Spring Data Redis - Could not safely identify store assignment for repository candidate interface com.keycloak.products.repository.ProductRepository; If you want this repository to be a Redis repository, consider annotating your entities with one of these annotations: org.springframework.data.redis.core.RedisHash (preferred), or consider extending one of the following types with your repository: org.springframework.data.keyvalue.repository.KeyValueRepository
2025-09-07 13:23:26 INFO  [main] o.s.d.r.c.RepositoryConfigurationDelegate - Finished Spring Data repository scanning in 4 ms. Found 0 Redis repository interfaces.
2025-09-07 13:23:27 INFO  [main] o.s.b.w.e.tomcat.TomcatWebServer - Tomcat initialized with port 8100 (http)
2025-09-07 13:23:27 INFO  [main] o.a.coyote.http11.Http11NioProtocol - Initializing ProtocolHandler ["http-nio-8100"]
2025-09-07 13:23:27 INFO  [main] o.a.catalina.core.StandardService - Starting service [Tomcat]
2025-09-07 13:23:27 INFO  [main] o.a.catalina.core.StandardEngine - Starting Servlet engine: [Apache Tomcat/10.1.18]
2025-09-07 13:23:27 INFO  [main] o.a.c.c.C.[Tomcat].[localhost].[/] - Initializing Spring embedded WebApplicationContext
2025-09-07 13:23:27 INFO  [main] o.s.b.w.s.c.ServletWebServerApplicationContext - Root WebApplicationContext: initialization completed in 1307 ms
2025-09-07 13:23:27 INFO  [main] o.h.jpa.internal.util.LogHelper - HHH000204: Processing PersistenceUnitInfo [name: default]
2025-09-07 13:23:27 INFO  [main] org.hibernate.Version - HHH000412: Hibernate ORM core version 6.4.1.Final
2025-09-07 13:23:27 INFO  [main] o.h.c.i.RegionFactoryInitiator - HHH000026: Second-level cache disabled
2025-09-07 13:23:27 INFO  [main] o.s.o.j.p.SpringPersistenceUnitInfo - No LoadTimeWeaver setup: ignoring JPA class transformer
2025-09-07 13:23:27 INFO  [main] com.zaxxer.hikari.HikariDataSource - EcommerceHikariCP - Starting...
2025-09-07 13:23:27 INFO  [main] com.zaxxer.hikari.pool.HikariPool - EcommerceHikariCP - Added connection org.postgresql.jdbc.PgConnection@478089b6
2025-09-07 13:23:27 INFO  [main] com.zaxxer.hikari.HikariDataSource - EcommerceHikariCP - Start completed.
2025-09-07 13:23:27 WARN  [main] org.hibernate.orm.deprecation - HHH90000025: PostgreSQLDialect does not need to be specified explicitly using 'hibernate.dialect' (remove the property setting and it will be selected by default)
2025-09-07 13:23:28 INFO  [main] o.h.e.t.j.p.i.JtaPlatformInitiator - HHH000489: No JTA platform available (set 'hibernate.transaction.jta.platform' to enable JTA platform integration)
2025-09-07 13:23:28 INFO  [main] o.s.o.j.LocalContainerEntityManagerFactoryBean - Initialized JPA EntityManagerFactory for persistence unit 'default'
2025-09-07 13:23:28 INFO  [main] o.s.d.j.r.query.QueryEnhancerFactory - Hibernate is in classpath; If applicable, HQL parser will be used.
2025-09-07 13:23:29 WARN  [main] o.s.b.a.o.j.JpaBaseConfiguration$JpaWebConfiguration - spring.jpa.open-in-view is enabled by default. Therefore, database queries may be performed during view rendering. Explicitly configure spring.jpa.open-in-view to disable this warning
2025-09-07 13:23:29 DEBUG [main] o.s.w.s.m.m.a.RequestMappingHandlerMapping - 15 mappings in 'requestMappingHandlerMapping'
2025-09-07 13:23:29 DEBUG [main] o.s.w.s.m.m.a.RequestMappingHandlerAdapter - ControllerAdvice beans: 0 @ModelAttribute, 0 @InitBinder, 1 RequestBodyAdvice, 1 ResponseBodyAdvice
2025-09-07 13:23:29 DEBUG [main] o.s.w.s.m.m.a.ExceptionHandlerExceptionResolver - ControllerAdvice beans: 1 @ExceptionHandler, 1 ResponseBodyAdvice
2025-09-07 13:23:29 INFO  [main] o.a.coyote.http11.Http11NioProtocol - Starting ProtocolHandler ["http-nio-8100"]
2025-09-07 13:23:29 INFO  [main] o.s.b.w.e.tomcat.TomcatWebServer - Tomcat started on port 8100 (http) with context path ''
2025-09-07 13:23:29 INFO  [main] c.k.products.ProductsApplication - Started ProductsApplication in 4.628 seconds (process running for 4.98)
2025-09-07 13:23:37 INFO  [http-nio-8100-exec-1] o.a.c.c.C.[Tomcat].[localhost].[/] - Initializing Spring DispatcherServlet 'dispatcherServlet'
2025-09-07 13:23:37 INFO  [http-nio-8100-exec-1] o.s.web.servlet.DispatcherServlet - Initializing Servlet 'dispatcherServlet'
2025-09-07 13:23:37 DEBUG [http-nio-8100-exec-1] o.s.web.servlet.DispatcherServlet - Detected StandardServletMultipartResolver
2025-09-07 13:23:37 DEBUG [http-nio-8100-exec-1] o.s.web.servlet.DispatcherServlet - Detected AcceptHeaderLocaleResolver
2025-09-07 13:23:37 DEBUG [http-nio-8100-exec-1] o.s.web.servlet.DispatcherServlet - Detected FixedThemeResolver
2025-09-07 13:23:37 DEBUG [http-nio-8100-exec-1] o.s.web.servlet.DispatcherServlet - Detected org.springframework.web.servlet.view.DefaultRequestToViewNameTranslator@33684b87
2025-09-07 13:23:37 DEBUG [http-nio-8100-exec-1] o.s.web.servlet.DispatcherServlet - Detected org.springframework.web.servlet.support.SessionFlashMapManager@290964bd
2025-09-07 13:23:37 DEBUG [http-nio-8100-exec-1] o.s.web.servlet.DispatcherServlet - enableLoggingRequestDetails='true': request parameters and headers will be shown which may lead to unsafe logging of potentially sensitive data
2025-09-07 13:23:37 INFO  [http-nio-8100-exec-1] o.s.web.servlet.DispatcherServlet - Completed initialization in 38 ms
2025-09-07 13:23:37 DEBUG [http-nio-8100-exec-1] o.s.web.servlet.DispatcherServlet - POST "/product/create", parameters={}
2025-09-07 13:23:38 DEBUG [http-nio-8100-exec-1] o.s.w.s.m.m.a.RequestMappingHandlerMapping - Mapped to com.keycloak.products.controller.ProductController#createProduct(DbProduct)
2025-09-07 13:23:38 DEBUG [http-nio-8100-exec-1] o.s.w.s.m.m.a.RequestResponseBodyMethodProcessor - Read "application/json;charset=UTF-8" to [DbProduct(id=null, name=10 Seater Seat, description=Leather Seats., oldPrice=10000.00, oldPriceCurre (truncated)...]
2025-09-07 13:23:38 INFO  [http-nio-8100-exec-1] c.k.p.s.impl.ProductServiceImpl - Creating new product: DbProduct(id=null, name=10 Seater Seat, description=Leather Seats., oldPrice=10000.00, oldPriceCurrency=KES, newPrice=0, newPriceCurrency=KES, availableQuantity=10, reservedQuantity=0, productImages=[DbProductImage(id=null, imageUrl=http://localhost:9000/ecommerce-public/2025/product-images/jpg/september/06/20220320_170114.jpg, metadata=Front view, powered on, sortOrder=1, storageId=68bbad959b5b045866f771a2, isValid=null, productId=null), DbProductImage(id=null, imageUrl=http://localhost:9000/ecommerce-public/2025/product-images/jpg/september/06/20220320_170114.jpg, metadata=Side profile, slim design, sortOrder=2, storageId=68bbad959b5b045866f771a2, isValid=null, productId=null), DbProductImage(id=null, imageUrl=http://localhost:9000/ecommerce-public/2025/product-images/jpg/september/06/20220320_170114.jpg, metadata=Back panel with HDMI ports, sortOrder=3, storageId=68bbad959b5b045866f771a2, isValid=null, productId=null)], sku=SKU-TV-5505, tags=[leather, seats, family], categoryIds=[69f5af79-df40-4543-b2ef-be4734a38533, 69f5af79-df40-4543-b2ef-be4734a38533], isActive=null)
2025-09-07 13:23:38 INFO  [http-nio-8100-exec-1] c.k.p.s.impl.ProductServiceImpl - Mapping DbProductImage to ProductImageEntity: DbProductImage(id=null, imageUrl=http://localhost:9000/ecommerce-public/2025/product-images/jpg/september/06/20220320_170114.jpg, metadata=Front view, powered on, sortOrder=1, storageId=68bbad959b5b045866f771a2, isValid=null, productId=null)
2025-09-07 13:23:38 INFO  [http-nio-8100-exec-1] c.k.p.s.impl.ProductServiceImpl - Mapping DbProductImage to ProductImageEntity: DbProductImage(id=null, imageUrl=http://localhost:9000/ecommerce-public/2025/product-images/jpg/september/06/20220320_170114.jpg, metadata=Side profile, slim design, sortOrder=2, storageId=68bbad959b5b045866f771a2, isValid=null, productId=null)
2025-09-07 13:23:38 INFO  [http-nio-8100-exec-1] c.k.p.s.impl.ProductServiceImpl - Mapping DbProductImage to ProductImageEntity: DbProductImage(id=null, imageUrl=http://localhost:9000/ecommerce-public/2025/product-images/jpg/september/06/20220320_170114.jpg, metadata=Back panel with HDMI ports, sortOrder=3, storageId=68bbad959b5b045866f771a2, isValid=null, productId=null)
2025-09-07 13:23:38 INFO  [http-nio-8100-exec-1] c.k.p.s.impl.ProductServiceImpl - Creating images for product: 10 Seater Seat
2025-09-07 13:23:38 INFO  [http-nio-8100-exec-1] c.k.p.s.impl.ProductServiceImpl - Saving product: 10 Seater Seat
2025-09-07 13:23:38 DEBUG [http-nio-8100-exec-1] o.s.w.s.m.m.a.HttpEntityMethodProcessor - Using 'application/json', given [*/*] and supported [application/json, application/*+json]
2025-09-07 13:23:38 DEBUG [http-nio-8100-exec-1] o.s.w.s.m.m.a.HttpEntityMethodProcessor - Writing [com.keycloak.common.response.ResponseWrapper@53efd434]
2025-09-07 13:23:38 DEBUG [http-nio-8100-exec-1] o.s.web.servlet.DispatcherServlet - Completed 200 OK
2025-09-07 13:28:08 INFO  [SpringApplicationShutdownHook] o.s.o.j.LocalContainerEntityManagerFactoryBean - Closing JPA EntityManagerFactory for persistence unit 'default'
2025-09-07 13:28:08 INFO  [SpringApplicationShutdownHook] com.zaxxer.hikari.HikariDataSource - EcommerceHikariCP - Shutdown initiated...
2025-09-07 13:28:08 INFO  [SpringApplicationShutdownHook] com.zaxxer.hikari.HikariDataSource - EcommerceHikariCP - Shutdown completed.
2025-09-07 13:28:17 INFO  [main] c.k.products.ProductsApplication - Starting ProductsApplication using Java 17.0.11 with PID 91166 (/Users/davidnjau/Documents/Personal/keycloak/products/target/classes started by davidnjau in /Users/davidnjau/Documents/Personal/keycloak)
2025-09-07 13:28:17 INFO  [main] c.k.products.ProductsApplication - No active profile set, falling back to 1 default profile: "default"
2025-09-07 13:28:18 INFO  [main] o.s.d.r.c.RepositoryConfigurationDelegate - Multiple Spring Data modules found, entering strict repository configuration mode
2025-09-07 13:28:18 INFO  [main] o.s.d.r.c.RepositoryConfigurationDelegate - Bootstrapping Spring Data JPA repositories in DEFAULT mode.
2025-09-07 13:28:18 INFO  [main] o.s.d.r.c.RepositoryConfigurationDelegate - Finished Spring Data repository scanning in 85 ms. Found 3 JPA repository interfaces.
2025-09-07 13:28:18 INFO  [main] o.s.d.r.c.RepositoryConfigurationDelegate - Multiple Spring Data modules found, entering strict repository configuration mode
2025-09-07 13:28:18 INFO  [main] o.s.d.r.c.RepositoryConfigurationDelegate - Bootstrapping Spring Data Redis repositories in DEFAULT mode.
2025-09-07 13:28:18 INFO  [main] o.s.d.r.c.RepositoryConfigurationExtensionSupport - Spring Data Redis - Could not safely identify store assignment for repository candidate interface com.keycloak.products.repository.CategoryRepository; If you want this repository to be a Redis repository, consider annotating your entities with one of these annotations: org.springframework.data.redis.core.RedisHash (preferred), or consider extending one of the following types with your repository: org.springframework.data.keyvalue.repository.KeyValueRepository
2025-09-07 13:28:18 INFO  [main] o.s.d.r.c.RepositoryConfigurationExtensionSupport - Spring Data Redis - Could not safely identify store assignment for repository candidate interface com.keycloak.products.repository.ProductImageEntityRepository; If you want this repository to be a Redis repository, consider annotating your entities with one of these annotations: org.springframework.data.redis.core.RedisHash (preferred), or consider extending one of the following types with your repository: org.springframework.data.keyvalue.repository.KeyValueRepository
2025-09-07 13:28:18 INFO  [main] o.s.d.r.c.RepositoryConfigurationExtensionSupport - Spring Data Redis - Could not safely identify store assignment for repository candidate interface com.keycloak.products.repository.ProductRepository; If you want this repository to be a Redis repository, consider annotating your entities with one of these annotations: org.springframework.data.redis.core.RedisHash (preferred), or consider extending one of the following types with your repository: org.springframework.data.keyvalue.repository.KeyValueRepository
2025-09-07 13:28:18 INFO  [main] o.s.d.r.c.RepositoryConfigurationDelegate - Finished Spring Data repository scanning in 2 ms. Found 0 Redis repository interfaces.
2025-09-07 13:28:19 INFO  [main] o.s.b.w.e.tomcat.TomcatWebServer - Tomcat initialized with port 8100 (http)
2025-09-07 13:28:19 INFO  [main] o.a.coyote.http11.Http11NioProtocol - Initializing ProtocolHandler ["http-nio-8100"]
2025-09-07 13:28:19 INFO  [main] o.a.catalina.core.StandardService - Starting service [Tomcat]
2025-09-07 13:28:19 INFO  [main] o.a.catalina.core.StandardEngine - Starting Servlet engine: [Apache Tomcat/10.1.18]
2025-09-07 13:28:19 INFO  [main] o.a.c.c.C.[Tomcat].[localhost].[/] - Initializing Spring embedded WebApplicationContext
2025-09-07 13:28:19 INFO  [main] o.s.b.w.s.c.ServletWebServerApplicationContext - Root WebApplicationContext: initialization completed in 1137 ms
2025-09-07 13:28:19 INFO  [main] o.h.jpa.internal.util.LogHelper - HHH000204: Processing PersistenceUnitInfo [name: default]
2025-09-07 13:28:19 INFO  [main] org.hibernate.Version - HHH000412: Hibernate ORM core version 6.4.1.Final
2025-09-07 13:28:19 INFO  [main] o.h.c.i.RegionFactoryInitiator - HHH000026: Second-level cache disabled
2025-09-07 13:28:19 INFO  [main] o.s.o.j.p.SpringPersistenceUnitInfo - No LoadTimeWeaver setup: ignoring JPA class transformer
2025-09-07 13:28:19 INFO  [main] com.zaxxer.hikari.HikariDataSource - EcommerceHikariCP - Starting...
2025-09-07 13:28:19 INFO  [main] com.zaxxer.hikari.pool.HikariPool - EcommerceHikariCP - Added connection org.postgresql.jdbc.PgConnection@6f65aa58
2025-09-07 13:28:19 INFO  [main] com.zaxxer.hikari.HikariDataSource - EcommerceHikariCP - Start completed.
2025-09-07 13:28:20 WARN  [main] org.hibernate.orm.deprecation - HHH90000025: PostgreSQLDialect does not need to be specified explicitly using 'hibernate.dialect' (remove the property setting and it will be selected by default)
2025-09-07 13:28:21 INFO  [main] o.h.e.t.j.p.i.JtaPlatformInitiator - HHH000489: No JTA platform available (set 'hibernate.transaction.jta.platform' to enable JTA platform integration)
2025-09-07 13:28:21 INFO  [main] o.s.o.j.LocalContainerEntityManagerFactoryBean - Initialized JPA EntityManagerFactory for persistence unit 'default'
2025-09-07 13:28:22 INFO  [main] o.s.d.j.r.query.QueryEnhancerFactory - Hibernate is in classpath; If applicable, HQL parser will be used.
2025-09-07 13:28:23 WARN  [main] o.s.b.a.o.j.JpaBaseConfiguration$JpaWebConfiguration - spring.jpa.open-in-view is enabled by default. Therefore, database queries may be performed during view rendering. Explicitly configure spring.jpa.open-in-view to disable this warning
2025-09-07 13:28:23 DEBUG [main] o.s.w.s.m.m.a.RequestMappingHandlerMapping - 15 mappings in 'requestMappingHandlerMapping'
2025-09-07 13:28:23 DEBUG [main] o.s.w.s.m.m.a.RequestMappingHandlerAdapter - ControllerAdvice beans: 0 @ModelAttribute, 0 @InitBinder, 1 RequestBodyAdvice, 1 ResponseBodyAdvice
2025-09-07 13:28:23 DEBUG [main] o.s.w.s.m.m.a.ExceptionHandlerExceptionResolver - ControllerAdvice beans: 1 @ExceptionHandler, 1 ResponseBodyAdvice
2025-09-07 13:28:23 INFO  [main] o.a.coyote.http11.Http11NioProtocol - Starting ProtocolHandler ["http-nio-8100"]
2025-09-07 13:28:23 INFO  [main] o.s.b.w.e.tomcat.TomcatWebServer - Tomcat started on port 8100 (http) with context path ''
2025-09-07 13:28:23 INFO  [main] c.k.products.ProductsApplication - Started ProductsApplication in 5.939 seconds (process running for 6.446)
2025-09-07 13:29:12 INFO  [http-nio-8100-exec-1] o.a.c.c.C.[Tomcat].[localhost].[/] - Initializing Spring DispatcherServlet 'dispatcherServlet'
2025-09-07 13:29:12 INFO  [http-nio-8100-exec-1] o.s.web.servlet.DispatcherServlet - Initializing Servlet 'dispatcherServlet'
2025-09-07 13:29:12 DEBUG [http-nio-8100-exec-1] o.s.web.servlet.DispatcherServlet - Detected StandardServletMultipartResolver
2025-09-07 13:29:12 DEBUG [http-nio-8100-exec-1] o.s.web.servlet.DispatcherServlet - Detected AcceptHeaderLocaleResolver
2025-09-07 13:29:12 DEBUG [http-nio-8100-exec-1] o.s.web.servlet.DispatcherServlet - Detected FixedThemeResolver
2025-09-07 13:29:12 DEBUG [http-nio-8100-exec-1] o.s.web.servlet.DispatcherServlet - Detected org.springframework.web.servlet.view.DefaultRequestToViewNameTranslator@337f6716
2025-09-07 13:29:12 DEBUG [http-nio-8100-exec-1] o.s.web.servlet.DispatcherServlet - Detected org.springframework.web.servlet.support.SessionFlashMapManager@20ca2c3f
2025-09-07 13:29:12 DEBUG [http-nio-8100-exec-1] o.s.web.servlet.DispatcherServlet - enableLoggingRequestDetails='true': request parameters and headers will be shown which may lead to unsafe logging of potentially sensitive data
2025-09-07 13:29:12 INFO  [http-nio-8100-exec-1] o.s.web.servlet.DispatcherServlet - Completed initialization in 9 ms
2025-09-07 13:29:12 DEBUG [http-nio-8100-exec-1] o.s.web.servlet.DispatcherServlet - POST "/product/create", parameters={}
2025-09-07 13:29:12 DEBUG [http-nio-8100-exec-1] o.s.w.s.m.m.a.RequestMappingHandlerMapping - Mapped to com.keycloak.products.controller.ProductController#createProduct(DbProduct)
2025-09-07 13:29:13 DEBUG [http-nio-8100-exec-1] o.s.w.s.m.m.a.RequestResponseBodyMethodProcessor - Read "application/json;charset=UTF-8" to [DbProduct(id=null, name=10 Seater Seat, description=Leather Seats., oldPrice=10000.00, oldPriceCurre (truncated)...]
2025-09-07 13:29:13 INFO  [http-nio-8100-exec-1] c.k.p.s.impl.ProductServiceImpl - Creating new product: DbProduct(id=null, name=10 Seater Seat, description=Leather Seats., oldPrice=10000.00, oldPriceCurrency=KES, newPrice=0, newPriceCurrency=KES, availableQuantity=10, reservedQuantity=0, productImages=[DbProductImage(id=null, imageUrl=http://localhost:9000/ecommerce-public/2025/product-images/jpg/september/06/20220320_170114.jpg, metadata=Front view, powered on, sortOrder=1, storageId=68bbad959b5b045866f771a2, isValid=true, productId=null), DbProductImage(id=null, imageUrl=http://localhost:9000/ecommerce-public/2025/product-images/jpg/september/06/20220320_170114.jpg, metadata=Side profile, slim design, sortOrder=2, storageId=68bbad959b5b045866f771a2, isValid=true, productId=null), DbProductImage(id=null, imageUrl=http://localhost:9000/ecommerce-public/2025/product-images/jpg/september/06/20220320_170114.jpg, metadata=Back panel with HDMI ports, sortOrder=3, storageId=68bbad959b5b045866f771a2, isValid=true, productId=null)], sku=SKU-TV-5505, tags=[leather, seats, family], categoryIds=[69f5af79-df40-4543-b2ef-be4734a38533, 69f5af79-df40-4543-b2ef-be4734a38533], isActive=null)
2025-09-07 13:29:13 INFO  [http-nio-8100-exec-1] c.k.p.s.impl.ProductServiceImpl - Mapping DbProductImage to ProductImageEntity: DbProductImage(id=null, imageUrl=http://localhost:9000/ecommerce-public/2025/product-images/jpg/september/06/20220320_170114.jpg, metadata=Front view, powered on, sortOrder=1, storageId=68bbad959b5b045866f771a2, isValid=true, productId=null)
2025-09-07 13:29:13 INFO  [http-nio-8100-exec-1] c.k.p.s.impl.ProductServiceImpl - Mapping DbProductImage to ProductImageEntity: DbProductImage(id=null, imageUrl=http://localhost:9000/ecommerce-public/2025/product-images/jpg/september/06/20220320_170114.jpg, metadata=Side profile, slim design, sortOrder=2, storageId=68bbad959b5b045866f771a2, isValid=true, productId=null)
2025-09-07 13:29:13 INFO  [http-nio-8100-exec-1] c.k.p.s.impl.ProductServiceImpl - Mapping DbProductImage to ProductImageEntity: DbProductImage(id=null, imageUrl=http://localhost:9000/ecommerce-public/2025/product-images/jpg/september/06/20220320_170114.jpg, metadata=Back panel with HDMI ports, sortOrder=3, storageId=68bbad959b5b045866f771a2, isValid=true, productId=null)
2025-09-07 13:29:13 INFO  [http-nio-8100-exec-1] c.k.p.s.impl.ProductServiceImpl - Creating images for product: 10 Seater Seat
2025-09-07 13:29:13 INFO  [http-nio-8100-exec-1] c.k.p.s.impl.ProductServiceImpl - Saving product: 10 Seater Seat
2025-09-07 13:29:13 DEBUG [http-nio-8100-exec-1] o.s.w.s.m.m.a.HttpEntityMethodProcessor - Using 'application/json', given [*/*] and supported [application/json, application/*+json]
2025-09-07 13:29:13 DEBUG [http-nio-8100-exec-1] o.s.w.s.m.m.a.HttpEntityMethodProcessor - Writing [com.keycloak.common.response.ResponseWrapper@279c5dd2]
2025-09-07 13:29:13 DEBUG [http-nio-8100-exec-1] o.s.web.servlet.DispatcherServlet - Completed 200 OK
2025-09-07 13:31:05 INFO  [SpringApplicationShutdownHook] o.s.o.j.LocalContainerEntityManagerFactoryBean - Closing JPA EntityManagerFactory for persistence unit 'default'
2025-09-07 13:31:05 INFO  [SpringApplicationShutdownHook] com.zaxxer.hikari.HikariDataSource - EcommerceHikariCP - Shutdown initiated...
2025-09-07 13:31:05 INFO  [SpringApplicationShutdownHook] com.zaxxer.hikari.HikariDataSource - EcommerceHikariCP - Shutdown completed.
2025-09-07 13:31:14 INFO  [main] c.k.products.ProductsApplication - Starting ProductsApplication using Java 17.0.11 with PID 91345 (/Users/davidnjau/Documents/Personal/keycloak/products/target/classes started by davidnjau in /Users/davidnjau/Documents/Personal/keycloak)
2025-09-07 13:31:14 INFO  [main] c.k.products.ProductsApplication - No active profile set, falling back to 1 default profile: "default"
2025-09-07 13:31:16 INFO  [main] o.s.d.r.c.RepositoryConfigurationDelegate - Multiple Spring Data modules found, entering strict repository configuration mode
2025-09-07 13:31:16 INFO  [main] o.s.d.r.c.RepositoryConfigurationDelegate - Bootstrapping Spring Data JPA repositories in DEFAULT mode.
2025-09-07 13:31:16 INFO  [main] o.s.d.r.c.RepositoryConfigurationDelegate - Finished Spring Data repository scanning in 321 ms. Found 3 JPA repository interfaces.
2025-09-07 13:31:16 INFO  [main] o.s.d.r.c.RepositoryConfigurationDelegate - Multiple Spring Data modules found, entering strict repository configuration mode
2025-09-07 13:31:16 INFO  [main] o.s.d.r.c.RepositoryConfigurationDelegate - Bootstrapping Spring Data Redis repositories in DEFAULT mode.
2025-09-07 13:31:16 INFO  [main] o.s.d.r.c.RepositoryConfigurationExtensionSupport - Spring Data Redis - Could not safely identify store assignment for repository candidate interface com.keycloak.products.repository.CategoryRepository; If you want this repository to be a Redis repository, consider annotating your entities with one of these annotations: org.springframework.data.redis.core.RedisHash (preferred), or consider extending one of the following types with your repository: org.springframework.data.keyvalue.repository.KeyValueRepository
2025-09-07 13:31:16 INFO  [main] o.s.d.r.c.RepositoryConfigurationExtensionSupport - Spring Data Redis - Could not safely identify store assignment for repository candidate interface com.keycloak.products.repository.ProductImageEntityRepository; If you want this repository to be a Redis repository, consider annotating your entities with one of these annotations: org.springframework.data.redis.core.RedisHash (preferred), or consider extending one of the following types with your repository: org.springframework.data.keyvalue.repository.KeyValueRepository
2025-09-07 13:31:16 INFO  [main] o.s.d.r.c.RepositoryConfigurationExtensionSupport - Spring Data Redis - Could not safely identify store assignment for repository candidate interface com.keycloak.products.repository.ProductRepository; If you want this repository to be a Redis repository, consider annotating your entities with one of these annotations: org.springframework.data.redis.core.RedisHash (preferred), or consider extending one of the following types with your repository: org.springframework.data.keyvalue.repository.KeyValueRepository
2025-09-07 13:31:16 INFO  [main] o.s.d.r.c.RepositoryConfigurationDelegate - Finished Spring Data repository scanning in 6 ms. Found 0 Redis repository interfaces.
2025-09-07 13:31:17 INFO  [main] o.s.b.w.e.tomcat.TomcatWebServer - Tomcat initialized with port 8100 (http)
2025-09-07 13:31:17 INFO  [main] o.a.coyote.http11.Http11NioProtocol - Initializing ProtocolHandler ["http-nio-8100"]
2025-09-07 13:31:17 INFO  [main] o.a.catalina.core.StandardService - Starting service [Tomcat]
2025-09-07 13:31:17 INFO  [main] o.a.catalina.core.StandardEngine - Starting Servlet engine: [Apache Tomcat/10.1.18]
2025-09-07 13:31:17 INFO  [main] o.a.c.c.C.[Tomcat].[localhost].[/] - Initializing Spring embedded WebApplicationContext
2025-09-07 13:31:17 INFO  [main] o.s.b.w.s.c.ServletWebServerApplicationContext - Root WebApplicationContext: initialization completed in 3537 ms
2025-09-07 13:31:18 INFO  [main] o.h.jpa.internal.util.LogHelper - HHH000204: Processing PersistenceUnitInfo [name: default]
2025-09-07 13:31:18 INFO  [main] org.hibernate.Version - HHH000412: Hibernate ORM core version 6.4.1.Final
2025-09-07 13:31:18 INFO  [main] o.h.c.i.RegionFactoryInitiator - HHH000026: Second-level cache disabled
2025-09-07 13:31:19 INFO  [main] o.s.o.j.p.SpringPersistenceUnitInfo - No LoadTimeWeaver setup: ignoring JPA class transformer
2025-09-07 13:31:19 INFO  [main] com.zaxxer.hikari.HikariDataSource - EcommerceHikariCP - Starting...
2025-09-07 13:31:19 INFO  [main] com.zaxxer.hikari.pool.HikariPool - EcommerceHikariCP - Added connection org.postgresql.jdbc.PgConnection@749f61a3
2025-09-07 13:31:19 INFO  [main] com.zaxxer.hikari.HikariDataSource - EcommerceHikariCP - Start completed.
2025-09-07 13:31:19 WARN  [main] org.hibernate.orm.deprecation - HHH90000025: PostgreSQLDialect does not need to be specified explicitly using 'hibernate.dialect' (remove the property setting and it will be selected by default)
2025-09-07 13:31:21 INFO  [main] o.h.e.t.j.p.i.JtaPlatformInitiator - HHH000489: No JTA platform available (set 'hibernate.transaction.jta.platform' to enable JTA platform integration)
2025-09-07 13:31:22 INFO  [main] o.s.o.j.LocalContainerEntityManagerFactoryBean - Initialized JPA EntityManagerFactory for persistence unit 'default'
2025-09-07 13:31:22 INFO  [main] o.s.d.j.r.query.QueryEnhancerFactory - Hibernate is in classpath; If applicable, HQL parser will be used.
2025-09-07 13:31:23 WARN  [main] o.s.b.a.o.j.JpaBaseConfiguration$JpaWebConfiguration - spring.jpa.open-in-view is enabled by default. Therefore, database queries may be performed during view rendering. Explicitly configure spring.jpa.open-in-view to disable this warning
2025-09-07 13:31:23 DEBUG [main] o.s.w.s.m.m.a.RequestMappingHandlerMapping - 15 mappings in 'requestMappingHandlerMapping'
2025-09-07 13:31:24 DEBUG [main] o.s.w.s.m.m.a.RequestMappingHandlerAdapter - ControllerAdvice beans: 0 @ModelAttribute, 0 @InitBinder, 1 RequestBodyAdvice, 1 ResponseBodyAdvice
2025-09-07 13:31:24 DEBUG [main] o.s.w.s.m.m.a.ExceptionHandlerExceptionResolver - ControllerAdvice beans: 1 @ExceptionHandler, 1 ResponseBodyAdvice
2025-09-07 13:31:24 INFO  [main] o.a.coyote.http11.Http11NioProtocol - Starting ProtocolHandler ["http-nio-8100"]
2025-09-07 13:31:24 INFO  [main] o.s.b.w.e.tomcat.TomcatWebServer - Tomcat started on port 8100 (http) with context path ''
2025-09-07 13:31:24 INFO  [main] c.k.products.ProductsApplication - Started ProductsApplication in 11.025 seconds (process running for 11.931)
2025-09-07 13:31:29 INFO  [http-nio-8100-exec-1] o.a.c.c.C.[Tomcat].[localhost].[/] - Initializing Spring DispatcherServlet 'dispatcherServlet'
2025-09-07 13:31:29 INFO  [http-nio-8100-exec-1] o.s.web.servlet.DispatcherServlet - Initializing Servlet 'dispatcherServlet'
2025-09-07 13:31:29 DEBUG [http-nio-8100-exec-1] o.s.web.servlet.DispatcherServlet - Detected StandardServletMultipartResolver
2025-09-07 13:31:29 DEBUG [http-nio-8100-exec-1] o.s.web.servlet.DispatcherServlet - Detected AcceptHeaderLocaleResolver
2025-09-07 13:31:29 DEBUG [http-nio-8100-exec-1] o.s.web.servlet.DispatcherServlet - Detected FixedThemeResolver
2025-09-07 13:31:30 DEBUG [http-nio-8100-exec-1] o.s.web.servlet.DispatcherServlet - Detected org.springframework.web.servlet.view.DefaultRequestToViewNameTranslator@4734a551
2025-09-07 13:31:30 DEBUG [http-nio-8100-exec-1] o.s.web.servlet.DispatcherServlet - Detected org.springframework.web.servlet.support.SessionFlashMapManager@134b9d9c
2025-09-07 13:31:30 DEBUG [http-nio-8100-exec-1] o.s.web.servlet.DispatcherServlet - enableLoggingRequestDetails='true': request parameters and headers will be shown which may lead to unsafe logging of potentially sensitive data
2025-09-07 13:31:30 INFO  [http-nio-8100-exec-1] o.s.web.servlet.DispatcherServlet - Completed initialization in 27 ms
2025-09-07 13:31:30 DEBUG [http-nio-8100-exec-1] o.s.web.servlet.DispatcherServlet - POST "/product/create", parameters={}
2025-09-07 13:31:30 DEBUG [http-nio-8100-exec-1] o.s.w.s.m.m.a.RequestMappingHandlerMapping - Mapped to com.keycloak.products.controller.ProductController#createProduct(DbProduct)
2025-09-07 13:31:30 DEBUG [http-nio-8100-exec-1] o.s.w.s.m.m.a.RequestResponseBodyMethodProcessor - Read "application/json;charset=UTF-8" to [DbProduct(id=null, name=10 Seater Seat, description=Leather Seats., oldPrice=10000.00, oldPriceCurre (truncated)...]
2025-09-07 13:31:30 INFO  [http-nio-8100-exec-1] c.k.p.s.impl.ProductServiceImpl - Creating new product: DbProduct(id=null, name=10 Seater Seat, description=Leather Seats., oldPrice=10000.00, oldPriceCurrency=KES, newPrice=0, newPriceCurrency=KES, availableQuantity=10, reservedQuantity=0, productImages=[DbProductImage(id=null, imageUrl=http://localhost:9000/ecommerce-public/2025/product-images/jpg/september/06/20220320_170114.jpg, metadata=Front view, powered on, sortOrder=1, storageId=68bbad959b5b045866f771a2, isValid=null, productId=null), DbProductImage(id=null, imageUrl=http://localhost:9000/ecommerce-public/2025/product-images/jpg/september/06/20220320_170114.jpg, metadata=Side profile, slim design, sortOrder=2, storageId=68bbad959b5b045866f771a2, isValid=null, productId=null), DbProductImage(id=null, imageUrl=http://localhost:9000/ecommerce-public/2025/product-images/jpg/september/06/20220320_170114.jpg, metadata=Back panel with HDMI ports, sortOrder=3, storageId=68bbad959b5b045866f771a2, isValid=null, productId=null)], sku=SKU-TV-5505, tags=[leather, seats, family], categoryIds=[69f5af79-df40-4543-b2ef-be4734a38533, 69f5af79-df40-4543-b2ef-be4734a38533], isActive=null)
2025-09-07 13:31:30 INFO  [http-nio-8100-exec-1] c.k.p.s.impl.ProductServiceImpl - Mapping DbProductImage to ProductImageEntity: DbProductImage(id=null, imageUrl=http://localhost:9000/ecommerce-public/2025/product-images/jpg/september/06/20220320_170114.jpg, metadata=Front view, powered on, sortOrder=1, storageId=68bbad959b5b045866f771a2, isValid=null, productId=null)
2025-09-07 13:31:30 INFO  [http-nio-8100-exec-1] c.k.p.s.impl.ProductServiceImpl - Mapping DbProductImage to ProductImageEntity: DbProductImage(id=null, imageUrl=http://localhost:9000/ecommerce-public/2025/product-images/jpg/september/06/20220320_170114.jpg, metadata=Side profile, slim design, sortOrder=2, storageId=68bbad959b5b045866f771a2, isValid=null, productId=null)
2025-09-07 13:31:30 INFO  [http-nio-8100-exec-1] c.k.p.s.impl.ProductServiceImpl - Mapping DbProductImage to ProductImageEntity: DbProductImage(id=null, imageUrl=http://localhost:9000/ecommerce-public/2025/product-images/jpg/september/06/20220320_170114.jpg, metadata=Back panel with HDMI ports, sortOrder=3, storageId=68bbad959b5b045866f771a2, isValid=null, productId=null)
2025-09-07 13:31:30 INFO  [http-nio-8100-exec-1] c.k.p.s.impl.ProductServiceImpl - Creating images for product: 10 Seater Seat
2025-09-07 13:31:30 INFO  [http-nio-8100-exec-1] c.k.p.s.impl.ProductServiceImpl - Saving product: 10 Seater Seat
2025-09-07 13:31:30 DEBUG [http-nio-8100-exec-1] o.s.w.s.m.m.a.HttpEntityMethodProcessor - Using 'application/json', given [*/*] and supported [application/json, application/*+json]
2025-09-07 13:31:30 DEBUG [http-nio-8100-exec-1] o.s.w.s.m.m.a.HttpEntityMethodProcessor - Writing [com.keycloak.common.response.ResponseWrapper@14ab14ad]
2025-09-07 13:31:30 DEBUG [http-nio-8100-exec-1] o.s.web.servlet.DispatcherServlet - Completed 200 OK
2025-09-07 13:40:24 INFO  [SpringApplicationShutdownHook] o.s.o.j.LocalContainerEntityManagerFactoryBean - Closing JPA EntityManagerFactory for persistence unit 'default'
2025-09-07 13:40:24 INFO  [SpringApplicationShutdownHook] com.zaxxer.hikari.HikariDataSource - EcommerceHikariCP - Shutdown initiated...
2025-09-07 13:40:24 INFO  [SpringApplicationShutdownHook] com.zaxxer.hikari.HikariDataSource - EcommerceHikariCP - Shutdown completed.
2025-09-07 13:40:48 INFO  [main] c.k.products.ProductsApplication - Starting ProductsApplication using Java 17.0.11 with PID 91829 (/Users/davidnjau/Documents/Personal/keycloak/products/target/classes started by davidnjau in /Users/davidnjau/Documents/Personal/keycloak)
2025-09-07 13:40:48 INFO  [main] c.k.products.ProductsApplication - No active profile set, falling back to 1 default profile: "default"
2025-09-07 13:40:50 INFO  [main] o.s.d.r.c.RepositoryConfigurationDelegate - Multiple Spring Data modules found, entering strict repository configuration mode
2025-09-07 13:40:50 INFO  [main] o.s.d.r.c.RepositoryConfigurationDelegate - Bootstrapping Spring Data JPA repositories in DEFAULT mode.
2025-09-07 13:40:50 INFO  [main] o.s.d.r.c.RepositoryConfigurationDelegate - Finished Spring Data repository scanning in 141 ms. Found 3 JPA repository interfaces.
2025-09-07 13:40:50 INFO  [main] o.s.d.r.c.RepositoryConfigurationDelegate - Multiple Spring Data modules found, entering strict repository configuration mode
2025-09-07 13:40:50 INFO  [main] o.s.d.r.c.RepositoryConfigurationDelegate - Bootstrapping Spring Data Redis repositories in DEFAULT mode.
2025-09-07 13:40:50 INFO  [main] o.s.d.r.c.RepositoryConfigurationExtensionSupport - Spring Data Redis - Could not safely identify store assignment for repository candidate interface com.keycloak.products.repository.CategoryRepository; If you want this repository to be a Redis repository, consider annotating your entities with one of these annotations: org.springframework.data.redis.core.RedisHash (preferred), or consider extending one of the following types with your repository: org.springframework.data.keyvalue.repository.KeyValueRepository
2025-09-07 13:40:50 INFO  [main] o.s.d.r.c.RepositoryConfigurationExtensionSupport - Spring Data Redis - Could not safely identify store assignment for repository candidate interface com.keycloak.products.repository.ProductImageEntityRepository; If you want this repository to be a Redis repository, consider annotating your entities with one of these annotations: org.springframework.data.redis.core.RedisHash (preferred), or consider extending one of the following types with your repository: org.springframework.data.keyvalue.repository.KeyValueRepository
2025-09-07 13:40:50 INFO  [main] o.s.d.r.c.RepositoryConfigurationExtensionSupport - Spring Data Redis - Could not safely identify store assignment for repository candidate interface com.keycloak.products.repository.ProductRepository; If you want this repository to be a Redis repository, consider annotating your entities with one of these annotations: org.springframework.data.redis.core.RedisHash (preferred), or consider extending one of the following types with your repository: org.springframework.data.keyvalue.repository.KeyValueRepository
2025-09-07 13:40:50 INFO  [main] o.s.d.r.c.RepositoryConfigurationDelegate - Finished Spring Data repository scanning in 6 ms. Found 0 Redis repository interfaces.
2025-09-07 13:40:51 INFO  [main] o.s.b.w.e.tomcat.TomcatWebServer - Tomcat initialized with port 8100 (http)
2025-09-07 13:40:51 INFO  [main] o.a.coyote.http11.Http11NioProtocol - Initializing ProtocolHandler ["http-nio-8100"]
2025-09-07 13:40:51 INFO  [main] o.a.catalina.core.StandardService - Starting service [Tomcat]
2025-09-07 13:40:51 INFO  [main] o.a.catalina.core.StandardEngine - Starting Servlet engine: [Apache Tomcat/10.1.18]
2025-09-07 13:40:51 INFO  [main] o.a.c.c.C.[Tomcat].[localhost].[/] - Initializing Spring embedded WebApplicationContext
2025-09-07 13:40:51 INFO  [main] o.s.b.w.s.c.ServletWebServerApplicationContext - Root WebApplicationContext: initialization completed in 2221 ms
2025-09-07 13:40:51 INFO  [main] o.h.jpa.internal.util.LogHelper - HHH000204: Processing PersistenceUnitInfo [name: default]
2025-09-07 13:40:51 INFO  [main] org.hibernate.Version - HHH000412: Hibernate ORM core version 6.4.1.Final
2025-09-07 13:40:51 INFO  [main] o.h.c.i.RegionFactoryInitiator - HHH000026: Second-level cache disabled
2025-09-07 13:40:51 INFO  [main] o.s.o.j.p.SpringPersistenceUnitInfo - No LoadTimeWeaver setup: ignoring JPA class transformer
2025-09-07 13:40:51 INFO  [main] com.zaxxer.hikari.HikariDataSource - EcommerceHikariCP - Starting...
2025-09-07 13:40:51 INFO  [main] com.zaxxer.hikari.pool.HikariPool - EcommerceHikariCP - Added connection org.postgresql.jdbc.PgConnection@2e0fdc83
2025-09-07 13:40:51 INFO  [main] com.zaxxer.hikari.HikariDataSource - EcommerceHikariCP - Start completed.
2025-09-07 13:40:52 WARN  [main] org.hibernate.orm.deprecation - HHH90000025: PostgreSQLDialect does not need to be specified explicitly using 'hibernate.dialect' (remove the property setting and it will be selected by default)
2025-09-07 13:40:52 INFO  [main] o.h.e.t.j.p.i.JtaPlatformInitiator - HHH000489: No JTA platform available (set 'hibernate.transaction.jta.platform' to enable JTA platform integration)
2025-09-07 13:40:53 INFO  [main] o.s.o.j.LocalContainerEntityManagerFactoryBean - Initialized JPA EntityManagerFactory for persistence unit 'default'
2025-09-07 13:40:53 INFO  [main] o.s.d.j.r.query.QueryEnhancerFactory - Hibernate is in classpath; If applicable, HQL parser will be used.
2025-09-07 13:40:53 WARN  [main] o.s.b.a.o.j.JpaBaseConfiguration$JpaWebConfiguration - spring.jpa.open-in-view is enabled by default. Therefore, database queries may be performed during view rendering. Explicitly configure spring.jpa.open-in-view to disable this warning
2025-09-07 13:40:53 DEBUG [main] o.s.w.s.m.m.a.RequestMappingHandlerMapping - 15 mappings in 'requestMappingHandlerMapping'
2025-09-07 13:40:53 DEBUG [main] o.s.w.s.m.m.a.RequestMappingHandlerAdapter - ControllerAdvice beans: 0 @ModelAttribute, 0 @InitBinder, 1 RequestBodyAdvice, 1 ResponseBodyAdvice
2025-09-07 13:40:53 DEBUG [main] o.s.w.s.m.m.a.ExceptionHandlerExceptionResolver - ControllerAdvice beans: 1 @ExceptionHandler, 1 ResponseBodyAdvice
2025-09-07 13:40:53 INFO  [main] o.a.coyote.http11.Http11NioProtocol - Starting ProtocolHandler ["http-nio-8100"]
2025-09-07 13:40:53 INFO  [main] o.s.b.w.e.tomcat.TomcatWebServer - Tomcat started on port 8100 (http) with context path ''
2025-09-07 13:40:53 INFO  [main] c.k.products.ProductsApplication - Started ProductsApplication in 5.932 seconds (process running for 7.371)
2025-09-07 13:41:18 INFO  [http-nio-8100-exec-1] o.a.c.c.C.[Tomcat].[localhost].[/] - Initializing Spring DispatcherServlet 'dispatcherServlet'
2025-09-07 13:41:18 INFO  [http-nio-8100-exec-1] o.s.web.servlet.DispatcherServlet - Initializing Servlet 'dispatcherServlet'
2025-09-07 13:41:18 DEBUG [http-nio-8100-exec-1] o.s.web.servlet.DispatcherServlet - Detected StandardServletMultipartResolver
2025-09-07 13:41:18 DEBUG [http-nio-8100-exec-1] o.s.web.servlet.DispatcherServlet - Detected AcceptHeaderLocaleResolver
2025-09-07 13:41:18 DEBUG [http-nio-8100-exec-1] o.s.web.servlet.DispatcherServlet - Detected FixedThemeResolver
2025-09-07 13:41:18 DEBUG [http-nio-8100-exec-1] o.s.web.servlet.DispatcherServlet - Detected org.springframework.web.servlet.view.DefaultRequestToViewNameTranslator@19544898
2025-09-07 13:41:18 DEBUG [http-nio-8100-exec-1] o.s.web.servlet.DispatcherServlet - Detected org.springframework.web.servlet.support.SessionFlashMapManager@49588c70
2025-09-07 13:41:18 DEBUG [http-nio-8100-exec-1] o.s.web.servlet.DispatcherServlet - enableLoggingRequestDetails='true': request parameters and headers will be shown which may lead to unsafe logging of potentially sensitive data
2025-09-07 13:41:18 INFO  [http-nio-8100-exec-1] o.s.web.servlet.DispatcherServlet - Completed initialization in 14 ms
2025-09-07 13:41:18 DEBUG [http-nio-8100-exec-1] o.s.web.servlet.DispatcherServlet - POST "/product/create", parameters={}
2025-09-07 13:41:18 DEBUG [http-nio-8100-exec-1] o.s.w.s.m.m.a.RequestMappingHandlerMapping - Mapped to com.keycloak.products.controller.ProductController#createProduct(DbProduct)
2025-09-07 13:41:19 DEBUG [http-nio-8100-exec-1] o.s.w.s.m.m.a.RequestResponseBodyMethodProcessor - Read "application/json;charset=UTF-8" to [DbProduct(id=null, name=10 Seater Seat, description=Leather Seats., oldPrice=10000.00, oldPriceCurre (truncated)...]
2025-09-07 13:41:19 INFO  [http-nio-8100-exec-1] c.k.p.s.impl.ProductServiceImpl - Creating new product: DbProduct(id=null, name=10 Seater Seat, description=Leather Seats., oldPrice=10000.00, oldPriceCurrency=KES, newPrice=null, newPriceCurrency=null, availableQuantity=10, reservedQuantity=null, productImages=[DbProductImage(id=null, imageUrl=http://localhost:9000/ecommerce-public/2025/product-images/jpg/september/06/20220320_170114.jpg, metadata=Front view, powered on, sortOrder=1, storageId=68bbad959b5b045866f771a2, isValid=true, productId=null), DbProductImage(id=null, imageUrl=http://localhost:9000/ecommerce-public/2025/product-images/jpg/september/06/20220320_170114.jpg, metadata=Side profile, slim design, sortOrder=2, storageId=68bbad959b5b045866f771a2, isValid=true, productId=null), DbProductImage(id=null, imageUrl=http://localhost:9000/ecommerce-public/2025/product-images/jpg/september/06/20220320_170114.jpg, metadata=Back panel with HDMI ports, sortOrder=3, storageId=68bbad959b5b045866f771a2, isValid=false, productId=null)], sku=SKU-TV-5505, tags=[leather, seats, family], categoryIds=[69f5af79-df40-4543-b2ef-be4734a38533, 69f5af79-df40-4543-b2ef-be4734a38533], isActive=true)
2025-09-07 13:41:19 INFO  [http-nio-8100-exec-1] c.k.p.s.impl.ProductServiceImpl - Mapping DbProductImage to ProductImageEntity: DbProductImage(id=null, imageUrl=http://localhost:9000/ecommerce-public/2025/product-images/jpg/september/06/20220320_170114.jpg, metadata=Front view, powered on, sortOrder=1, storageId=68bbad959b5b045866f771a2, isValid=true, productId=null)
2025-09-07 13:41:19 INFO  [http-nio-8100-exec-1] c.k.p.s.impl.ProductServiceImpl - Mapping DbProductImage to ProductImageEntity: DbProductImage(id=null, imageUrl=http://localhost:9000/ecommerce-public/2025/product-images/jpg/september/06/20220320_170114.jpg, metadata=Side profile, slim design, sortOrder=2, storageId=68bbad959b5b045866f771a2, isValid=true, productId=null)
2025-09-07 13:41:19 INFO  [http-nio-8100-exec-1] c.k.p.s.impl.ProductServiceImpl - Mapping DbProductImage to ProductImageEntity: DbProductImage(id=null, imageUrl=http://localhost:9000/ecommerce-public/2025/product-images/jpg/september/06/20220320_170114.jpg, metadata=Back panel with HDMI ports, sortOrder=3, storageId=68bbad959b5b045866f771a2, isValid=false, productId=null)
2025-09-07 13:41:19 INFO  [http-nio-8100-exec-1] c.k.p.s.impl.ProductServiceImpl - Creating images for product: 10 Seater Seat
2025-09-07 13:41:19 INFO  [http-nio-8100-exec-1] c.k.p.s.impl.ProductServiceImpl - Saving product: 10 Seater Seat
2025-09-07 13:41:19 DEBUG [http-nio-8100-exec-1] o.s.w.s.m.m.a.HttpEntityMethodProcessor - Using 'application/json', given [*/*] and supported [application/json, application/*+json]
2025-09-07 13:41:19 DEBUG [http-nio-8100-exec-1] o.s.w.s.m.m.a.HttpEntityMethodProcessor - Writing [com.keycloak.common.response.ResponseWrapper@3a64f053]
2025-09-07 13:41:19 DEBUG [http-nio-8100-exec-1] o.s.web.servlet.DispatcherServlet - Completed 200 OK
2025-09-07 13:41:46 DEBUG [http-nio-8100-exec-2] o.s.web.servlet.DispatcherServlet - POST "/product/create", parameters={}
2025-09-07 13:41:46 DEBUG [http-nio-8100-exec-2] o.s.w.s.m.m.a.RequestMappingHandlerMapping - Mapped to com.keycloak.products.controller.ProductController#createProduct(DbProduct)
2025-09-07 13:41:46 DEBUG [http-nio-8100-exec-2] o.s.w.s.m.m.a.RequestResponseBodyMethodProcessor - Read "application/json;charset=UTF-8" to [DbProduct(id=null, name=PS%, description=Leather Seats., oldPrice=85000.00, oldPriceCurrency=KES, ne (truncated)...]
2025-09-07 13:41:46 INFO  [http-nio-8100-exec-2] c.k.p.s.impl.ProductServiceImpl - Creating new product: DbProduct(id=null, name=PS%, description=Leather Seats., oldPrice=85000.00, oldPriceCurrency=KES, newPrice=null, newPriceCurrency=null, availableQuantity=10, reservedQuantity=null, productImages=[DbProductImage(id=null, imageUrl=http://localhost:9000/ecommerce-public/2025/product-images/jpg/september/06/20220320_170114.jpg, metadata=Front view, powered on, sortOrder=1, storageId=68bbad959b5b045866f771a2, isValid=true, productId=null), DbProductImage(id=null, imageUrl=http://localhost:9000/ecommerce-public/2025/product-images/jpg/september/06/20220320_170114.jpg, metadata=Side profile, slim design, sortOrder=2, storageId=68bbad959b5b045866f771a2, isValid=true, productId=null), DbProductImage(id=null, imageUrl=http://localhost:9000/ecommerce-public/2025/product-images/jpg/september/06/20220320_170114.jpg, metadata=Back panel with HDMI ports, sortOrder=3, storageId=68bbad959b5b045866f771a2, isValid=false, productId=null)], sku=SKU-TV-5506, tags=[leather, seats, family], categoryIds=[69f5af79-df40-4543-b2ef-be4734a38533, 69f5af79-df40-4543-b2ef-be4734a38533], isActive=true)
2025-09-07 13:41:46 INFO  [http-nio-8100-exec-2] c.k.p.s.impl.ProductServiceImpl - Mapping DbProductImage to ProductImageEntity: DbProductImage(id=null, imageUrl=http://localhost:9000/ecommerce-public/2025/product-images/jpg/september/06/20220320_170114.jpg, metadata=Front view, powered on, sortOrder=1, storageId=68bbad959b5b045866f771a2, isValid=true, productId=null)
2025-09-07 13:41:46 INFO  [http-nio-8100-exec-2] c.k.p.s.impl.ProductServiceImpl - Mapping DbProductImage to ProductImageEntity: DbProductImage(id=null, imageUrl=http://localhost:9000/ecommerce-public/2025/product-images/jpg/september/06/20220320_170114.jpg, metadata=Side profile, slim design, sortOrder=2, storageId=68bbad959b5b045866f771a2, isValid=true, productId=null)
2025-09-07 13:41:46 INFO  [http-nio-8100-exec-2] c.k.p.s.impl.ProductServiceImpl - Mapping DbProductImage to ProductImageEntity: DbProductImage(id=null, imageUrl=http://localhost:9000/ecommerce-public/2025/product-images/jpg/september/06/20220320_170114.jpg, metadata=Back panel with HDMI ports, sortOrder=3, storageId=68bbad959b5b045866f771a2, isValid=false, productId=null)
2025-09-07 13:41:47 INFO  [http-nio-8100-exec-2] c.k.p.s.impl.ProductServiceImpl - Creating images for product: PS%
2025-09-07 13:41:47 INFO  [http-nio-8100-exec-2] c.k.p.s.impl.ProductServiceImpl - Saving product: PS%
2025-09-07 13:41:47 DEBUG [http-nio-8100-exec-2] o.s.w.s.m.m.a.HttpEntityMethodProcessor - Using 'application/json', given [*/*] and supported [application/json, application/*+json]
2025-09-07 13:41:47 DEBUG [http-nio-8100-exec-2] o.s.w.s.m.m.a.HttpEntityMethodProcessor - Writing [com.keycloak.common.response.ResponseWrapper@4e2265a2]
2025-09-07 13:41:47 DEBUG [http-nio-8100-exec-2] o.s.web.servlet.DispatcherServlet - Completed 200 OK
2025-09-07 13:42:12 INFO  [SpringApplicationShutdownHook] o.s.o.j.LocalContainerEntityManagerFactoryBean - Closing JPA EntityManagerFactory for persistence unit 'default'
2025-09-07 13:42:12 INFO  [SpringApplicationShutdownHook] com.zaxxer.hikari.HikariDataSource - EcommerceHikariCP - Shutdown initiated...
2025-09-07 13:42:13 INFO  [SpringApplicationShutdownHook] com.zaxxer.hikari.HikariDataSource - EcommerceHikariCP - Shutdown completed.
2025-09-07 13:42:39 INFO  [main] c.k.products.ProductsApplication - Starting ProductsApplication using Java 17.0.11 with PID 92167 (/Users/davidnjau/Documents/Personal/keycloak/products/target/classes started by davidnjau in /Users/davidnjau/Documents/Personal/keycloak)
2025-09-07 13:42:39 INFO  [main] c.k.products.ProductsApplication - No active profile set, falling back to 1 default profile: "default"
2025-09-07 13:42:49 INFO  [main] o.s.d.r.c.RepositoryConfigurationDelegate - Multiple Spring Data modules found, entering strict repository configuration mode
2025-09-07 13:42:49 INFO  [main] o.s.d.r.c.RepositoryConfigurationDelegate - Bootstrapping Spring Data JPA repositories in DEFAULT mode.
2025-09-07 13:42:50 INFO  [main] o.s.d.r.c.RepositoryConfigurationDelegate - Finished Spring Data repository scanning in 513 ms. Found 3 JPA repository interfaces.
2025-09-07 13:42:50 INFO  [main] o.s.d.r.c.RepositoryConfigurationDelegate - Multiple Spring Data modules found, entering strict repository configuration mode
2025-09-07 13:42:50 INFO  [main] o.s.d.r.c.RepositoryConfigurationDelegate - Bootstrapping Spring Data Redis repositories in DEFAULT mode.
2025-09-07 13:42:50 INFO  [main] o.s.d.r.c.RepositoryConfigurationExtensionSupport - Spring Data Redis - Could not safely identify store assignment for repository candidate interface com.keycloak.products.repository.CategoryRepository; If you want this repository to be a Redis repository, consider annotating your entities with one of these annotations: org.springframework.data.redis.core.RedisHash (preferred), or consider extending one of the following types with your repository: org.springframework.data.keyvalue.repository.KeyValueRepository
2025-09-07 13:42:50 INFO  [main] o.s.d.r.c.RepositoryConfigurationExtensionSupport - Spring Data Redis - Could not safely identify store assignment for repository candidate interface com.keycloak.products.repository.ProductImageEntityRepository; If you want this repository to be a Redis repository, consider annotating your entities with one of these annotations: org.springframework.data.redis.core.RedisHash (preferred), or consider extending one of the following types with your repository: org.springframework.data.keyvalue.repository.KeyValueRepository
2025-09-07 13:42:50 INFO  [main] o.s.d.r.c.RepositoryConfigurationExtensionSupport - Spring Data Redis - Could not safely identify store assignment for repository candidate interface com.keycloak.products.repository.ProductRepository; If you want this repository to be a Redis repository, consider annotating your entities with one of these annotations: org.springframework.data.redis.core.RedisHash (preferred), or consider extending one of the following types with your repository: org.springframework.data.keyvalue.repository.KeyValueRepository
2025-09-07 13:42:50 INFO  [main] o.s.d.r.c.RepositoryConfigurationDelegate - Finished Spring Data repository scanning in 10 ms. Found 0 Redis repository interfaces.
2025-09-07 13:42:51 INFO  [main] o.s.b.w.e.tomcat.TomcatWebServer - Tomcat initialized with port 8100 (http)
2025-09-07 13:42:51 INFO  [main] o.a.coyote.http11.Http11NioProtocol - Initializing ProtocolHandler ["http-nio-8100"]
2025-09-07 13:42:51 INFO  [main] o.a.catalina.core.StandardService - Starting service [Tomcat]
2025-09-07 13:42:51 INFO  [main] o.a.catalina.core.StandardEngine - Starting Servlet engine: [Apache Tomcat/10.1.18]
2025-09-07 13:42:51 INFO  [main] o.a.c.c.C.[Tomcat].[localhost].[/] - Initializing Spring embedded WebApplicationContext
2025-09-07 13:42:51 INFO  [main] o.s.b.w.s.c.ServletWebServerApplicationContext - Root WebApplicationContext: initialization completed in 12582 ms
2025-09-07 13:42:52 INFO  [main] o.h.jpa.internal.util.LogHelper - HHH000204: Processing PersistenceUnitInfo [name: default]
2025-09-07 13:42:53 INFO  [main] org.hibernate.Version - HHH000412: Hibernate ORM core version 6.4.1.Final
2025-09-07 13:42:53 INFO  [main] o.h.c.i.RegionFactoryInitiator - HHH000026: Second-level cache disabled
2025-09-07 13:42:53 INFO  [main] o.s.o.j.p.SpringPersistenceUnitInfo - No LoadTimeWeaver setup: ignoring JPA class transformer
2025-09-07 13:42:53 INFO  [main] com.zaxxer.hikari.HikariDataSource - EcommerceHikariCP - Starting...
2025-09-07 13:42:54 INFO  [main] com.zaxxer.hikari.pool.HikariPool - EcommerceHikariCP - Added connection org.postgresql.jdbc.PgConnection@c5a2d5
2025-09-07 13:42:54 INFO  [main] com.zaxxer.hikari.HikariDataSource - EcommerceHikariCP - Start completed.
2025-09-07 13:42:54 WARN  [main] org.hibernate.orm.deprecation - HHH90000025: PostgreSQLDialect does not need to be specified explicitly using 'hibernate.dialect' (remove the property setting and it will be selected by default)
2025-09-07 13:42:55 INFO  [main] o.h.e.t.j.p.i.JtaPlatformInitiator - HHH000489: No JTA platform available (set 'hibernate.transaction.jta.platform' to enable JTA platform integration)
2025-09-07 13:42:56 INFO  [main] o.s.o.j.LocalContainerEntityManagerFactoryBean - Initialized JPA EntityManagerFactory for persistence unit 'default'
2025-09-07 13:42:56 INFO  [main] o.s.d.j.r.query.QueryEnhancerFactory - Hibernate is in classpath; If applicable, HQL parser will be used.
2025-09-07 13:42:57 WARN  [main] o.s.b.a.o.j.JpaBaseConfiguration$JpaWebConfiguration - spring.jpa.open-in-view is enabled by default. Therefore, database queries may be performed during view rendering. Explicitly configure spring.jpa.open-in-view to disable this warning
2025-09-07 13:42:57 DEBUG [main] o.s.w.s.m.m.a.RequestMappingHandlerMapping - 15 mappings in 'requestMappingHandlerMapping'
2025-09-07 13:42:57 DEBUG [main] o.s.w.s.m.m.a.RequestMappingHandlerAdapter - ControllerAdvice beans: 0 @ModelAttribute, 0 @InitBinder, 1 RequestBodyAdvice, 1 ResponseBodyAdvice
2025-09-07 13:42:57 DEBUG [main] o.s.w.s.m.m.a.ExceptionHandlerExceptionResolver - ControllerAdvice beans: 1 @ExceptionHandler, 1 ResponseBodyAdvice
2025-09-07 13:42:57 INFO  [main] o.a.coyote.http11.Http11NioProtocol - Starting ProtocolHandler ["http-nio-8100"]
2025-09-07 13:42:57 INFO  [main] o.s.b.w.e.tomcat.TomcatWebServer - Tomcat started on port 8100 (http) with context path ''
2025-09-07 13:42:57 INFO  [main] c.k.products.ProductsApplication - Started ProductsApplication in 19.151 seconds (process running for 19.785)
2025-09-07 13:43:27 INFO  [http-nio-8100-exec-1] o.a.c.c.C.[Tomcat].[localhost].[/] - Initializing Spring DispatcherServlet 'dispatcherServlet'
2025-09-07 13:43:27 INFO  [http-nio-8100-exec-1] o.s.web.servlet.DispatcherServlet - Initializing Servlet 'dispatcherServlet'
2025-09-07 13:43:27 DEBUG [http-nio-8100-exec-1] o.s.web.servlet.DispatcherServlet - Detected StandardServletMultipartResolver
2025-09-07 13:43:27 DEBUG [http-nio-8100-exec-1] o.s.web.servlet.DispatcherServlet - Detected AcceptHeaderLocaleResolver
2025-09-07 13:43:27 DEBUG [http-nio-8100-exec-1] o.s.web.servlet.DispatcherServlet - Detected FixedThemeResolver
2025-09-07 13:43:27 DEBUG [http-nio-8100-exec-1] o.s.web.servlet.DispatcherServlet - Detected org.springframework.web.servlet.view.DefaultRequestToViewNameTranslator@2b5854a7
2025-09-07 13:43:27 DEBUG [http-nio-8100-exec-1] o.s.web.servlet.DispatcherServlet - Detected org.springframework.web.servlet.support.SessionFlashMapManager@476d5f2e
2025-09-07 13:43:27 DEBUG [http-nio-8100-exec-1] o.s.web.servlet.DispatcherServlet - enableLoggingRequestDetails='true': request parameters and headers will be shown which may lead to unsafe logging of potentially sensitive data
2025-09-07 13:43:27 INFO  [http-nio-8100-exec-1] o.s.web.servlet.DispatcherServlet - Completed initialization in 14 ms
2025-09-07 13:43:27 DEBUG [http-nio-8100-exec-1] o.s.web.servlet.DispatcherServlet - POST "/product/create", parameters={}
2025-09-07 13:43:27 DEBUG [http-nio-8100-exec-1] o.s.w.s.m.m.a.RequestMappingHandlerMapping - Mapped to com.keycloak.products.controller.ProductController#createProduct(DbProduct)
2025-09-07 13:43:27 DEBUG [http-nio-8100-exec-1] o.s.w.s.m.m.a.RequestResponseBodyMethodProcessor - Read "application/json;charset=UTF-8" to [DbProduct(id=null, name=PS%, description=Leather Seats., oldPrice=85000.00, oldPriceCurrency=KES, ne (truncated)...]
2025-09-07 13:43:27 INFO  [http-nio-8100-exec-1] c.k.p.s.impl.ProductServiceImpl - Creating new product: DbProduct(id=null, name=PS%, description=Leather Seats., oldPrice=85000.00, oldPriceCurrency=KES, newPrice=null, newPriceCurrency=null, availableQuantity=10, reservedQuantity=null, productImages=[DbProductImage(id=null, imageUrl=http://localhost:9000/ecommerce-public/2025/product-images/jpg/september/06/20220320_170114.jpg, metadata=Front view, powered on, sortOrder=1, storageId=68bbad959b5b045866f771a2, isValid=true, productId=null), DbProductImage(id=null, imageUrl=http://localhost:9000/ecommerce-public/2025/product-images/jpg/september/06/20220320_170114.jpg, metadata=Side profile, slim design, sortOrder=2, storageId=68bbad959b5b045866f771a2, isValid=true, productId=null), DbProductImage(id=null, imageUrl=http://localhost:9000/ecommerce-public/2025/product-images/jpg/september/06/20220320_170114.jpg, metadata=Back panel with HDMI ports, sortOrder=3, storageId=68bbad959b5b045866f771a2, isValid=false, productId=null)], sku=SKU-TV-5506, tags=[leather, seats, family], categoryIds=[69f5af79-df40-4543-b2ef-be4734a38533, 69f5af79-df40-4543-b2ef-be4734a38533], isActive=true)
2025-09-07 13:43:27 INFO  [http-nio-8100-exec-1] c.k.p.s.impl.ProductServiceImpl - Mapping DbProductImage to ProductImageEntity: DbProductImage(id=null, imageUrl=http://localhost:9000/ecommerce-public/2025/product-images/jpg/september/06/20220320_170114.jpg, metadata=Front view, powered on, sortOrder=1, storageId=68bbad959b5b045866f771a2, isValid=true, productId=null)
2025-09-07 13:43:27 INFO  [http-nio-8100-exec-1] c.k.p.s.impl.ProductServiceImpl - Mapping DbProductImage to ProductImageEntity: DbProductImage(id=null, imageUrl=http://localhost:9000/ecommerce-public/2025/product-images/jpg/september/06/20220320_170114.jpg, metadata=Side profile, slim design, sortOrder=2, storageId=68bbad959b5b045866f771a2, isValid=true, productId=null)
2025-09-07 13:43:27 INFO  [http-nio-8100-exec-1] c.k.p.s.impl.ProductServiceImpl - Mapping DbProductImage to ProductImageEntity: DbProductImage(id=null, imageUrl=http://localhost:9000/ecommerce-public/2025/product-images/jpg/september/06/20220320_170114.jpg, metadata=Back panel with HDMI ports, sortOrder=3, storageId=68bbad959b5b045866f771a2, isValid=false, productId=null)
2025-09-07 13:43:27 INFO  [http-nio-8100-exec-1] c.k.p.s.impl.ProductServiceImpl - Creating images for product: PS%
2025-09-07 13:43:27 INFO  [http-nio-8100-exec-1] c.k.p.s.impl.ProductServiceImpl - Saving product: PS%
2025-09-07 13:43:28 DEBUG [http-nio-8100-exec-1] o.s.w.s.m.m.a.HttpEntityMethodProcessor - Using 'application/json', given [*/*] and supported [application/json, application/*+json]
2025-09-07 13:43:28 DEBUG [http-nio-8100-exec-1] o.s.w.s.m.m.a.HttpEntityMethodProcessor - Writing [com.keycloak.common.response.ResponseWrapper@283dcd8e]
2025-09-07 13:43:28 DEBUG [http-nio-8100-exec-1] o.s.web.servlet.DispatcherServlet - Completed 200 OK
2025-09-07 13:43:44 DEBUG [http-nio-8100-exec-2] o.s.web.servlet.DispatcherServlet - GET "/product/08d26255-ce11-45ee-8620-c0c458e134e5", parameters={}
2025-09-07 13:43:44 DEBUG [http-nio-8100-exec-2] o.s.w.s.m.m.a.RequestMappingHandlerMapping - Mapped to com.keycloak.products.controller.ProductController#getProductById(String)
2025-09-07 13:43:44 INFO  [http-nio-8100-exec-2] c.k.p.s.impl.ProductServiceImpl - Fetching product with ID: 08d26255-ce11-45ee-8620-c0c458e134e5
2025-09-07 13:43:44 INFO  [http-nio-8100-exec-2] c.k.p.s.impl.ProductServiceImpl - Mapping ProductEntity to DbProduct: com.keycloak.products.entity.ProductEntity@30d9229a
2025-09-07 13:43:44 INFO  [http-nio-8100-exec-2] c.k.p.s.impl.ProductServiceImpl - Mapping ProductImageEntity to DbProductImage: com.keycloak.products.entity.ProductImageEntity@1f161f5f
2025-09-07 13:43:44 INFO  [http-nio-8100-exec-2] c.k.p.s.impl.ProductServiceImpl - Mapping ProductImageEntity to DbProductImage: com.keycloak.products.entity.ProductImageEntity@316e0fdb
2025-09-07 13:43:44 INFO  [http-nio-8100-exec-2] c.k.p.s.impl.ProductServiceImpl - Mapping ProductImageEntity to DbProductImage: com.keycloak.products.entity.ProductImageEntity@6b60081
2025-09-07 13:43:44 DEBUG [http-nio-8100-exec-2] o.s.w.s.m.m.a.HttpEntityMethodProcessor - Using 'application/json', given [*/*] and supported [application/json, application/*+json]
2025-09-07 13:43:44 DEBUG [http-nio-8100-exec-2] o.s.w.s.m.m.a.HttpEntityMethodProcessor - Writing [com.keycloak.common.response.ResponseWrapper@743dcac0]
2025-09-07 13:43:44 DEBUG [http-nio-8100-exec-2] o.s.web.servlet.DispatcherServlet - Completed 200 OK
2025-09-07 13:44:49 DEBUG [http-nio-8100-exec-4] o.s.web.servlet.DispatcherServlet - PUT "/product/update/08d26255-ce11-45ee-8620-c0c458e134e5", parameters={}
2025-09-07 13:44:49 DEBUG [http-nio-8100-exec-4] o.s.w.s.m.m.a.RequestMappingHandlerMapping - Mapped to com.keycloak.products.controller.ProductController#updateProduct(String, DbProduct)
2025-09-07 13:44:50 DEBUG [http-nio-8100-exec-4] o.s.w.s.m.m.a.RequestResponseBodyMethodProcessor - Read "application/json;charset=UTF-8" to [DbProduct(id=null, name=null, description=null, oldPrice=null, oldPriceCurrency=null, newPrice=null, (truncated)...]
2025-09-07 13:44:50 INFO  [http-nio-8100-exec-4] c.k.p.s.impl.ProductServiceImpl - Updating product with ID: 08d26255-ce11-45ee-8620-c0c458e134e5
2025-09-07 13:44:50 DEBUG [http-nio-8100-exec-4] o.s.w.s.m.m.a.ExceptionHandlerExceptionResolver - Using @ExceptionHandler com.keycloak.common.exception.GlobalExceptionHandler#handleGenericException(Exception)
2025-09-07 13:44:50 DEBUG [http-nio-8100-exec-4] o.s.w.s.m.m.a.HttpEntityMethodProcessor - Using 'application/json', given [*/*] and supported [application/json, application/*+json]
2025-09-07 13:44:50 DEBUG [http-nio-8100-exec-4] o.s.w.s.m.m.a.HttpEntityMethodProcessor - Writing [com.keycloak.common.response.ResponseWrapper@727771bb]
2025-09-07 13:44:50 DEBUG [http-nio-8100-exec-4] o.s.w.s.m.m.a.ExceptionHandlerExceptionResolver - Resolved [java.lang.RuntimeException: org.springframework.dao.IncorrectResultSizeDataAccessException: Query did not return a unique result: 3 results were returned]
2025-09-07 13:44:50 DEBUG [http-nio-8100-exec-4] o.s.web.servlet.DispatcherServlet - Completed 500 INTERNAL_SERVER_ERROR
2025-09-07 13:58:19 INFO  [SpringApplicationShutdownHook] o.s.o.j.LocalContainerEntityManagerFactoryBean - Closing JPA EntityManagerFactory for persistence unit 'default'
2025-09-07 13:58:19 INFO  [SpringApplicationShutdownHook] com.zaxxer.hikari.HikariDataSource - EcommerceHikariCP - Shutdown initiated...
2025-09-07 13:58:19 INFO  [SpringApplicationShutdownHook] com.zaxxer.hikari.HikariDataSource - EcommerceHikariCP - Shutdown completed.
2025-09-07 13:58:25 INFO  [main] c.k.products.ProductsApplication - Starting ProductsApplication using Java 17.0.11 with PID 93727 (/Users/davidnjau/Documents/Personal/keycloak/products/target/classes started by davidnjau in /Users/davidnjau/Documents/Personal/keycloak)
2025-09-07 13:58:25 INFO  [main] c.k.products.ProductsApplication - No active profile set, falling back to 1 default profile: "default"
2025-09-07 13:58:26 INFO  [main] o.s.d.r.c.RepositoryConfigurationDelegate - Multiple Spring Data modules found, entering strict repository configuration mode
2025-09-07 13:58:26 INFO  [main] o.s.d.r.c.RepositoryConfigurationDelegate - Bootstrapping Spring Data JPA repositories in DEFAULT mode.
2025-09-07 13:58:26 INFO  [main] o.s.d.r.c.RepositoryConfigurationDelegate - Finished Spring Data repository scanning in 66 ms. Found 3 JPA repository interfaces.
2025-09-07 13:58:26 INFO  [main] o.s.d.r.c.RepositoryConfigurationDelegate - Multiple Spring Data modules found, entering strict repository configuration mode
2025-09-07 13:58:26 INFO  [main] o.s.d.r.c.RepositoryConfigurationDelegate - Bootstrapping Spring Data Redis repositories in DEFAULT mode.
2025-09-07 13:58:26 INFO  [main] o.s.d.r.c.RepositoryConfigurationExtensionSupport - Spring Data Redis - Could not safely identify store assignment for repository candidate interface com.keycloak.products.repository.CategoryRepository; If you want this repository to be a Redis repository, consider annotating your entities with one of these annotations: org.springframework.data.redis.core.RedisHash (preferred), or consider extending one of the following types with your repository: org.springframework.data.keyvalue.repository.KeyValueRepository
2025-09-07 13:58:26 INFO  [main] o.s.d.r.c.RepositoryConfigurationExtensionSupport - Spring Data Redis - Could not safely identify store assignment for repository candidate interface com.keycloak.products.repository.ProductImageEntityRepository; If you want this repository to be a Redis repository, consider annotating your entities with one of these annotations: org.springframework.data.redis.core.RedisHash (preferred), or consider extending one of the following types with your repository: org.springframework.data.keyvalue.repository.KeyValueRepository
2025-09-07 13:58:26 INFO  [main] o.s.d.r.c.RepositoryConfigurationExtensionSupport - Spring Data Redis - Could not safely identify store assignment for repository candidate interface com.keycloak.products.repository.ProductRepository; If you want this repository to be a Redis repository, consider annotating your entities with one of these annotations: org.springframework.data.redis.core.RedisHash (preferred), or consider extending one of the following types with your repository: org.springframework.data.keyvalue.repository.KeyValueRepository
2025-09-07 13:58:26 INFO  [main] o.s.d.r.c.RepositoryConfigurationDelegate - Finished Spring Data repository scanning in 2 ms. Found 0 Redis repository interfaces.
2025-09-07 13:58:26 INFO  [main] o.s.b.w.e.tomcat.TomcatWebServer - Tomcat initialized with port 8100 (http)
2025-09-07 13:58:26 INFO  [main] o.a.coyote.http11.Http11NioProtocol - Initializing ProtocolHandler ["http-nio-8100"]
2025-09-07 13:58:26 INFO  [main] o.a.catalina.core.StandardService - Starting service [Tomcat]
2025-09-07 13:58:26 INFO  [main] o.a.catalina.core.StandardEngine - Starting Servlet engine: [Apache Tomcat/10.1.18]
2025-09-07 13:58:26 INFO  [main] o.a.c.c.C.[Tomcat].[localhost].[/] - Initializing Spring embedded WebApplicationContext
2025-09-07 13:58:26 INFO  [main] o.s.b.w.s.c.ServletWebServerApplicationContext - Root WebApplicationContext: initialization completed in 964 ms
2025-09-07 13:58:26 INFO  [main] o.h.jpa.internal.util.LogHelper - HHH000204: Processing PersistenceUnitInfo [name: default]
2025-09-07 13:58:26 INFO  [main] org.hibernate.Version - HHH000412: Hibernate ORM core version 6.4.1.Final
2025-09-07 13:58:26 INFO  [main] o.h.c.i.RegionFactoryInitiator - HHH000026: Second-level cache disabled
2025-09-07 13:58:26 INFO  [main] o.s.o.j.p.SpringPersistenceUnitInfo - No LoadTimeWeaver setup: ignoring JPA class transformer
2025-09-07 13:58:26 INFO  [main] com.zaxxer.hikari.HikariDataSource - EcommerceHikariCP - Starting...
2025-09-07 13:58:27 INFO  [main] com.zaxxer.hikari.pool.HikariPool - EcommerceHikariCP - Added connection org.postgresql.jdbc.PgConnection@6f52a229
2025-09-07 13:58:27 INFO  [main] com.zaxxer.hikari.HikariDataSource - EcommerceHikariCP - Start completed.
2025-09-07 13:58:27 WARN  [main] org.hibernate.orm.deprecation - HHH90000025: PostgreSQLDialect does not need to be specified explicitly using 'hibernate.dialect' (remove the property setting and it will be selected by default)
2025-09-07 13:58:27 INFO  [main] o.h.e.t.j.p.i.JtaPlatformInitiator - HHH000489: No JTA platform available (set 'hibernate.transaction.jta.platform' to enable JTA platform integration)
2025-09-07 13:58:28 INFO  [main] o.s.o.j.LocalContainerEntityManagerFactoryBean - Initialized JPA EntityManagerFactory for persistence unit 'default'
2025-09-07 13:58:28 INFO  [main] o.s.d.j.r.query.QueryEnhancerFactory - Hibernate is in classpath; If applicable, HQL parser will be used.
2025-09-07 13:58:28 WARN  [main] o.s.b.a.o.j.JpaBaseConfiguration$JpaWebConfiguration - spring.jpa.open-in-view is enabled by default. Therefore, database queries may be performed during view rendering. Explicitly configure spring.jpa.open-in-view to disable this warning
2025-09-07 13:58:28 DEBUG [main] o.s.w.s.m.m.a.RequestMappingHandlerMapping - 15 mappings in 'requestMappingHandlerMapping'
2025-09-07 13:58:28 DEBUG [main] o.s.w.s.m.m.a.RequestMappingHandlerAdapter - ControllerAdvice beans: 0 @ModelAttribute, 0 @InitBinder, 1 RequestBodyAdvice, 1 ResponseBodyAdvice
2025-09-07 13:58:28 DEBUG [main] o.s.w.s.m.m.a.ExceptionHandlerExceptionResolver - ControllerAdvice beans: 1 @ExceptionHandler, 1 ResponseBodyAdvice
2025-09-07 13:58:28 INFO  [main] o.a.coyote.http11.Http11NioProtocol - Starting ProtocolHandler ["http-nio-8100"]
2025-09-07 13:58:28 INFO  [main] o.s.b.w.e.tomcat.TomcatWebServer - Tomcat started on port 8100 (http) with context path ''
2025-09-07 13:58:28 INFO  [main] c.k.products.ProductsApplication - Started ProductsApplication in 3.88 seconds (process running for 4.218)
2025-09-07 13:59:14 INFO  [http-nio-8100-exec-1] o.a.c.c.C.[Tomcat].[localhost].[/] - Initializing Spring DispatcherServlet 'dispatcherServlet'
2025-09-07 13:59:14 INFO  [http-nio-8100-exec-1] o.s.web.servlet.DispatcherServlet - Initializing Servlet 'dispatcherServlet'
2025-09-07 13:59:14 DEBUG [http-nio-8100-exec-1] o.s.web.servlet.DispatcherServlet - Detected StandardServletMultipartResolver
2025-09-07 13:59:14 DEBUG [http-nio-8100-exec-1] o.s.web.servlet.DispatcherServlet - Detected AcceptHeaderLocaleResolver
2025-09-07 13:59:14 DEBUG [http-nio-8100-exec-1] o.s.web.servlet.DispatcherServlet - Detected FixedThemeResolver
2025-09-07 13:59:14 DEBUG [http-nio-8100-exec-1] o.s.web.servlet.DispatcherServlet - Detected org.springframework.web.servlet.view.DefaultRequestToViewNameTranslator@50fd7d94
2025-09-07 13:59:14 DEBUG [http-nio-8100-exec-1] o.s.web.servlet.DispatcherServlet - Detected org.springframework.web.servlet.support.SessionFlashMapManager@591e27f1
2025-09-07 13:59:14 DEBUG [http-nio-8100-exec-1] o.s.web.servlet.DispatcherServlet - enableLoggingRequestDetails='true': request parameters and headers will be shown which may lead to unsafe logging of potentially sensitive data
2025-09-07 13:59:14 INFO  [http-nio-8100-exec-1] o.s.web.servlet.DispatcherServlet - Completed initialization in 5 ms
2025-09-07 13:59:14 DEBUG [http-nio-8100-exec-1] o.s.web.servlet.DispatcherServlet - POST "/product/create", parameters={}
2025-09-07 13:59:14 DEBUG [http-nio-8100-exec-1] o.s.w.s.m.m.a.RequestMappingHandlerMapping - Mapped to com.keycloak.products.controller.ProductController#createProduct(DbProduct)
2025-09-07 13:59:15 DEBUG [http-nio-8100-exec-1] o.s.w.s.m.m.a.RequestResponseBodyMethodProcessor - Read "application/json;charset=UTF-8" to [DbProduct(id=null, name=Samsung A09, description=Phones., oldPrice=8500.00, oldPriceCurrency=KES, ne (truncated)...]
2025-09-07 13:59:15 INFO  [http-nio-8100-exec-1] c.k.p.s.impl.ProductServiceImpl - Creating new product: DbProduct(id=null, name=Samsung A09, description=Phones., oldPrice=8500.00, oldPriceCurrency=KES, newPrice=null, newPriceCurrency=null, availableQuantity=10, reservedQuantity=null, productImages=[DbProductImage(id=null, imageUrl=http://localhost:9000/ecommerce-public/2025/product-images/jpg/september/06/20220320_170114.jpg, metadata=Front view, powered on, sortOrder=1, storageId=68bbad959b5b045866f771a2, isValid=true, productId=null), DbProductImage(id=null, imageUrl=http://localhost:9000/ecommerce-public/2025/product-images/jpg/september/06/20220320_170114.jpg, metadata=Side profile, slim design, sortOrder=2, storageId=68bbad959b5b045866f771a2, isValid=true, productId=null), DbProductImage(id=null, imageUrl=http://localhost:9000/ecommerce-public/2025/product-images/jpg/september/06/20220320_170114.jpg, metadata=Back panel with HDMI ports, sortOrder=3, storageId=68bbad959b5b045866f771a2, isValid=false, productId=null)], sku=SKU-TV-5506, tags=[phone], categoryIds=[69f5af79-df40-4543-b2ef-be4734a38533, 69f5af79-df40-4543-b2ef-be4734a38533], isActive=true)
2025-09-07 13:59:15 DEBUG [http-nio-8100-exec-1] o.s.w.s.m.m.a.ExceptionHandlerExceptionResolver - Using @ExceptionHandler com.keycloak.common.exception.GlobalExceptionHandler#handleApplicationException(ApplicationException)
2025-09-07 13:59:15 DEBUG [http-nio-8100-exec-1] o.s.w.s.m.m.a.HttpEntityMethodProcessor - Using 'application/json', given [*/*] and supported [application/json, application/*+json]
2025-09-07 13:59:15 DEBUG [http-nio-8100-exec-1] o.s.w.s.m.m.a.HttpEntityMethodProcessor - Writing [com.keycloak.common.response.ResponseWrapper@3464cc76]
2025-09-07 13:59:15 DEBUG [http-nio-8100-exec-1] o.s.w.s.m.m.a.ExceptionHandlerExceptionResolver - Resolved [com.keycloak.common.exception.ConflictException: Product SKU already exists: SKU-TV-5506]
2025-09-07 13:59:15 DEBUG [http-nio-8100-exec-1] o.s.web.servlet.DispatcherServlet - Completed 409 CONFLICT
2025-09-07 13:59:20 DEBUG [http-nio-8100-exec-2] o.s.web.servlet.DispatcherServlet - POST "/product/create", parameters={}
2025-09-07 13:59:20 DEBUG [http-nio-8100-exec-2] o.s.w.s.m.m.a.RequestMappingHandlerMapping - Mapped to com.keycloak.products.controller.ProductController#createProduct(DbProduct)
2025-09-07 13:59:20 DEBUG [http-nio-8100-exec-2] o.s.w.s.m.m.a.RequestResponseBodyMethodProcessor - Read "application/json;charset=UTF-8" to [DbProduct(id=null, name=Samsung A09, description=Phones., oldPrice=8500.00, oldPriceCurrency=KES, ne (truncated)...]
2025-09-07 13:59:20 INFO  [http-nio-8100-exec-2] c.k.p.s.impl.ProductServiceImpl - Creating new product: DbProduct(id=null, name=Samsung A09, description=Phones., oldPrice=8500.00, oldPriceCurrency=KES, newPrice=null, newPriceCurrency=null, availableQuantity=10, reservedQuantity=null, productImages=[DbProductImage(id=null, imageUrl=http://localhost:9000/ecommerce-public/2025/product-images/jpg/september/06/20220320_170114.jpg, metadata=Front view, powered on, sortOrder=1, storageId=68bbad959b5b045866f771a2, isValid=true, productId=null), DbProductImage(id=null, imageUrl=http://localhost:9000/ecommerce-public/2025/product-images/jpg/september/06/20220320_170114.jpg, metadata=Side profile, slim design, sortOrder=2, storageId=68bbad959b5b045866f771a2, isValid=true, productId=null), DbProductImage(id=null, imageUrl=http://localhost:9000/ecommerce-public/2025/product-images/jpg/september/06/20220320_170114.jpg, metadata=Back panel with HDMI ports, sortOrder=3, storageId=68bbad959b5b045866f771a2, isValid=false, productId=null)], sku=SKU-TV-5507, tags=[phone], categoryIds=[69f5af79-df40-4543-b2ef-be4734a38533, 69f5af79-df40-4543-b2ef-be4734a38533], isActive=true)
2025-09-07 13:59:20 INFO  [http-nio-8100-exec-2] c.k.p.s.impl.ProductServiceImpl - Creating images for product: Samsung A09
2025-09-07 13:59:20 INFO  [http-nio-8100-exec-2] c.k.p.s.impl.ProductServiceImpl - Saving product: Samsung A09
2025-09-07 13:59:20 INFO  [http-nio-8100-exec-2] c.k.p.s.impl.ProductServiceImpl - Mapping DbProductImage to ProductImageEntity: DbProductImage(id=null, imageUrl=http://localhost:9000/ecommerce-public/2025/product-images/jpg/september/06/20220320_170114.jpg, metadata=Front view, powered on, sortOrder=1, storageId=68bbad959b5b045866f771a2, isValid=true, productId=null)
2025-09-07 13:59:20 WARN  [http-nio-8100-exec-2] c.k.p.s.impl.ProductServiceImpl - Duplicate image ignored for product 6c8b9bb9-aea3-4727-9cdc-e9713001676f with storageId 68bbad959b5b045866f771a2
2025-09-07 13:59:20 WARN  [http-nio-8100-exec-2] c.k.p.s.impl.ProductServiceImpl - Duplicate image ignored for product 6c8b9bb9-aea3-4727-9cdc-e9713001676f with storageId 68bbad959b5b045866f771a2
2025-09-07 13:59:20 DEBUG [http-nio-8100-exec-2] o.s.w.s.m.m.a.HttpEntityMethodProcessor - Using 'application/json', given [*/*] and supported [application/json, application/*+json]
2025-09-07 13:59:20 DEBUG [http-nio-8100-exec-2] o.s.w.s.m.m.a.HttpEntityMethodProcessor - Writing [com.keycloak.common.response.ResponseWrapper@49d3a2c7]
2025-09-07 13:59:20 DEBUG [http-nio-8100-exec-2] o.s.web.servlet.DispatcherServlet - Completed 200 OK
2025-09-07 14:00:57 INFO  [SpringApplicationShutdownHook] o.s.o.j.LocalContainerEntityManagerFactoryBean - Closing JPA EntityManagerFactory for persistence unit 'default'
2025-09-07 14:00:57 INFO  [SpringApplicationShutdownHook] com.zaxxer.hikari.HikariDataSource - EcommerceHikariCP - Shutdown initiated...
2025-09-07 14:00:57 INFO  [SpringApplicationShutdownHook] com.zaxxer.hikari.HikariDataSource - EcommerceHikariCP - Shutdown completed.
2025-09-07 14:01:00 INFO  [main] c.k.products.ProductsApplication - Starting ProductsApplication using Java 17.0.11 with PID 93856 (/Users/davidnjau/Documents/Personal/keycloak/products/target/classes started by davidnjau in /Users/davidnjau/Documents/Personal/keycloak)
2025-09-07 14:01:00 INFO  [main] c.k.products.ProductsApplication - No active profile set, falling back to 1 default profile: "default"
2025-09-07 14:01:01 INFO  [main] o.s.d.r.c.RepositoryConfigurationDelegate - Multiple Spring Data modules found, entering strict repository configuration mode
2025-09-07 14:01:01 INFO  [main] o.s.d.r.c.RepositoryConfigurationDelegate - Bootstrapping Spring Data JPA repositories in DEFAULT mode.
2025-09-07 14:01:01 INFO  [main] o.s.d.r.c.RepositoryConfigurationDelegate - Finished Spring Data repository scanning in 106 ms. Found 3 JPA repository interfaces.
2025-09-07 14:01:01 INFO  [main] o.s.d.r.c.RepositoryConfigurationDelegate - Multiple Spring Data modules found, entering strict repository configuration mode
2025-09-07 14:01:01 INFO  [main] o.s.d.r.c.RepositoryConfigurationDelegate - Bootstrapping Spring Data Redis repositories in DEFAULT mode.
2025-09-07 14:01:01 INFO  [main] o.s.d.r.c.RepositoryConfigurationExtensionSupport - Spring Data Redis - Could not safely identify store assignment for repository candidate interface com.keycloak.products.repository.CategoryRepository; If you want this repository to be a Redis repository, consider annotating your entities with one of these annotations: org.springframework.data.redis.core.RedisHash (preferred), or consider extending one of the following types with your repository: org.springframework.data.keyvalue.repository.KeyValueRepository
2025-09-07 14:01:01 INFO  [main] o.s.d.r.c.RepositoryConfigurationExtensionSupport - Spring Data Redis - Could not safely identify store assignment for repository candidate interface com.keycloak.products.repository.ProductImageEntityRepository; If you want this repository to be a Redis repository, consider annotating your entities with one of these annotations: org.springframework.data.redis.core.RedisHash (preferred), or consider extending one of the following types with your repository: org.springframework.data.keyvalue.repository.KeyValueRepository
2025-09-07 14:01:01 INFO  [main] o.s.d.r.c.RepositoryConfigurationExtensionSupport - Spring Data Redis - Could not safely identify store assignment for repository candidate interface com.keycloak.products.repository.ProductRepository; If you want this repository to be a Redis repository, consider annotating your entities with one of these annotations: org.springframework.data.redis.core.RedisHash (preferred), or consider extending one of the following types with your repository: org.springframework.data.keyvalue.repository.KeyValueRepository
2025-09-07 14:01:01 INFO  [main] o.s.d.r.c.RepositoryConfigurationDelegate - Finished Spring Data repository scanning in 2 ms. Found 0 Redis repository interfaces.
2025-09-07 14:01:01 INFO  [main] o.s.b.w.e.tomcat.TomcatWebServer - Tomcat initialized with port 8100 (http)
2025-09-07 14:01:01 INFO  [main] o.a.coyote.http11.Http11NioProtocol - Initializing ProtocolHandler ["http-nio-8100"]
2025-09-07 14:01:01 INFO  [main] o.a.catalina.core.StandardService - Starting service [Tomcat]
2025-09-07 14:01:01 INFO  [main] o.a.catalina.core.StandardEngine - Starting Servlet engine: [Apache Tomcat/10.1.18]
2025-09-07 14:01:01 INFO  [main] o.a.c.c.C.[Tomcat].[localhost].[/] - Initializing Spring embedded WebApplicationContext
2025-09-07 14:01:01 INFO  [main] o.s.b.w.s.c.ServletWebServerApplicationContext - Root WebApplicationContext: initialization completed in 1063 ms
2025-09-07 14:01:01 INFO  [main] o.h.jpa.internal.util.LogHelper - HHH000204: Processing PersistenceUnitInfo [name: default]
2025-09-07 14:01:01 INFO  [main] org.hibernate.Version - HHH000412: Hibernate ORM core version 6.4.1.Final
2025-09-07 14:01:01 INFO  [main] o.h.c.i.RegionFactoryInitiator - HHH000026: Second-level cache disabled
2025-09-07 14:01:02 INFO  [main] o.s.o.j.p.SpringPersistenceUnitInfo - No LoadTimeWeaver setup: ignoring JPA class transformer
2025-09-07 14:01:02 INFO  [main] com.zaxxer.hikari.HikariDataSource - EcommerceHikariCP - Starting...
2025-09-07 14:01:02 INFO  [main] com.zaxxer.hikari.pool.HikariPool - EcommerceHikariCP - Added connection org.postgresql.jdbc.PgConnection@49bb808f
2025-09-07 14:01:02 INFO  [main] com.zaxxer.hikari.HikariDataSource - EcommerceHikariCP - Start completed.
2025-09-07 14:01:02 WARN  [main] org.hibernate.orm.deprecation - HHH90000025: PostgreSQLDialect does not need to be specified explicitly using 'hibernate.dialect' (remove the property setting and it will be selected by default)
2025-09-07 14:01:02 INFO  [main] o.h.e.t.j.p.i.JtaPlatformInitiator - HHH000489: No JTA platform available (set 'hibernate.transaction.jta.platform' to enable JTA platform integration)
2025-09-07 14:01:02 INFO  [main] o.s.o.j.LocalContainerEntityManagerFactoryBean - Initialized JPA EntityManagerFactory for persistence unit 'default'
2025-09-07 14:01:02 INFO  [main] o.s.d.j.r.query.QueryEnhancerFactory - Hibernate is in classpath; If applicable, HQL parser will be used.
2025-09-07 14:01:03 WARN  [main] o.s.b.a.o.j.JpaBaseConfiguration$JpaWebConfiguration - spring.jpa.open-in-view is enabled by default. Therefore, database queries may be performed during view rendering. Explicitly configure spring.jpa.open-in-view to disable this warning
2025-09-07 14:01:03 DEBUG [main] o.s.w.s.m.m.a.RequestMappingHandlerMapping - 15 mappings in 'requestMappingHandlerMapping'
2025-09-07 14:01:03 DEBUG [main] o.s.w.s.m.m.a.RequestMappingHandlerAdapter - ControllerAdvice beans: 0 @ModelAttribute, 0 @InitBinder, 1 RequestBodyAdvice, 1 ResponseBodyAdvice
2025-09-07 14:01:03 DEBUG [main] o.s.w.s.m.m.a.ExceptionHandlerExceptionResolver - ControllerAdvice beans: 1 @ExceptionHandler, 1 ResponseBodyAdvice
2025-09-07 14:01:03 INFO  [main] o.a.coyote.http11.Http11NioProtocol - Starting ProtocolHandler ["http-nio-8100"]
2025-09-07 14:01:03 INFO  [main] o.s.b.w.e.tomcat.TomcatWebServer - Tomcat started on port 8100 (http) with context path ''
2025-09-07 14:01:03 INFO  [main] c.k.products.ProductsApplication - Started ProductsApplication in 3.567 seconds (process running for 4.086)
2025-09-07 14:01:33 INFO  [http-nio-8100-exec-1] o.a.c.c.C.[Tomcat].[localhost].[/] - Initializing Spring DispatcherServlet 'dispatcherServlet'
2025-09-07 14:01:33 INFO  [http-nio-8100-exec-1] o.s.web.servlet.DispatcherServlet - Initializing Servlet 'dispatcherServlet'
2025-09-07 14:01:33 DEBUG [http-nio-8100-exec-1] o.s.web.servlet.DispatcherServlet - Detected StandardServletMultipartResolver
2025-09-07 14:01:33 DEBUG [http-nio-8100-exec-1] o.s.web.servlet.DispatcherServlet - Detected AcceptHeaderLocaleResolver
2025-09-07 14:01:33 DEBUG [http-nio-8100-exec-1] o.s.web.servlet.DispatcherServlet - Detected FixedThemeResolver
2025-09-07 14:01:33 DEBUG [http-nio-8100-exec-1] o.s.web.servlet.DispatcherServlet - Detected org.springframework.web.servlet.view.DefaultRequestToViewNameTranslator@5d260659
2025-09-07 14:01:33 DEBUG [http-nio-8100-exec-1] o.s.web.servlet.DispatcherServlet - Detected org.springframework.web.servlet.support.SessionFlashMapManager@6b5ad1bb
2025-09-07 14:01:33 DEBUG [http-nio-8100-exec-1] o.s.web.servlet.DispatcherServlet - enableLoggingRequestDetails='true': request parameters and headers will be shown which may lead to unsafe logging of potentially sensitive data
2025-09-07 14:01:33 INFO  [http-nio-8100-exec-1] o.s.web.servlet.DispatcherServlet - Completed initialization in 3 ms
2025-09-07 14:01:33 DEBUG [http-nio-8100-exec-1] o.s.web.servlet.DispatcherServlet - POST "/product/create", parameters={}
2025-09-07 14:01:33 DEBUG [http-nio-8100-exec-1] o.s.w.s.m.m.a.RequestMappingHandlerMapping - Mapped to com.keycloak.products.controller.ProductController#createProduct(DbProduct)
2025-09-07 14:01:33 DEBUG [http-nio-8100-exec-1] o.s.w.s.m.m.a.RequestResponseBodyMethodProcessor - Read "application/json;charset=UTF-8" to [DbProduct(id=null, name=Samsung A09, description=Phones., oldPrice=8500.00, oldPriceCurrency=KES, ne (truncated)...]
2025-09-07 14:01:33 INFO  [http-nio-8100-exec-1] c.k.p.s.impl.ProductServiceImpl - Creating new product: DbProduct(id=null, name=Samsung A09, description=Phones., oldPrice=8500.00, oldPriceCurrency=KES, newPrice=null, newPriceCurrency=null, availableQuantity=10, reservedQuantity=null, productImages=[DbProductImage(id=null, imageUrl=http://localhost:9000/ecommerce-public/2025/product-images/jpg/september/06/20220320_170114.jpg, metadata=Front view, powered on, sortOrder=1, storageId=68bbad959b5b045866f771a2, isValid=true, productId=null), DbProductImage(id=null, imageUrl=http://localhost:9000/ecommerce-public/2025/product-images/jpg/september/06/20220320_170114.jpg, metadata=Side profile, slim design, sortOrder=2, storageId=68bbad959b5b045866f771a2, isValid=true, productId=null), DbProductImage(id=null, imageUrl=http://localhost:9000/ecommerce-public/2025/product-images/jpg/september/06/20220320_170114.jpg, metadata=Back panel with HDMI ports, sortOrder=3, storageId=68bbad959b5b045866f771a2, isValid=false, productId=null)], sku=SKU-TV-5507, tags=[phone], categoryIds=[69f5af79-df40-4543-b2ef-be4734a38533, 69f5af79-df40-4543-b2ef-be4734a38533], isActive=true)
2025-09-07 14:01:33 INFO  [http-nio-8100-exec-1] c.k.p.s.impl.ProductServiceImpl - Creating images for product: Samsung A09
2025-09-07 14:01:33 INFO  [http-nio-8100-exec-1] c.k.p.s.impl.ProductServiceImpl - Saving product: Samsung A09
2025-09-07 14:01:33 INFO  [http-nio-8100-exec-1] c.k.p.s.impl.ProductServiceImpl - Mapping DbProductImage to ProductImageEntity: DbProductImage(id=null, imageUrl=http://localhost:9000/ecommerce-public/2025/product-images/jpg/september/06/20220320_170114.jpg, metadata=Front view, powered on, sortOrder=1, storageId=68bbad959b5b045866f771a2, isValid=true, productId=null)
2025-09-07 14:01:33 WARN  [http-nio-8100-exec-1] c.k.p.s.impl.ProductServiceImpl - Duplicate image ignored for product d2bd713c-ae12-44b2-acdd-a66484637da0 with storageId 68bbad959b5b045866f771a2
2025-09-07 14:01:33 WARN  [http-nio-8100-exec-1] c.k.p.s.impl.ProductServiceImpl - Duplicate image ignored for product d2bd713c-ae12-44b2-acdd-a66484637da0 with storageId 68bbad959b5b045866f771a2
2025-09-07 14:01:33 DEBUG [http-nio-8100-exec-1] o.s.w.s.m.m.a.HttpEntityMethodProcessor - Using 'application/json', given [*/*] and supported [application/json, application/*+json]
2025-09-07 14:01:33 DEBUG [http-nio-8100-exec-1] o.s.w.s.m.m.a.HttpEntityMethodProcessor - Writing [com.keycloak.common.response.ResponseWrapper@76d02d47]
2025-09-07 14:01:33 DEBUG [http-nio-8100-exec-1] o.s.web.servlet.DispatcherServlet - Completed 200 OK
2025-09-07 14:02:18 DEBUG [http-nio-8100-exec-2] o.s.web.servlet.DispatcherServlet - PUT "/product/update/08d26255-ce11-45ee-8620-c0c458e134e5", parameters={}
2025-09-07 14:02:18 DEBUG [http-nio-8100-exec-2] o.s.w.s.m.m.a.RequestMappingHandlerMapping - Mapped to com.keycloak.products.controller.ProductController#updateProduct(String, DbProduct)
2025-09-07 14:02:18 DEBUG [http-nio-8100-exec-2] o.s.w.s.m.m.a.RequestResponseBodyMethodProcessor - Read "application/json;charset=UTF-8" to [DbProduct(id=null, name=null, description=null, oldPrice=null, oldPriceCurrency=null, newPrice=null, (truncated)...]
2025-09-07 14:02:18 ERROR [http-nio-8100-exec-2] c.k.p.s.impl.ProductServiceImpl - Product not found with ID: 08d26255-ce11-45ee-8620-c0c458e134e5
2025-09-07 14:02:18 DEBUG [http-nio-8100-exec-2] o.s.w.s.m.m.a.ExceptionHandlerExceptionResolver - Using @ExceptionHandler com.keycloak.common.exception.GlobalExceptionHandler#handleApplicationException(ApplicationException)
2025-09-07 14:02:18 DEBUG [http-nio-8100-exec-2] o.s.w.s.m.m.a.HttpEntityMethodProcessor - Using 'application/json', given [*/*] and supported [application/json, application/*+json]
2025-09-07 14:02:18 DEBUG [http-nio-8100-exec-2] o.s.w.s.m.m.a.HttpEntityMethodProcessor - Writing [com.keycloak.common.response.ResponseWrapper@155b3b37]
2025-09-07 14:02:18 DEBUG [http-nio-8100-exec-2] o.s.w.s.m.m.a.ExceptionHandlerExceptionResolver - Resolved [com.keycloak.common.exception.ContentNotFoundException: Product not found]
2025-09-07 14:02:18 DEBUG [http-nio-8100-exec-2] o.s.web.servlet.DispatcherServlet - Completed 204 NO_CONTENT
2025-09-07 14:02:46 DEBUG [http-nio-8100-exec-3] o.s.web.servlet.DispatcherServlet - PUT "/product/update/d2bd713c-ae12-44b2-acdd-a66484637da0", parameters={}
2025-09-07 14:02:46 DEBUG [http-nio-8100-exec-3] o.s.w.s.m.m.a.RequestMappingHandlerMapping - Mapped to com.keycloak.products.controller.ProductController#updateProduct(String, DbProduct)
2025-09-07 14:02:46 DEBUG [http-nio-8100-exec-3] o.s.w.s.m.m.a.RequestResponseBodyMethodProcessor - Read "application/json;charset=UTF-8" to [DbProduct(id=null, name=null, description=null, oldPrice=null, oldPriceCurrency=null, newPrice=null, (truncated)...]
2025-09-07 14:02:46 INFO  [http-nio-8100-exec-3] c.k.p.s.impl.ProductServiceImpl - Updating product with ID: d2bd713c-ae12-44b2-acdd-a66484637da0
2025-09-07 14:02:46 INFO  [http-nio-8100-exec-3] c.k.p.s.impl.ProductServiceImpl - Update products -> Samsung A09
2025-09-07 14:02:46 DEBUG [http-nio-8100-exec-3] o.s.w.s.m.m.a.HttpEntityMethodProcessor - Using 'application/json', given [*/*] and supported [application/json, application/*+json]
2025-09-07 14:02:46 DEBUG [http-nio-8100-exec-3] o.s.w.s.m.m.a.HttpEntityMethodProcessor - Writing [com.keycloak.common.response.ResponseWrapper@23879729]
2025-09-07 14:02:46 DEBUG [http-nio-8100-exec-3] o.s.web.servlet.DispatcherServlet - Completed 200 OK
2025-09-07 14:04:24 DEBUG [http-nio-8100-exec-5] o.s.web.servlet.DispatcherServlet - POST "/product/create", parameters={}
2025-09-07 14:04:24 DEBUG [http-nio-8100-exec-5] o.s.w.s.m.m.a.RequestMappingHandlerMapping - Mapped to com.keycloak.products.controller.ProductController#createProduct(DbProduct)
2025-09-07 14:04:24 DEBUG [http-nio-8100-exec-5] o.s.w.s.m.m.a.RequestResponseBodyMethodProcessor - Read "application/json;charset=UTF-8" to [DbProduct(id=null, name=10 Seater Seat, description=Leather Seats., oldPrice=10000.00, oldPriceCurre (truncated)...]
2025-09-07 14:04:24 INFO  [http-nio-8100-exec-5] c.k.p.s.impl.ProductServiceImpl - Creating new product: DbProduct(id=null, name=10 Seater Seat, description=Leather Seats., oldPrice=10000.00, oldPriceCurrency=KES, newPrice=null, newPriceCurrency=null, availableQuantity=10, reservedQuantity=null, productImages=[DbProductImage(id=null, imageUrl=http://localhost:9000/ecommerce-public/2025/product-images/jpg/september/06/20220320_170114.jpg, metadata=Front view, powered on, sortOrder=1, storageId=68bbad959b5b045866f771a2, isValid=true, productId=null), DbProductImage(id=null, imageUrl=http://localhost:9000/ecommerce-public/2025/product-images/jpg/september/06/20220320_170114.jpg, metadata=Side profile, slim design, sortOrder=2, storageId=68bbad959b5b045866f771a2, isValid=true, productId=null), DbProductImage(id=null, imageUrl=http://localhost:9000/ecommerce-public/2025/product-images/jpg/september/06/20220320_170114.jpg, metadata=Back panel with HDMI ports, sortOrder=3, storageId=68bbad959b5b045866f771a2, isValid=false, productId=null)], sku=SKU-TV-5505, tags=[leather, seats, family], categoryIds=[69f5af79-df40-4543-b2ef-be4734a38533, 69f5af79-df40-4543-b2ef-be4734a38533], isActive=true)
2025-09-07 14:04:24 INFO  [http-nio-8100-exec-5] c.k.p.s.impl.ProductServiceImpl - Creating images for product: 10 Seater Seat
2025-09-07 14:04:24 INFO  [http-nio-8100-exec-5] c.k.p.s.impl.ProductServiceImpl - Saving product: 10 Seater Seat
2025-09-07 14:04:24 INFO  [http-nio-8100-exec-5] c.k.p.s.impl.ProductServiceImpl - Mapping DbProductImage to ProductImageEntity: DbProductImage(id=null, imageUrl=http://localhost:9000/ecommerce-public/2025/product-images/jpg/september/06/20220320_170114.jpg, metadata=Front view, powered on, sortOrder=1, storageId=68bbad959b5b045866f771a2, isValid=true, productId=null)
2025-09-07 14:04:24 WARN  [http-nio-8100-exec-5] c.k.p.s.impl.ProductServiceImpl - Duplicate image ignored for product 43608077-cdc1-4794-b559-9c8f72aad42f with storageId 68bbad959b5b045866f771a2
2025-09-07 14:04:24 WARN  [http-nio-8100-exec-5] c.k.p.s.impl.ProductServiceImpl - Duplicate image ignored for product 43608077-cdc1-4794-b559-9c8f72aad42f with storageId 68bbad959b5b045866f771a2
2025-09-07 14:04:24 DEBUG [http-nio-8100-exec-5] o.s.w.s.m.m.a.HttpEntityMethodProcessor - Using 'application/json', given [*/*] and supported [application/json, application/*+json]
2025-09-07 14:04:24 DEBUG [http-nio-8100-exec-5] o.s.w.s.m.m.a.HttpEntityMethodProcessor - Writing [com.keycloak.common.response.ResponseWrapper@31aefa58]
2025-09-07 14:04:24 DEBUG [http-nio-8100-exec-5] o.s.web.servlet.DispatcherServlet - Completed 200 OK
