2025-09-06 00:01:42 WARN  [EcommerceHikariCP housekeeper] com.zaxxer.hikari.pool.HikariPool - EcommerceHikariCP - Thread starvation or clock leap detected (housekeeper delta=15m55s951ms).
2025-09-06 00:17:38 WARN  [EcommerceHikariCP housekeeper] com.zaxxer.hikari.pool.HikariPool - EcommerceHikariCP - Thread starvation or clock leap detected (housekeeper delta=15m55s957ms).
2025-09-06 00:23:56 WARN  [EcommerceHikariCP housekeeper] com.zaxxer.hikari.pool.HikariPool - EcommerceHikariCP - Thread starvation or clock leap detected (housekeeper delta=5m47s671ms).
2025-09-06 00:39:52 WARN  [EcommerceHikariCP housekeeper] com.zaxxer.hikari.pool.HikariPool - EcommerceHikariCP - Thread starvation or clock leap detected (housekeeper delta=15m55s678ms).
2025-09-06 00:56:18 WARN  [EcommerceHikariCP housekeeper] com.zaxxer.hikari.pool.HikariPool - EcommerceHikariCP - Thread starvation or clock leap detected (housekeeper delta=15m55s908ms).
2025-09-06 01:12:13 WARN  [EcommerceHikariCP housekeeper] com.zaxxer.hikari.pool.HikariPool - EcommerceHikariCP - Thread starvation or clock leap detected (housekeeper delta=15m55s672ms).
2025-09-06 01:24:59 WARN  [EcommerceHikariCP housekeeper] com.zaxxer.hikari.pool.HikariPool - EcommerceHikariCP - Thread starvation or clock leap detected (housekeeper delta=12m16s54ms).
2025-09-06 01:40:55 WARN  [EcommerceHikariCP housekeeper] com.zaxxer.hikari.pool.HikariPool - EcommerceHikariCP - Thread starvation or clock leap detected (housekeeper delta=15m55s712ms).
2025-09-06 01:57:21 WARN  [EcommerceHikariCP housekeeper] com.zaxxer.hikari.pool.HikariPool - EcommerceHikariCP - Thread starvation or clock leap detected (housekeeper delta=15m55s819ms).
2025-09-06 02:13:16 WARN  [EcommerceHikariCP housekeeper] com.zaxxer.hikari.pool.HikariPool - EcommerceHikariCP - Thread starvation or clock leap detected (housekeeper delta=15m55s643ms).
2025-09-06 02:26:00 WARN  [EcommerceHikariCP housekeeper] com.zaxxer.hikari.pool.HikariPool - EcommerceHikariCP - Thread starvation or clock leap detected (housekeeper delta=12m13s810ms).
2025-09-06 02:41:56 WARN  [EcommerceHikariCP housekeeper] com.zaxxer.hikari.pool.HikariPool - EcommerceHikariCP - Thread starvation or clock leap detected (housekeeper delta=15m55s851ms).
2025-09-06 02:58:22 WARN  [EcommerceHikariCP housekeeper] com.zaxxer.hikari.pool.HikariPool - EcommerceHikariCP - Thread starvation or clock leap detected (housekeeper delta=15m55s703ms).
2025-09-06 03:14:18 WARN  [EcommerceHikariCP housekeeper] com.zaxxer.hikari.pool.HikariPool - EcommerceHikariCP - Thread starvation or clock leap detected (housekeeper delta=15m55s827ms).
2025-09-06 03:26:56 WARN  [EcommerceHikariCP housekeeper] com.zaxxer.hikari.pool.HikariPool - EcommerceHikariCP - Thread starvation or clock leap detected (housekeeper delta=12m8s475ms).
2025-09-06 03:42:52 WARN  [EcommerceHikariCP housekeeper] com.zaxxer.hikari.pool.HikariPool - EcommerceHikariCP - Thread starvation or clock leap detected (housekeeper delta=15m55s675ms).
2025-09-06 03:48:56 WARN  [EcommerceHikariCP housekeeper] com.zaxxer.hikari.pool.HikariPool - EcommerceHikariCP - Thread starvation or clock leap detected (housekeeper delta=5m34s626ms).
2025-09-06 03:53:43 WARN  [EcommerceHikariCP housekeeper] com.zaxxer.hikari.pool.HikariPool - EcommerceHikariCP - Thread starvation or clock leap detected (housekeeper delta=4m46s97ms).
2025-09-06 07:01:42 INFO  [main] c.k.products.ProductsApplication - Starting ProductsApplication using Java 17.0.11 with PID 41723 (/Users/davidnjau/Documents/Personal/keycloak/products/target/classes started by davidnjau in /Users/davidnjau/Documents/Personal/keycloak)
2025-09-06 07:01:42 INFO  [main] c.k.products.ProductsApplication - No active profile set, falling back to 1 default profile: "default"
2025-09-06 07:01:43 INFO  [main] o.s.d.r.c.RepositoryConfigurationDelegate - Multiple Spring Data modules found, entering strict repository configuration mode
2025-09-06 07:01:43 INFO  [main] o.s.d.r.c.RepositoryConfigurationDelegate - Bootstrapping Spring Data JPA repositories in DEFAULT mode.
2025-09-06 07:01:44 INFO  [main] o.s.d.r.c.RepositoryConfigurationDelegate - Finished Spring Data repository scanning in 301 ms. Found 2 JPA repository interfaces.
2025-09-06 07:01:44 INFO  [main] o.s.d.r.c.RepositoryConfigurationDelegate - Multiple Spring Data modules found, entering strict repository configuration mode
2025-09-06 07:01:44 INFO  [main] o.s.d.r.c.RepositoryConfigurationDelegate - Bootstrapping Spring Data Redis repositories in DEFAULT mode.
2025-09-06 07:01:44 INFO  [main] o.s.d.r.c.RepositoryConfigurationExtensionSupport - Spring Data Redis - Could not safely identify store assignment for repository candidate interface com.keycloak.products.repository.CategoryRepository; If you want this repository to be a Redis repository, consider annotating your entities with one of these annotations: org.springframework.data.redis.core.RedisHash (preferred), or consider extending one of the following types with your repository: org.springframework.data.keyvalue.repository.KeyValueRepository
2025-09-06 07:01:44 INFO  [main] o.s.d.r.c.RepositoryConfigurationExtensionSupport - Spring Data Redis - Could not safely identify store assignment for repository candidate interface com.keycloak.products.repository.ProductRepository; If you want this repository to be a Redis repository, consider annotating your entities with one of these annotations: org.springframework.data.redis.core.RedisHash (preferred), or consider extending one of the following types with your repository: org.springframework.data.keyvalue.repository.KeyValueRepository
2025-09-06 07:01:44 INFO  [main] o.s.d.r.c.RepositoryConfigurationDelegate - Finished Spring Data repository scanning in 11 ms. Found 0 Redis repository interfaces.
2025-09-06 07:01:45 INFO  [main] o.s.b.w.e.tomcat.TomcatWebServer - Tomcat initialized with port 8100 (http)
2025-09-06 07:01:45 INFO  [main] o.a.coyote.http11.Http11NioProtocol - Initializing ProtocolHandler ["http-nio-8100"]
2025-09-06 07:01:45 INFO  [main] o.a.catalina.core.StandardService - Starting service [Tomcat]
2025-09-06 07:01:45 INFO  [main] o.a.catalina.core.StandardEngine - Starting Servlet engine: [Apache Tomcat/10.1.18]
2025-09-06 07:01:45 INFO  [main] o.a.c.c.C.[Tomcat].[localhost].[/] - Initializing Spring embedded WebApplicationContext
2025-09-06 07:01:45 INFO  [main] o.s.b.w.s.c.ServletWebServerApplicationContext - Root WebApplicationContext: initialization completed in 2570 ms
2025-09-06 07:01:45 INFO  [main] o.h.jpa.internal.util.LogHelper - HHH000204: Processing PersistenceUnitInfo [name: default]
2025-09-06 07:01:46 INFO  [main] org.hibernate.Version - HHH000412: Hibernate ORM core version 6.4.1.Final
2025-09-06 07:01:46 INFO  [main] o.h.c.i.RegionFactoryInitiator - HHH000026: Second-level cache disabled
2025-09-06 07:01:46 INFO  [main] o.s.o.j.p.SpringPersistenceUnitInfo - No LoadTimeWeaver setup: ignoring JPA class transformer
2025-09-06 07:01:46 INFO  [main] com.zaxxer.hikari.HikariDataSource - EcommerceHikariCP - Starting...
2025-09-06 07:01:46 INFO  [main] com.zaxxer.hikari.pool.HikariPool - EcommerceHikariCP - Added connection org.postgresql.jdbc.PgConnection@36d7a68a
2025-09-06 07:01:46 INFO  [main] com.zaxxer.hikari.HikariDataSource - EcommerceHikariCP - Start completed.
2025-09-06 07:01:46 WARN  [main] org.hibernate.orm.deprecation - HHH90000025: PostgreSQLDialect does not need to be specified explicitly using 'hibernate.dialect' (remove the property setting and it will be selected by default)
2025-09-06 07:01:47 INFO  [main] o.h.e.t.j.p.i.JtaPlatformInitiator - HHH000489: No JTA platform available (set 'hibernate.transaction.jta.platform' to enable JTA platform integration)
2025-09-06 07:01:48 INFO  [main] o.s.o.j.LocalContainerEntityManagerFactoryBean - Initialized JPA EntityManagerFactory for persistence unit 'default'
2025-09-06 07:01:48 INFO  [main] o.s.d.j.r.query.QueryEnhancerFactory - Hibernate is in classpath; If applicable, HQL parser will be used.
2025-09-06 07:01:49 WARN  [main] o.s.b.a.o.j.JpaBaseConfiguration$JpaWebConfiguration - spring.jpa.open-in-view is enabled by default. Therefore, database queries may be performed during view rendering. Explicitly configure spring.jpa.open-in-view to disable this warning
2025-09-06 07:01:49 DEBUG [main] o.s.w.s.m.m.a.RequestMappingHandlerMapping - 8 mappings in 'requestMappingHandlerMapping'
2025-09-06 07:01:49 DEBUG [main] o.s.w.s.m.m.a.RequestMappingHandlerAdapter - ControllerAdvice beans: 0 @ModelAttribute, 0 @InitBinder, 1 RequestBodyAdvice, 1 ResponseBodyAdvice
2025-09-06 07:01:49 DEBUG [main] o.s.w.s.m.m.a.ExceptionHandlerExceptionResolver - ControllerAdvice beans: 1 @ExceptionHandler, 1 ResponseBodyAdvice
2025-09-06 07:01:49 INFO  [main] o.a.coyote.http11.Http11NioProtocol - Starting ProtocolHandler ["http-nio-8100"]
2025-09-06 07:01:49 WARN  [main] o.s.b.w.s.c.AnnotationConfigServletWebServerApplicationContext - Exception encountered during context initialization - cancelling refresh attempt: org.springframework.context.ApplicationContextException: Failed to start bean 'webServerStartStop'
2025-09-06 07:01:49 INFO  [main] o.s.o.j.LocalContainerEntityManagerFactoryBean - Closing JPA EntityManagerFactory for persistence unit 'default'
2025-09-06 07:01:49 INFO  [main] com.zaxxer.hikari.HikariDataSource - EcommerceHikariCP - Shutdown initiated...
2025-09-06 07:01:49 INFO  [main] com.zaxxer.hikari.HikariDataSource - EcommerceHikariCP - Shutdown completed.
2025-09-06 07:01:49 INFO  [main] o.s.b.a.l.ConditionEvaluationReportLogger - 

Error starting ApplicationContext. To display the condition evaluation report re-run your application with 'debug' enabled.
2025-09-06 07:01:49 ERROR [main] o.s.b.d.LoggingFailureAnalysisReporter - 

***************************
APPLICATION FAILED TO START
***************************

Description:

Web server failed to start. Port 8100 was already in use.

Action:

Identify and stop the process that's listening on port 8100 or configure this application to listen on another port.

2025-09-06 07:04:33 INFO  [main] c.k.products.ProductsApplication - Starting ProductsApplication using Java 17.0.11 with PID 42215 (/Users/davidnjau/Documents/Personal/keycloak/products/target/classes started by davidnjau in /Users/davidnjau/Documents/Personal/keycloak)
2025-09-06 07:04:33 INFO  [main] c.k.products.ProductsApplication - No active profile set, falling back to 1 default profile: "default"
2025-09-06 07:04:35 INFO  [main] o.s.d.r.c.RepositoryConfigurationDelegate - Multiple Spring Data modules found, entering strict repository configuration mode
2025-09-06 07:04:35 INFO  [main] o.s.d.r.c.RepositoryConfigurationDelegate - Bootstrapping Spring Data JPA repositories in DEFAULT mode.
2025-09-06 07:04:36 INFO  [main] o.s.d.r.c.RepositoryConfigurationDelegate - Finished Spring Data repository scanning in 129 ms. Found 2 JPA repository interfaces.
2025-09-06 07:04:36 INFO  [main] o.s.d.r.c.RepositoryConfigurationDelegate - Multiple Spring Data modules found, entering strict repository configuration mode
2025-09-06 07:04:36 INFO  [main] o.s.d.r.c.RepositoryConfigurationDelegate - Bootstrapping Spring Data Redis repositories in DEFAULT mode.
2025-09-06 07:04:36 INFO  [main] o.s.d.r.c.RepositoryConfigurationExtensionSupport - Spring Data Redis - Could not safely identify store assignment for repository candidate interface com.keycloak.products.repository.CategoryRepository; If you want this repository to be a Redis repository, consider annotating your entities with one of these annotations: org.springframework.data.redis.core.RedisHash (preferred), or consider extending one of the following types with your repository: org.springframework.data.keyvalue.repository.KeyValueRepository
2025-09-06 07:04:36 INFO  [main] o.s.d.r.c.RepositoryConfigurationExtensionSupport - Spring Data Redis - Could not safely identify store assignment for repository candidate interface com.keycloak.products.repository.ProductRepository; If you want this repository to be a Redis repository, consider annotating your entities with one of these annotations: org.springframework.data.redis.core.RedisHash (preferred), or consider extending one of the following types with your repository: org.springframework.data.keyvalue.repository.KeyValueRepository
2025-09-06 07:04:36 INFO  [main] o.s.d.r.c.RepositoryConfigurationDelegate - Finished Spring Data repository scanning in 5 ms. Found 0 Redis repository interfaces.
2025-09-06 07:04:37 INFO  [main] o.s.b.w.e.tomcat.TomcatWebServer - Tomcat initialized with port 8100 (http)
2025-09-06 07:04:37 INFO  [main] o.a.coyote.http11.Http11NioProtocol - Initializing ProtocolHandler ["http-nio-8100"]
2025-09-06 07:04:37 INFO  [main] o.a.catalina.core.StandardService - Starting service [Tomcat]
2025-09-06 07:04:37 INFO  [main] o.a.catalina.core.StandardEngine - Starting Servlet engine: [Apache Tomcat/10.1.18]
2025-09-06 07:04:37 INFO  [main] o.a.c.c.C.[Tomcat].[localhost].[/] - Initializing Spring embedded WebApplicationContext
2025-09-06 07:04:37 INFO  [main] o.s.b.w.s.c.ServletWebServerApplicationContext - Root WebApplicationContext: initialization completed in 3950 ms
2025-09-06 07:04:38 INFO  [main] o.h.jpa.internal.util.LogHelper - HHH000204: Processing PersistenceUnitInfo [name: default]
2025-09-06 07:04:38 INFO  [main] org.hibernate.Version - HHH000412: Hibernate ORM core version 6.4.1.Final
2025-09-06 07:04:38 INFO  [main] o.h.c.i.RegionFactoryInitiator - HHH000026: Second-level cache disabled
2025-09-06 07:04:39 INFO  [main] o.s.o.j.p.SpringPersistenceUnitInfo - No LoadTimeWeaver setup: ignoring JPA class transformer
2025-09-06 07:04:39 INFO  [main] com.zaxxer.hikari.HikariDataSource - EcommerceHikariCP - Starting...
2025-09-06 07:04:39 INFO  [main] com.zaxxer.hikari.pool.HikariPool - EcommerceHikariCP - Added connection org.postgresql.jdbc.PgConnection@478089b6
2025-09-06 07:04:39 INFO  [main] com.zaxxer.hikari.HikariDataSource - EcommerceHikariCP - Start completed.
2025-09-06 07:04:39 WARN  [main] org.hibernate.orm.deprecation - HHH90000025: PostgreSQLDialect does not need to be specified explicitly using 'hibernate.dialect' (remove the property setting and it will be selected by default)
2025-09-06 07:04:41 INFO  [main] o.h.e.t.j.p.i.JtaPlatformInitiator - HHH000489: No JTA platform available (set 'hibernate.transaction.jta.platform' to enable JTA platform integration)
2025-09-06 07:04:42 INFO  [main] o.s.o.j.LocalContainerEntityManagerFactoryBean - Initialized JPA EntityManagerFactory for persistence unit 'default'
2025-09-06 07:04:43 INFO  [main] o.s.d.j.r.query.QueryEnhancerFactory - Hibernate is in classpath; If applicable, HQL parser will be used.
2025-09-06 07:04:44 WARN  [main] o.s.b.a.o.j.JpaBaseConfiguration$JpaWebConfiguration - spring.jpa.open-in-view is enabled by default. Therefore, database queries may be performed during view rendering. Explicitly configure spring.jpa.open-in-view to disable this warning
2025-09-06 07:04:45 DEBUG [main] o.s.w.s.m.m.a.RequestMappingHandlerMapping - 8 mappings in 'requestMappingHandlerMapping'
2025-09-06 07:04:45 DEBUG [main] o.s.w.s.m.m.a.RequestMappingHandlerAdapter - ControllerAdvice beans: 0 @ModelAttribute, 0 @InitBinder, 1 RequestBodyAdvice, 1 ResponseBodyAdvice
2025-09-06 07:04:45 DEBUG [main] o.s.w.s.m.m.a.ExceptionHandlerExceptionResolver - ControllerAdvice beans: 1 @ExceptionHandler, 1 ResponseBodyAdvice
2025-09-06 07:04:45 INFO  [main] o.a.coyote.http11.Http11NioProtocol - Starting ProtocolHandler ["http-nio-8100"]
2025-09-06 07:04:45 WARN  [main] o.s.b.w.s.c.AnnotationConfigServletWebServerApplicationContext - Exception encountered during context initialization - cancelling refresh attempt: org.springframework.context.ApplicationContextException: Failed to start bean 'webServerStartStop'
2025-09-06 07:04:45 INFO  [main] o.s.o.j.LocalContainerEntityManagerFactoryBean - Closing JPA EntityManagerFactory for persistence unit 'default'
2025-09-06 07:04:46 INFO  [main] com.zaxxer.hikari.HikariDataSource - EcommerceHikariCP - Shutdown initiated...
2025-09-06 07:04:46 INFO  [main] com.zaxxer.hikari.HikariDataSource - EcommerceHikariCP - Shutdown completed.
2025-09-06 07:04:46 INFO  [main] o.s.b.a.l.ConditionEvaluationReportLogger - 

Error starting ApplicationContext. To display the condition evaluation report re-run your application with 'debug' enabled.
2025-09-06 07:04:46 ERROR [main] o.s.b.d.LoggingFailureAnalysisReporter - 

***************************
APPLICATION FAILED TO START
***************************

Description:

Web server failed to start. Port 8100 was already in use.

Action:

Identify and stop the process that's listening on port 8100 or configure this application to listen on another port.

2025-09-06 07:35:04 DEBUG [http-nio-8100-exec-9] o.s.web.servlet.DispatcherServlet - POST "/product/create", parameters={}
2025-09-06 07:35:04 DEBUG [http-nio-8100-exec-9] o.s.w.s.m.m.a.ExceptionHandlerExceptionResolver - Using @ExceptionHandler com.keycloak.common.exception.GlobalExceptionHandler#handleGenericException(Exception)
2025-09-06 07:35:04 DEBUG [http-nio-8100-exec-9] o.s.w.s.m.m.a.HttpEntityMethodProcessor - Using 'application/json', given [*/*] and supported [application/json, application/*+json]
2025-09-06 07:35:04 DEBUG [http-nio-8100-exec-9] o.s.w.s.m.m.a.HttpEntityMethodProcessor - Writing [com.keycloak.common.response.ResponseWrapper@268eed91]
2025-09-06 07:35:04 DEBUG [http-nio-8100-exec-9] o.s.w.s.m.m.a.ExceptionHandlerExceptionResolver - Resolved [org.springframework.web.servlet.resource.NoResourceFoundException: No static resource product/create.]
2025-09-06 07:35:04 DEBUG [http-nio-8100-exec-9] o.s.web.servlet.DispatcherServlet - Completed 500 INTERNAL_SERVER_ERROR
2025-09-06 07:35:35 INFO  [main] c.k.products.ProductsApplication - Starting ProductsApplication using Java 17.0.11 with PID 44549 (/Users/davidnjau/Documents/Personal/keycloak/products/target/classes started by davidnjau in /Users/davidnjau/Documents/Personal/keycloak)
2025-09-06 07:35:35 INFO  [main] c.k.products.ProductsApplication - No active profile set, falling back to 1 default profile: "default"
2025-09-06 07:35:36 INFO  [main] o.s.d.r.c.RepositoryConfigurationDelegate - Multiple Spring Data modules found, entering strict repository configuration mode
2025-09-06 07:35:36 INFO  [main] o.s.d.r.c.RepositoryConfigurationDelegate - Bootstrapping Spring Data JPA repositories in DEFAULT mode.
2025-09-06 07:35:36 INFO  [main] o.s.d.r.c.RepositoryConfigurationDelegate - Finished Spring Data repository scanning in 69 ms. Found 2 JPA repository interfaces.
2025-09-06 07:35:36 INFO  [main] o.s.d.r.c.RepositoryConfigurationDelegate - Multiple Spring Data modules found, entering strict repository configuration mode
2025-09-06 07:35:36 INFO  [main] o.s.d.r.c.RepositoryConfigurationDelegate - Bootstrapping Spring Data Redis repositories in DEFAULT mode.
2025-09-06 07:35:36 INFO  [main] o.s.d.r.c.RepositoryConfigurationExtensionSupport - Spring Data Redis - Could not safely identify store assignment for repository candidate interface com.keycloak.products.repository.CategoryRepository; If you want this repository to be a Redis repository, consider annotating your entities with one of these annotations: org.springframework.data.redis.core.RedisHash (preferred), or consider extending one of the following types with your repository: org.springframework.data.keyvalue.repository.KeyValueRepository
2025-09-06 07:35:36 INFO  [main] o.s.d.r.c.RepositoryConfigurationExtensionSupport - Spring Data Redis - Could not safely identify store assignment for repository candidate interface com.keycloak.products.repository.ProductRepository; If you want this repository to be a Redis repository, consider annotating your entities with one of these annotations: org.springframework.data.redis.core.RedisHash (preferred), or consider extending one of the following types with your repository: org.springframework.data.keyvalue.repository.KeyValueRepository
2025-09-06 07:35:36 INFO  [main] o.s.d.r.c.RepositoryConfigurationDelegate - Finished Spring Data repository scanning in 2 ms. Found 0 Redis repository interfaces.
2025-09-06 07:35:36 INFO  [main] o.s.b.w.e.tomcat.TomcatWebServer - Tomcat initialized with port 8100 (http)
2025-09-06 07:35:36 INFO  [main] o.a.coyote.http11.Http11NioProtocol - Initializing ProtocolHandler ["http-nio-8100"]
2025-09-06 07:35:36 INFO  [main] o.a.catalina.core.StandardService - Starting service [Tomcat]
2025-09-06 07:35:36 INFO  [main] o.a.catalina.core.StandardEngine - Starting Servlet engine: [Apache Tomcat/10.1.18]
2025-09-06 07:35:36 INFO  [main] o.a.c.c.C.[Tomcat].[localhost].[/] - Initializing Spring embedded WebApplicationContext
2025-09-06 07:35:36 INFO  [main] o.s.b.w.s.c.ServletWebServerApplicationContext - Root WebApplicationContext: initialization completed in 909 ms
2025-09-06 07:35:36 INFO  [main] o.h.jpa.internal.util.LogHelper - HHH000204: Processing PersistenceUnitInfo [name: default]
2025-09-06 07:35:36 INFO  [main] org.hibernate.Version - HHH000412: Hibernate ORM core version 6.4.1.Final
2025-09-06 07:35:36 INFO  [main] o.h.c.i.RegionFactoryInitiator - HHH000026: Second-level cache disabled
2025-09-06 07:35:37 INFO  [main] o.s.o.j.p.SpringPersistenceUnitInfo - No LoadTimeWeaver setup: ignoring JPA class transformer
2025-09-06 07:35:37 INFO  [main] com.zaxxer.hikari.HikariDataSource - EcommerceHikariCP - Starting...
2025-09-06 07:35:37 INFO  [main] com.zaxxer.hikari.pool.HikariPool - EcommerceHikariCP - Added connection org.postgresql.jdbc.PgConnection@6f65aa58
2025-09-06 07:35:37 INFO  [main] com.zaxxer.hikari.HikariDataSource - EcommerceHikariCP - Start completed.
2025-09-06 07:35:37 WARN  [main] org.hibernate.orm.deprecation - HHH90000025: PostgreSQLDialect does not need to be specified explicitly using 'hibernate.dialect' (remove the property setting and it will be selected by default)
2025-09-06 07:35:37 INFO  [main] o.h.e.t.j.p.i.JtaPlatformInitiator - HHH000489: No JTA platform available (set 'hibernate.transaction.jta.platform' to enable JTA platform integration)
2025-09-06 07:35:38 INFO  [main] o.s.o.j.LocalContainerEntityManagerFactoryBean - Initialized JPA EntityManagerFactory for persistence unit 'default'
2025-09-06 07:35:38 INFO  [main] o.s.d.j.r.query.QueryEnhancerFactory - Hibernate is in classpath; If applicable, HQL parser will be used.
2025-09-06 07:35:39 WARN  [main] o.s.b.a.o.j.JpaBaseConfiguration$JpaWebConfiguration - spring.jpa.open-in-view is enabled by default. Therefore, database queries may be performed during view rendering. Explicitly configure spring.jpa.open-in-view to disable this warning
2025-09-06 07:35:39 WARN  [main] o.s.b.w.s.c.AnnotationConfigServletWebServerApplicationContext - Exception encountered during context initialization - cancelling refresh attempt: org.springframework.beans.factory.BeanCreationException: Error creating bean with name 'requestMappingHandlerMapping' defined in class path resource [org/springframework/boot/autoconfigure/web/servlet/WebMvcAutoConfiguration$EnableWebMvcConfiguration.class]: Ambiguous mapping. Cannot map 'productController' method 
com.keycloak.products.controller.ProductController#addProductToCategory(String, DbCategories)
to {PUT [/product/{productId}]}: There is already 'productController' bean method
com.keycloak.products.controller.ProductController#updateProduct(String, DbProduct) mapped.
2025-09-06 07:35:39 INFO  [main] o.s.o.j.LocalContainerEntityManagerFactoryBean - Closing JPA EntityManagerFactory for persistence unit 'default'
2025-09-06 07:35:39 INFO  [main] com.zaxxer.hikari.HikariDataSource - EcommerceHikariCP - Shutdown initiated...
2025-09-06 07:35:39 INFO  [main] com.zaxxer.hikari.HikariDataSource - EcommerceHikariCP - Shutdown completed.
2025-09-06 07:35:39 INFO  [main] o.a.catalina.core.StandardService - Stopping service [Tomcat]
2025-09-06 07:35:39 INFO  [main] o.s.b.a.l.ConditionEvaluationReportLogger - 

Error starting ApplicationContext. To display the condition evaluation report re-run your application with 'debug' enabled.
2025-09-06 07:35:39 ERROR [main] o.s.boot.SpringApplication - Application run failed
org.springframework.beans.factory.BeanCreationException: Error creating bean with name 'requestMappingHandlerMapping' defined in class path resource [org/springframework/boot/autoconfigure/web/servlet/WebMvcAutoConfiguration$EnableWebMvcConfiguration.class]: Ambiguous mapping. Cannot map 'productController' method 
com.keycloak.products.controller.ProductController#addProductToCategory(String, DbCategories)
to {PUT [/product/{productId}]}: There is already 'productController' bean method
com.keycloak.products.controller.ProductController#updateProduct(String, DbProduct) mapped.
	at org.springframework.beans.factory.support.AbstractAutowireCapableBeanFactory.initializeBean(AbstractAutowireCapableBeanFactory.java:1773)
	at org.springframework.beans.factory.support.AbstractAutowireCapableBeanFactory.doCreateBean(AbstractAutowireCapableBeanFactory.java:599)
	at org.springframework.beans.factory.support.AbstractAutowireCapableBeanFactory.createBean(AbstractAutowireCapableBeanFactory.java:521)
	at org.springframework.beans.factory.support.AbstractBeanFactory.lambda$doGetBean$0(AbstractBeanFactory.java:325)
	at org.springframework.beans.factory.support.DefaultSingletonBeanRegistry.getSingleton(DefaultSingletonBeanRegistry.java:234)
	at org.springframework.beans.factory.support.AbstractBeanFactory.doGetBean(AbstractBeanFactory.java:323)
	at org.springframework.beans.factory.support.AbstractBeanFactory.getBean(AbstractBeanFactory.java:199)
	at org.springframework.beans.factory.support.DefaultListableBeanFactory.preInstantiateSingletons(DefaultListableBeanFactory.java:975)
	at org.springframework.context.support.AbstractApplicationContext.finishBeanFactoryInitialization(AbstractApplicationContext.java:959)
	at org.springframework.context.support.AbstractApplicationContext.refresh(AbstractApplicationContext.java:624)
	at org.springframework.boot.web.servlet.context.ServletWebServerApplicationContext.refresh(ServletWebServerApplicationContext.java:146)
	at org.springframework.boot.SpringApplication.refresh(SpringApplication.java:754)
	at org.springframework.boot.SpringApplication.refreshContext(SpringApplication.java:456)
	at org.springframework.boot.SpringApplication.run(SpringApplication.java:334)
	at org.springframework.boot.SpringApplication.run(SpringApplication.java:1354)
	at org.springframework.boot.SpringApplication.run(SpringApplication.java:1343)
	at com.keycloak.products.ProductsApplication.main(ProductsApplication.java:14)
Caused by: java.lang.IllegalStateException: Ambiguous mapping. Cannot map 'productController' method 
com.keycloak.products.controller.ProductController#addProductToCategory(String, DbCategories)
to {PUT [/product/{productId}]}: There is already 'productController' bean method
com.keycloak.products.controller.ProductController#updateProduct(String, DbProduct) mapped.
	at org.springframework.web.servlet.handler.AbstractHandlerMethodMapping$MappingRegistry.validateMethodMapping(AbstractHandlerMethodMapping.java:671)
	at org.springframework.web.servlet.handler.AbstractHandlerMethodMapping$MappingRegistry.register(AbstractHandlerMethodMapping.java:633)
	at org.springframework.web.servlet.handler.AbstractHandlerMethodMapping.registerHandlerMethod(AbstractHandlerMethodMapping.java:331)
	at org.springframework.web.servlet.mvc.method.annotation.RequestMappingHandlerMapping.registerHandlerMethod(RequestMappingHandlerMapping.java:486)
	at org.springframework.web.servlet.mvc.method.annotation.RequestMappingHandlerMapping.registerHandlerMethod(RequestMappingHandlerMapping.java:79)
	at org.springframework.web.servlet.handler.AbstractHandlerMethodMapping.lambda$detectHandlerMethods$2(AbstractHandlerMethodMapping.java:298)
	at java.base/java.util.LinkedHashMap.forEach(LinkedHashMap.java:721)
	at org.springframework.web.servlet.handler.AbstractHandlerMethodMapping.detectHandlerMethods(AbstractHandlerMethodMapping.java:296)
	at org.springframework.web.servlet.handler.AbstractHandlerMethodMapping.processCandidateBean(AbstractHandlerMethodMapping.java:265)
	at org.springframework.web.servlet.handler.AbstractHandlerMethodMapping.initHandlerMethods(AbstractHandlerMethodMapping.java:224)
	at org.springframework.web.servlet.handler.AbstractHandlerMethodMapping.afterPropertiesSet(AbstractHandlerMethodMapping.java:212)
	at org.springframework.web.servlet.mvc.method.annotation.RequestMappingHandlerMapping.afterPropertiesSet(RequestMappingHandlerMapping.java:233)
	at org.springframework.beans.factory.support.AbstractAutowireCapableBeanFactory.invokeInitMethods(AbstractAutowireCapableBeanFactory.java:1820)
	at org.springframework.beans.factory.support.AbstractAutowireCapableBeanFactory.initializeBean(AbstractAutowireCapableBeanFactory.java:1769)
	... 16 common frames omitted
2025-09-06 07:37:32 INFO  [main] c.k.products.ProductsApplication - Starting ProductsApplication using Java 17.0.11 with PID 44646 (/Users/davidnjau/Documents/Personal/keycloak/products/target/classes started by davidnjau in /Users/davidnjau/Documents/Personal/keycloak)
2025-09-06 07:37:32 INFO  [main] c.k.products.ProductsApplication - No active profile set, falling back to 1 default profile: "default"
2025-09-06 07:37:33 INFO  [main] o.s.d.r.c.RepositoryConfigurationDelegate - Multiple Spring Data modules found, entering strict repository configuration mode
2025-09-06 07:37:33 INFO  [main] o.s.d.r.c.RepositoryConfigurationDelegate - Bootstrapping Spring Data JPA repositories in DEFAULT mode.
2025-09-06 07:37:33 INFO  [main] o.s.d.r.c.RepositoryConfigurationDelegate - Finished Spring Data repository scanning in 82 ms. Found 2 JPA repository interfaces.
2025-09-06 07:37:33 INFO  [main] o.s.d.r.c.RepositoryConfigurationDelegate - Multiple Spring Data modules found, entering strict repository configuration mode
2025-09-06 07:37:33 INFO  [main] o.s.d.r.c.RepositoryConfigurationDelegate - Bootstrapping Spring Data Redis repositories in DEFAULT mode.
2025-09-06 07:37:33 INFO  [main] o.s.d.r.c.RepositoryConfigurationExtensionSupport - Spring Data Redis - Could not safely identify store assignment for repository candidate interface com.keycloak.products.repository.CategoryRepository; If you want this repository to be a Redis repository, consider annotating your entities with one of these annotations: org.springframework.data.redis.core.RedisHash (preferred), or consider extending one of the following types with your repository: org.springframework.data.keyvalue.repository.KeyValueRepository
2025-09-06 07:37:33 INFO  [main] o.s.d.r.c.RepositoryConfigurationExtensionSupport - Spring Data Redis - Could not safely identify store assignment for repository candidate interface com.keycloak.products.repository.ProductRepository; If you want this repository to be a Redis repository, consider annotating your entities with one of these annotations: org.springframework.data.redis.core.RedisHash (preferred), or consider extending one of the following types with your repository: org.springframework.data.keyvalue.repository.KeyValueRepository
2025-09-06 07:37:33 INFO  [main] o.s.d.r.c.RepositoryConfigurationDelegate - Finished Spring Data repository scanning in 2 ms. Found 0 Redis repository interfaces.
2025-09-06 07:37:33 INFO  [main] o.s.b.w.e.tomcat.TomcatWebServer - Tomcat initialized with port 8100 (http)
2025-09-06 07:37:33 INFO  [main] o.a.coyote.http11.Http11NioProtocol - Initializing ProtocolHandler ["http-nio-8100"]
2025-09-06 07:37:33 INFO  [main] o.a.catalina.core.StandardService - Starting service [Tomcat]
2025-09-06 07:37:33 INFO  [main] o.a.catalina.core.StandardEngine - Starting Servlet engine: [Apache Tomcat/10.1.18]
2025-09-06 07:37:33 INFO  [main] o.a.c.c.C.[Tomcat].[localhost].[/] - Initializing Spring embedded WebApplicationContext
2025-09-06 07:37:33 INFO  [main] o.s.b.w.s.c.ServletWebServerApplicationContext - Root WebApplicationContext: initialization completed in 802 ms
2025-09-06 07:37:33 INFO  [main] o.h.jpa.internal.util.LogHelper - HHH000204: Processing PersistenceUnitInfo [name: default]
2025-09-06 07:37:33 INFO  [main] org.hibernate.Version - HHH000412: Hibernate ORM core version 6.4.1.Final
2025-09-06 07:37:33 INFO  [main] o.h.c.i.RegionFactoryInitiator - HHH000026: Second-level cache disabled
2025-09-06 07:37:33 INFO  [main] o.s.o.j.p.SpringPersistenceUnitInfo - No LoadTimeWeaver setup: ignoring JPA class transformer
2025-09-06 07:37:33 INFO  [main] com.zaxxer.hikari.HikariDataSource - EcommerceHikariCP - Starting...
2025-09-06 07:37:34 INFO  [main] com.zaxxer.hikari.pool.HikariPool - EcommerceHikariCP - Added connection org.postgresql.jdbc.PgConnection@7b2e931
2025-09-06 07:37:34 INFO  [main] com.zaxxer.hikari.HikariDataSource - EcommerceHikariCP - Start completed.
2025-09-06 07:37:34 WARN  [main] org.hibernate.orm.deprecation - HHH90000025: PostgreSQLDialect does not need to be specified explicitly using 'hibernate.dialect' (remove the property setting and it will be selected by default)
2025-09-06 07:37:34 INFO  [main] o.h.e.t.j.p.i.JtaPlatformInitiator - HHH000489: No JTA platform available (set 'hibernate.transaction.jta.platform' to enable JTA platform integration)
2025-09-06 07:37:34 INFO  [main] o.s.o.j.LocalContainerEntityManagerFactoryBean - Initialized JPA EntityManagerFactory for persistence unit 'default'
2025-09-06 07:37:35 INFO  [main] o.s.d.j.r.query.QueryEnhancerFactory - Hibernate is in classpath; If applicable, HQL parser will be used.
2025-09-06 07:37:35 WARN  [main] o.s.b.a.o.j.JpaBaseConfiguration$JpaWebConfiguration - spring.jpa.open-in-view is enabled by default. Therefore, database queries may be performed during view rendering. Explicitly configure spring.jpa.open-in-view to disable this warning
2025-09-06 07:37:35 DEBUG [main] o.s.w.s.m.m.a.RequestMappingHandlerMapping - 15 mappings in 'requestMappingHandlerMapping'
2025-09-06 07:37:35 DEBUG [main] o.s.w.s.m.m.a.RequestMappingHandlerAdapter - ControllerAdvice beans: 0 @ModelAttribute, 0 @InitBinder, 1 RequestBodyAdvice, 1 ResponseBodyAdvice
2025-09-06 07:37:35 DEBUG [main] o.s.w.s.m.m.a.ExceptionHandlerExceptionResolver - ControllerAdvice beans: 1 @ExceptionHandler, 1 ResponseBodyAdvice
2025-09-06 07:37:35 INFO  [main] o.a.coyote.http11.Http11NioProtocol - Starting ProtocolHandler ["http-nio-8100"]
2025-09-06 07:37:35 WARN  [main] o.s.b.w.s.c.AnnotationConfigServletWebServerApplicationContext - Exception encountered during context initialization - cancelling refresh attempt: org.springframework.context.ApplicationContextException: Failed to start bean 'webServerStartStop'
2025-09-06 07:37:35 INFO  [main] o.s.o.j.LocalContainerEntityManagerFactoryBean - Closing JPA EntityManagerFactory for persistence unit 'default'
2025-09-06 07:37:35 INFO  [main] com.zaxxer.hikari.HikariDataSource - EcommerceHikariCP - Shutdown initiated...
2025-09-06 07:37:35 INFO  [main] com.zaxxer.hikari.HikariDataSource - EcommerceHikariCP - Shutdown completed.
2025-09-06 07:37:35 INFO  [main] o.s.b.a.l.ConditionEvaluationReportLogger - 

Error starting ApplicationContext. To display the condition evaluation report re-run your application with 'debug' enabled.
2025-09-06 07:37:35 ERROR [main] o.s.b.d.LoggingFailureAnalysisReporter - 

***************************
APPLICATION FAILED TO START
***************************

Description:

Web server failed to start. Port 8100 was already in use.

Action:

Identify and stop the process that's listening on port 8100 or configure this application to listen on another port.

2025-09-06 07:38:21 INFO  [SpringApplicationShutdownHook] o.s.o.j.LocalContainerEntityManagerFactoryBean - Closing JPA EntityManagerFactory for persistence unit 'default'
2025-09-06 07:38:21 INFO  [SpringApplicationShutdownHook] com.zaxxer.hikari.HikariDataSource - EcommerceHikariCP - Shutdown initiated...
2025-09-06 07:38:21 INFO  [SpringApplicationShutdownHook] com.zaxxer.hikari.HikariDataSource - EcommerceHikariCP - Shutdown completed.
2025-09-06 07:38:34 INFO  [main] c.k.products.ProductsApplication - Starting ProductsApplication using Java 17.0.11 with PID 44876 (/Users/davidnjau/Documents/Personal/keycloak/products/target/classes started by davidnjau in /Users/davidnjau/Documents/Personal/keycloak)
2025-09-06 07:38:34 INFO  [main] c.k.products.ProductsApplication - No active profile set, falling back to 1 default profile: "default"
2025-09-06 07:38:34 INFO  [main] o.s.d.r.c.RepositoryConfigurationDelegate - Multiple Spring Data modules found, entering strict repository configuration mode
2025-09-06 07:38:34 INFO  [main] o.s.d.r.c.RepositoryConfigurationDelegate - Bootstrapping Spring Data JPA repositories in DEFAULT mode.
2025-09-06 07:38:34 INFO  [main] o.s.d.r.c.RepositoryConfigurationDelegate - Finished Spring Data repository scanning in 91 ms. Found 2 JPA repository interfaces.
2025-09-06 07:38:34 INFO  [main] o.s.d.r.c.RepositoryConfigurationDelegate - Multiple Spring Data modules found, entering strict repository configuration mode
2025-09-06 07:38:34 INFO  [main] o.s.d.r.c.RepositoryConfigurationDelegate - Bootstrapping Spring Data Redis repositories in DEFAULT mode.
2025-09-06 07:38:34 INFO  [main] o.s.d.r.c.RepositoryConfigurationExtensionSupport - Spring Data Redis - Could not safely identify store assignment for repository candidate interface com.keycloak.products.repository.CategoryRepository; If you want this repository to be a Redis repository, consider annotating your entities with one of these annotations: org.springframework.data.redis.core.RedisHash (preferred), or consider extending one of the following types with your repository: org.springframework.data.keyvalue.repository.KeyValueRepository
2025-09-06 07:38:34 INFO  [main] o.s.d.r.c.RepositoryConfigurationExtensionSupport - Spring Data Redis - Could not safely identify store assignment for repository candidate interface com.keycloak.products.repository.ProductRepository; If you want this repository to be a Redis repository, consider annotating your entities with one of these annotations: org.springframework.data.redis.core.RedisHash (preferred), or consider extending one of the following types with your repository: org.springframework.data.keyvalue.repository.KeyValueRepository
2025-09-06 07:38:34 INFO  [main] o.s.d.r.c.RepositoryConfigurationDelegate - Finished Spring Data repository scanning in 2 ms. Found 0 Redis repository interfaces.
2025-09-06 07:38:35 INFO  [main] o.s.b.w.e.tomcat.TomcatWebServer - Tomcat initialized with port 8100 (http)
2025-09-06 07:38:35 INFO  [main] o.a.coyote.http11.Http11NioProtocol - Initializing ProtocolHandler ["http-nio-8100"]
2025-09-06 07:38:35 INFO  [main] o.a.catalina.core.StandardService - Starting service [Tomcat]
2025-09-06 07:38:35 INFO  [main] o.a.catalina.core.StandardEngine - Starting Servlet engine: [Apache Tomcat/10.1.18]
2025-09-06 07:38:35 INFO  [main] o.a.c.c.C.[Tomcat].[localhost].[/] - Initializing Spring embedded WebApplicationContext
2025-09-06 07:38:35 INFO  [main] o.s.b.w.s.c.ServletWebServerApplicationContext - Root WebApplicationContext: initialization completed in 826 ms
2025-09-06 07:38:35 INFO  [main] o.h.jpa.internal.util.LogHelper - HHH000204: Processing PersistenceUnitInfo [name: default]
2025-09-06 07:38:35 INFO  [main] org.hibernate.Version - HHH000412: Hibernate ORM core version 6.4.1.Final
2025-09-06 07:38:35 INFO  [main] o.h.c.i.RegionFactoryInitiator - HHH000026: Second-level cache disabled
2025-09-06 07:38:35 INFO  [main] o.s.o.j.p.SpringPersistenceUnitInfo - No LoadTimeWeaver setup: ignoring JPA class transformer
2025-09-06 07:38:35 INFO  [main] com.zaxxer.hikari.HikariDataSource - EcommerceHikariCP - Starting...
2025-09-06 07:38:35 INFO  [main] com.zaxxer.hikari.pool.HikariPool - EcommerceHikariCP - Added connection org.postgresql.jdbc.PgConnection@77020328
2025-09-06 07:38:35 INFO  [main] com.zaxxer.hikari.HikariDataSource - EcommerceHikariCP - Start completed.
2025-09-06 07:38:35 WARN  [main] org.hibernate.orm.deprecation - HHH90000025: PostgreSQLDialect does not need to be specified explicitly using 'hibernate.dialect' (remove the property setting and it will be selected by default)
2025-09-06 07:38:35 INFO  [main] o.h.e.t.j.p.i.JtaPlatformInitiator - HHH000489: No JTA platform available (set 'hibernate.transaction.jta.platform' to enable JTA platform integration)
2025-09-06 07:38:36 INFO  [main] o.s.o.j.LocalContainerEntityManagerFactoryBean - Initialized JPA EntityManagerFactory for persistence unit 'default'
2025-09-06 07:38:36 INFO  [main] o.s.d.j.r.query.QueryEnhancerFactory - Hibernate is in classpath; If applicable, HQL parser will be used.
2025-09-06 07:38:36 WARN  [main] o.s.b.a.o.j.JpaBaseConfiguration$JpaWebConfiguration - spring.jpa.open-in-view is enabled by default. Therefore, database queries may be performed during view rendering. Explicitly configure spring.jpa.open-in-view to disable this warning
2025-09-06 07:38:36 DEBUG [main] o.s.w.s.m.m.a.RequestMappingHandlerMapping - 15 mappings in 'requestMappingHandlerMapping'
2025-09-06 07:38:36 DEBUG [main] o.s.w.s.m.m.a.RequestMappingHandlerAdapter - ControllerAdvice beans: 0 @ModelAttribute, 0 @InitBinder, 1 RequestBodyAdvice, 1 ResponseBodyAdvice
2025-09-06 07:38:36 DEBUG [main] o.s.w.s.m.m.a.ExceptionHandlerExceptionResolver - ControllerAdvice beans: 1 @ExceptionHandler, 1 ResponseBodyAdvice
2025-09-06 07:38:36 INFO  [main] o.a.coyote.http11.Http11NioProtocol - Starting ProtocolHandler ["http-nio-8100"]
2025-09-06 07:38:36 INFO  [main] o.s.b.w.e.tomcat.TomcatWebServer - Tomcat started on port 8100 (http) with context path ''
2025-09-06 07:38:36 INFO  [main] c.k.products.ProductsApplication - Started ProductsApplication in 2.866 seconds (process running for 3.162)
2025-09-06 07:38:49 INFO  [http-nio-8100-exec-1] o.a.c.c.C.[Tomcat].[localhost].[/] - Initializing Spring DispatcherServlet 'dispatcherServlet'
2025-09-06 07:38:49 INFO  [http-nio-8100-exec-1] o.s.web.servlet.DispatcherServlet - Initializing Servlet 'dispatcherServlet'
2025-09-06 07:38:49 DEBUG [http-nio-8100-exec-1] o.s.web.servlet.DispatcherServlet - Detected StandardServletMultipartResolver
2025-09-06 07:38:49 DEBUG [http-nio-8100-exec-1] o.s.web.servlet.DispatcherServlet - Detected AcceptHeaderLocaleResolver
2025-09-06 07:38:49 DEBUG [http-nio-8100-exec-1] o.s.web.servlet.DispatcherServlet - Detected FixedThemeResolver
2025-09-06 07:38:49 DEBUG [http-nio-8100-exec-1] o.s.web.servlet.DispatcherServlet - Detected org.springframework.web.servlet.view.DefaultRequestToViewNameTranslator@556d8c78
2025-09-06 07:38:49 DEBUG [http-nio-8100-exec-1] o.s.web.servlet.DispatcherServlet - Detected org.springframework.web.servlet.support.SessionFlashMapManager@4750e942
2025-09-06 07:38:49 DEBUG [http-nio-8100-exec-1] o.s.web.servlet.DispatcherServlet - enableLoggingRequestDetails='true': request parameters and headers will be shown which may lead to unsafe logging of potentially sensitive data
2025-09-06 07:38:49 INFO  [http-nio-8100-exec-1] o.s.web.servlet.DispatcherServlet - Completed initialization in 9 ms
2025-09-06 07:38:49 DEBUG [http-nio-8100-exec-1] o.s.web.servlet.DispatcherServlet - POST "/product/create", parameters={}
2025-09-06 07:38:49 DEBUG [http-nio-8100-exec-1] o.s.w.s.m.m.a.RequestMappingHandlerMapping - Mapped to com.keycloak.products.controller.ProductController#createProduct(DbProduct)
2025-09-06 07:38:49 DEBUG [http-nio-8100-exec-1] o.s.w.s.m.m.a.RequestResponseBodyMethodProcessor - Read "application/json;charset=UTF-8" to [DbProduct(id=null, name=Wireless Bluetooth Headphones, description=Over-ear wireless headphones with (truncated)...]
2025-09-06 07:38:49 INFO  [http-nio-8100-exec-1] c.k.p.s.impl.ProductServiceImpl - Creating new product: DbProduct(id=null, name=Wireless Bluetooth Headphones, description=Over-ear wireless headphones with noise cancellation and 30-hour battery life., oldPrice=7500.00, oldPriceCurrency=KES, newPrice=5999.99, newPriceCurrency=KES, availableQuantity=0, reservedQuantity=0, productImages=[DbProductImage(id=null, imageUrl=http://localhost:9000/ecommerce-public/2025/product-images/jpg/september/06/20220320_170114.jpg, metadata=Front view, high resolution, sortOrder=1, storageId=68bbad959b5b045866f771a2, isValid=false, productId=null), DbProductImage(id=null, imageUrl=http://localhost:9000/ecommerce-public/2025/product-images/jpg/september/06/20220320_170114.jpg, metadata=Side view, sortOrder=2, storageId=68bbad959b5b045866f771a2, isValid=false, productId=null), DbProductImage(id=null, imageUrl=http://localhost:9000/ecommerce-public/2025/product-images/jpg/september/06/20220320_170114.jpg, metadata=Side view III, sortOrder=3, storageId=68bbad959b5b045866f771a2, isValid=false, productId=null)], sku=SKU-HP-1001, tags=[electronics, audio, headphones, wireless], categoryIds=[69f5af79-df40-4543-b2ef-be4734a38533, {{category_parent_id], isActive=true)
2025-09-06 07:38:49 INFO  [http-nio-8100-exec-1] c.k.p.s.impl.ProductServiceImpl - Mapping DbProductImage to ProductImageEntity: DbProductImage(id=null, imageUrl=http://localhost:9000/ecommerce-public/2025/product-images/jpg/september/06/20220320_170114.jpg, metadata=Front view, high resolution, sortOrder=1, storageId=68bbad959b5b045866f771a2, isValid=false, productId=null)
2025-09-06 07:38:49 INFO  [http-nio-8100-exec-1] c.k.p.s.impl.ProductServiceImpl - Mapping DbProductImage to ProductImageEntity: DbProductImage(id=null, imageUrl=http://localhost:9000/ecommerce-public/2025/product-images/jpg/september/06/20220320_170114.jpg, metadata=Side view, sortOrder=2, storageId=68bbad959b5b045866f771a2, isValid=false, productId=null)
2025-09-06 07:38:49 INFO  [http-nio-8100-exec-1] c.k.p.s.impl.ProductServiceImpl - Mapping DbProductImage to ProductImageEntity: DbProductImage(id=null, imageUrl=http://localhost:9000/ecommerce-public/2025/product-images/jpg/september/06/20220320_170114.jpg, metadata=Side view III, sortOrder=3, storageId=68bbad959b5b045866f771a2, isValid=false, productId=null)
2025-09-06 07:38:49 INFO  [http-nio-8100-exec-1] c.k.p.s.impl.ProductServiceImpl - Creating images for product: Wireless Bluetooth Headphones
2025-09-06 07:38:49 INFO  [http-nio-8100-exec-1] c.k.p.s.impl.ProductServiceImpl - Saving product: Wireless Bluetooth Headphones
2025-09-06 07:38:49 WARN  [http-nio-8100-exec-1] o.h.e.jdbc.spi.SqlExceptionHelper - SQL Error: 0, SQLState: 23502
2025-09-06 07:38:49 ERROR [http-nio-8100-exec-1] o.h.e.jdbc.spi.SqlExceptionHelper - ERROR: null value in column "category_id" of relation "product" violates not-null constraint
  Detail: Failing row contains (5224fd8a-5993-4ff8-bd20-dda85d110249, 0, 2025-09-06 07:38:49.425337, Over-ear wireless headphones with noise cancellation and 30-hour..., Wireless Bluetooth Headphones, 5999.99, KES, 7500.00, KES, 0, SKU-HP-1001, 2025-09-06 07:38:49.425337, null, t).
2025-09-06 07:38:49 DEBUG [http-nio-8100-exec-1] o.s.w.s.m.m.a.ExceptionHandlerExceptionResolver - Using @ExceptionHandler com.keycloak.common.exception.GlobalExceptionHandler#handleGenericException(Exception)
2025-09-06 07:38:49 DEBUG [http-nio-8100-exec-1] o.s.w.s.m.m.a.HttpEntityMethodProcessor - Using 'application/json', given [*/*] and supported [application/json, application/*+json]
2025-09-06 07:38:49 DEBUG [http-nio-8100-exec-1] o.s.w.s.m.m.a.HttpEntityMethodProcessor - Writing [com.keycloak.common.response.ResponseWrapper@40a4a2b]
2025-09-06 07:38:49 DEBUG [http-nio-8100-exec-1] o.s.w.s.m.m.a.ExceptionHandlerExceptionResolver - Resolved [org.springframework.dao.DataIntegrityViolationException: could not execute statement [ERROR: null value in column "category_id" of relation "product" violates not-null constraint<EOL>  Detail: Failing row contains (5224fd8a-5993-4ff8-bd20-dda85d110249, 0, 2025-09-06 07:38:49.425337, Over-ear wireless headphones with noise cancellation and 30-hour..., Wireless Bluetooth Headphones, 5999.99, KES, 7500.00, KES, 0, SKU-HP-1001, 2025-09-06 07:38:49.425337, null, t).] [insert into product (active,available_quantity,created_at,description,name,new_price,new_price_currency,old_price,old_price_currency,reserved_quantity,sku,updated_at,id) values (?,?,?,?,?,?,?,?,?,?,?,?,?)]; SQL [insert into product (active,available_quantity,created_at,description,name,new_price,new_price_currency,old_price,old_price_currency,reserved_quantity,sku,updated_at,id) values (?,?,?,?,?,?,?,?,?,?,?,?,?)]; constraint [category_id" of relation "product]]
2025-09-06 07:38:49 DEBUG [http-nio-8100-exec-1] o.s.web.servlet.DispatcherServlet - Completed 500 INTERNAL_SERVER_ERROR
2025-09-06 07:40:39 INFO  [SpringApplicationShutdownHook] o.s.o.j.LocalContainerEntityManagerFactoryBean - Closing JPA EntityManagerFactory for persistence unit 'default'
2025-09-06 07:40:39 INFO  [SpringApplicationShutdownHook] com.zaxxer.hikari.HikariDataSource - EcommerceHikariCP - Shutdown initiated...
2025-09-06 07:40:39 INFO  [SpringApplicationShutdownHook] com.zaxxer.hikari.HikariDataSource - EcommerceHikariCP - Shutdown completed.
2025-09-06 07:40:43 INFO  [main] c.k.products.ProductsApplication - Starting ProductsApplication using Java 17.0.11 with PID 44989 (/Users/davidnjau/Documents/Personal/keycloak/products/target/classes started by davidnjau in /Users/davidnjau/Documents/Personal/keycloak)
2025-09-06 07:40:43 INFO  [main] c.k.products.ProductsApplication - No active profile set, falling back to 1 default profile: "default"
2025-09-06 07:40:43 INFO  [main] o.s.d.r.c.RepositoryConfigurationDelegate - Multiple Spring Data modules found, entering strict repository configuration mode
2025-09-06 07:40:43 INFO  [main] o.s.d.r.c.RepositoryConfigurationDelegate - Bootstrapping Spring Data JPA repositories in DEFAULT mode.
2025-09-06 07:40:43 INFO  [main] o.s.d.r.c.RepositoryConfigurationDelegate - Finished Spring Data repository scanning in 173 ms. Found 2 JPA repository interfaces.
2025-09-06 07:40:43 INFO  [main] o.s.d.r.c.RepositoryConfigurationDelegate - Multiple Spring Data modules found, entering strict repository configuration mode
2025-09-06 07:40:43 INFO  [main] o.s.d.r.c.RepositoryConfigurationDelegate - Bootstrapping Spring Data Redis repositories in DEFAULT mode.
2025-09-06 07:40:43 INFO  [main] o.s.d.r.c.RepositoryConfigurationExtensionSupport - Spring Data Redis - Could not safely identify store assignment for repository candidate interface com.keycloak.products.repository.CategoryRepository; If you want this repository to be a Redis repository, consider annotating your entities with one of these annotations: org.springframework.data.redis.core.RedisHash (preferred), or consider extending one of the following types with your repository: org.springframework.data.keyvalue.repository.KeyValueRepository
2025-09-06 07:40:43 INFO  [main] o.s.d.r.c.RepositoryConfigurationExtensionSupport - Spring Data Redis - Could not safely identify store assignment for repository candidate interface com.keycloak.products.repository.ProductRepository; If you want this repository to be a Redis repository, consider annotating your entities with one of these annotations: org.springframework.data.redis.core.RedisHash (preferred), or consider extending one of the following types with your repository: org.springframework.data.keyvalue.repository.KeyValueRepository
2025-09-06 07:40:43 INFO  [main] o.s.d.r.c.RepositoryConfigurationDelegate - Finished Spring Data repository scanning in 7 ms. Found 0 Redis repository interfaces.
2025-09-06 07:40:44 INFO  [main] o.s.b.w.e.tomcat.TomcatWebServer - Tomcat initialized with port 8100 (http)
2025-09-06 07:40:44 INFO  [main] o.a.coyote.http11.Http11NioProtocol - Initializing ProtocolHandler ["http-nio-8100"]
2025-09-06 07:40:44 INFO  [main] o.a.catalina.core.StandardService - Starting service [Tomcat]
2025-09-06 07:40:44 INFO  [main] o.a.catalina.core.StandardEngine - Starting Servlet engine: [Apache Tomcat/10.1.18]
2025-09-06 07:40:44 INFO  [main] o.a.c.c.C.[Tomcat].[localhost].[/] - Initializing Spring embedded WebApplicationContext
2025-09-06 07:40:44 INFO  [main] o.s.b.w.s.c.ServletWebServerApplicationContext - Root WebApplicationContext: initialization completed in 1218 ms
2025-09-06 07:40:44 INFO  [main] o.h.jpa.internal.util.LogHelper - HHH000204: Processing PersistenceUnitInfo [name: default]
2025-09-06 07:40:44 INFO  [main] org.hibernate.Version - HHH000412: Hibernate ORM core version 6.4.1.Final
2025-09-06 07:40:44 INFO  [main] o.h.c.i.RegionFactoryInitiator - HHH000026: Second-level cache disabled
2025-09-06 07:40:44 INFO  [main] o.s.o.j.p.SpringPersistenceUnitInfo - No LoadTimeWeaver setup: ignoring JPA class transformer
2025-09-06 07:40:44 INFO  [main] com.zaxxer.hikari.HikariDataSource - EcommerceHikariCP - Starting...
2025-09-06 07:40:44 INFO  [main] com.zaxxer.hikari.pool.HikariPool - EcommerceHikariCP - Added connection org.postgresql.jdbc.PgConnection@4ed19b69
2025-09-06 07:40:44 INFO  [main] com.zaxxer.hikari.HikariDataSource - EcommerceHikariCP - Start completed.
2025-09-06 07:40:44 WARN  [main] org.hibernate.orm.deprecation - HHH90000025: PostgreSQLDialect does not need to be specified explicitly using 'hibernate.dialect' (remove the property setting and it will be selected by default)
2025-09-06 07:40:45 INFO  [main] o.h.e.t.j.p.i.JtaPlatformInitiator - HHH000489: No JTA platform available (set 'hibernate.transaction.jta.platform' to enable JTA platform integration)
2025-09-06 07:40:45 INFO  [main] o.s.o.j.LocalContainerEntityManagerFactoryBean - Initialized JPA EntityManagerFactory for persistence unit 'default'
2025-09-06 07:40:45 INFO  [main] o.s.d.j.r.query.QueryEnhancerFactory - Hibernate is in classpath; If applicable, HQL parser will be used.
2025-09-06 07:40:46 WARN  [main] o.s.b.a.o.j.JpaBaseConfiguration$JpaWebConfiguration - spring.jpa.open-in-view is enabled by default. Therefore, database queries may be performed during view rendering. Explicitly configure spring.jpa.open-in-view to disable this warning
2025-09-06 07:40:46 DEBUG [main] o.s.w.s.m.m.a.RequestMappingHandlerMapping - 15 mappings in 'requestMappingHandlerMapping'
2025-09-06 07:40:46 DEBUG [main] o.s.w.s.m.m.a.RequestMappingHandlerAdapter - ControllerAdvice beans: 0 @ModelAttribute, 0 @InitBinder, 1 RequestBodyAdvice, 1 ResponseBodyAdvice
2025-09-06 07:40:46 DEBUG [main] o.s.w.s.m.m.a.ExceptionHandlerExceptionResolver - ControllerAdvice beans: 1 @ExceptionHandler, 1 ResponseBodyAdvice
2025-09-06 07:40:46 INFO  [main] o.a.coyote.http11.Http11NioProtocol - Starting ProtocolHandler ["http-nio-8100"]
2025-09-06 07:40:46 INFO  [main] o.s.b.w.e.tomcat.TomcatWebServer - Tomcat started on port 8100 (http) with context path ''
2025-09-06 07:40:46 INFO  [main] c.k.products.ProductsApplication - Started ProductsApplication in 3.554 seconds (process running for 3.857)
2025-09-06 07:40:58 INFO  [http-nio-8100-exec-1] o.a.c.c.C.[Tomcat].[localhost].[/] - Initializing Spring DispatcherServlet 'dispatcherServlet'
2025-09-06 07:40:58 INFO  [http-nio-8100-exec-1] o.s.web.servlet.DispatcherServlet - Initializing Servlet 'dispatcherServlet'
2025-09-06 07:40:58 DEBUG [http-nio-8100-exec-1] o.s.web.servlet.DispatcherServlet - Detected StandardServletMultipartResolver
2025-09-06 07:40:58 DEBUG [http-nio-8100-exec-1] o.s.web.servlet.DispatcherServlet - Detected AcceptHeaderLocaleResolver
2025-09-06 07:40:58 DEBUG [http-nio-8100-exec-1] o.s.web.servlet.DispatcherServlet - Detected FixedThemeResolver
2025-09-06 07:40:58 DEBUG [http-nio-8100-exec-1] o.s.web.servlet.DispatcherServlet - Detected org.springframework.web.servlet.view.DefaultRequestToViewNameTranslator@a555005
2025-09-06 07:40:58 DEBUG [http-nio-8100-exec-1] o.s.web.servlet.DispatcherServlet - Detected org.springframework.web.servlet.support.SessionFlashMapManager@75044df3
2025-09-06 07:40:58 DEBUG [http-nio-8100-exec-1] o.s.web.servlet.DispatcherServlet - enableLoggingRequestDetails='true': request parameters and headers will be shown which may lead to unsafe logging of potentially sensitive data
2025-09-06 07:40:58 INFO  [http-nio-8100-exec-1] o.s.web.servlet.DispatcherServlet - Completed initialization in 9 ms
2025-09-06 07:40:58 DEBUG [http-nio-8100-exec-1] o.s.web.servlet.DispatcherServlet - POST "/product/create", parameters={}
2025-09-06 07:40:58 DEBUG [http-nio-8100-exec-1] o.s.w.s.m.m.a.RequestMappingHandlerMapping - Mapped to com.keycloak.products.controller.ProductController#createProduct(DbProduct)
2025-09-06 07:40:58 DEBUG [http-nio-8100-exec-1] o.s.w.s.m.m.a.RequestResponseBodyMethodProcessor - Read "application/json;charset=UTF-8" to [DbProduct(id=null, name=Wireless Bluetooth Headphones, description=Over-ear wireless headphones with (truncated)...]
2025-09-06 07:40:58 INFO  [http-nio-8100-exec-1] c.k.p.s.impl.ProductServiceImpl - Creating new product: DbProduct(id=null, name=Wireless Bluetooth Headphones, description=Over-ear wireless headphones with noise cancellation and 30-hour battery life., oldPrice=7500.00, oldPriceCurrency=KES, newPrice=5999.99, newPriceCurrency=KES, availableQuantity=0, reservedQuantity=0, productImages=[DbProductImage(id=null, imageUrl=http://localhost:9000/ecommerce-public/2025/product-images/jpg/september/06/20220320_170114.jpg, metadata=Front view, high resolution, sortOrder=1, storageId=68bbad959b5b045866f771a2, isValid=false, productId=null), DbProductImage(id=null, imageUrl=http://localhost:9000/ecommerce-public/2025/product-images/jpg/september/06/20220320_170114.jpg, metadata=Side view, sortOrder=2, storageId=68bbad959b5b045866f771a2, isValid=false, productId=null), DbProductImage(id=null, imageUrl=http://localhost:9000/ecommerce-public/2025/product-images/jpg/september/06/20220320_170114.jpg, metadata=Side view III, sortOrder=3, storageId=68bbad959b5b045866f771a2, isValid=false, productId=null)], sku=SKU-HP-1001, tags=[electronics, audio, headphones, wireless], categoryIds=[69f5af79-df40-4543-b2ef-be4734a38533, {{category_parent_id], isActive=true)
2025-09-06 07:40:58 INFO  [http-nio-8100-exec-1] c.k.p.s.impl.ProductServiceImpl - Mapping DbProductImage to ProductImageEntity: DbProductImage(id=null, imageUrl=http://localhost:9000/ecommerce-public/2025/product-images/jpg/september/06/20220320_170114.jpg, metadata=Front view, high resolution, sortOrder=1, storageId=68bbad959b5b045866f771a2, isValid=false, productId=null)
2025-09-06 07:40:58 INFO  [http-nio-8100-exec-1] c.k.p.s.impl.ProductServiceImpl - Mapping DbProductImage to ProductImageEntity: DbProductImage(id=null, imageUrl=http://localhost:9000/ecommerce-public/2025/product-images/jpg/september/06/20220320_170114.jpg, metadata=Side view, sortOrder=2, storageId=68bbad959b5b045866f771a2, isValid=false, productId=null)
2025-09-06 07:40:58 INFO  [http-nio-8100-exec-1] c.k.p.s.impl.ProductServiceImpl - Mapping DbProductImage to ProductImageEntity: DbProductImage(id=null, imageUrl=http://localhost:9000/ecommerce-public/2025/product-images/jpg/september/06/20220320_170114.jpg, metadata=Side view III, sortOrder=3, storageId=68bbad959b5b045866f771a2, isValid=false, productId=null)
2025-09-06 07:40:58 INFO  [http-nio-8100-exec-1] c.k.p.s.impl.ProductServiceImpl - Creating images for product: Wireless Bluetooth Headphones
2025-09-06 07:40:58 INFO  [http-nio-8100-exec-1] c.k.p.s.impl.ProductServiceImpl - Saving product: Wireless Bluetooth Headphones
2025-09-06 07:40:58 WARN  [http-nio-8100-exec-1] o.h.e.jdbc.spi.SqlExceptionHelper - SQL Error: 0, SQLState: 23502
2025-09-06 07:40:58 ERROR [http-nio-8100-exec-1] o.h.e.jdbc.spi.SqlExceptionHelper - ERROR: null value in column "category_id" of relation "product" violates not-null constraint
  Detail: Failing row contains (c996ee66-a5e3-4991-afe6-21b85665429a, 0, 2025-09-06 07:40:58.34405, Over-ear wireless headphones with noise cancellation and 30-hour..., Wireless Bluetooth Headphones, 5999.99, KES, 7500.00, KES, 0, SKU-HP-1001, 2025-09-06 07:40:58.34405, null, t).
2025-09-06 07:40:58 DEBUG [http-nio-8100-exec-1] o.s.w.s.m.m.a.ExceptionHandlerExceptionResolver - Using @ExceptionHandler com.keycloak.common.exception.GlobalExceptionHandler#handleGenericException(Exception)
2025-09-06 07:40:58 DEBUG [http-nio-8100-exec-1] o.s.w.s.m.m.a.HttpEntityMethodProcessor - Using 'application/json', given [*/*] and supported [application/json, application/*+json]
2025-09-06 07:40:58 DEBUG [http-nio-8100-exec-1] o.s.w.s.m.m.a.HttpEntityMethodProcessor - Writing [com.keycloak.common.response.ResponseWrapper@4df68266]
2025-09-06 07:40:58 DEBUG [http-nio-8100-exec-1] o.s.w.s.m.m.a.ExceptionHandlerExceptionResolver - Resolved [org.springframework.dao.DataIntegrityViolationException: could not execute statement [ERROR: null value in column "category_id" of relation "product" violates not-null constraint<EOL>  Detail: Failing row contains (c996ee66-a5e3-4991-afe6-21b85665429a, 0, 2025-09-06 07:40:58.34405, Over-ear wireless headphones with noise cancellation and 30-hour..., Wireless Bluetooth Headphones, 5999.99, KES, 7500.00, KES, 0, SKU-HP-1001, 2025-09-06 07:40:58.34405, null, t).] [insert into product (active,available_quantity,created_at,description,name,new_price,new_price_currency,old_price,old_price_currency,reserved_quantity,sku,updated_at,id) values (?,?,?,?,?,?,?,?,?,?,?,?,?)]; SQL [insert into product (active,available_quantity,created_at,description,name,new_price,new_price_currency,old_price,old_price_currency,reserved_quantity,sku,updated_at,id) values (?,?,?,?,?,?,?,?,?,?,?,?,?)]; constraint [category_id" of relation "product]]
2025-09-06 07:40:58 DEBUG [http-nio-8100-exec-1] o.s.web.servlet.DispatcherServlet - Completed 500 INTERNAL_SERVER_ERROR
2025-09-06 07:44:03 INFO  [SpringApplicationShutdownHook] o.s.o.j.LocalContainerEntityManagerFactoryBean - Closing JPA EntityManagerFactory for persistence unit 'default'
2025-09-06 07:44:03 INFO  [SpringApplicationShutdownHook] com.zaxxer.hikari.HikariDataSource - EcommerceHikariCP - Shutdown initiated...
2025-09-06 07:44:03 INFO  [SpringApplicationShutdownHook] com.zaxxer.hikari.HikariDataSource - EcommerceHikariCP - Shutdown completed.
2025-09-06 07:44:06 INFO  [main] c.k.products.ProductsApplication - Starting ProductsApplication using Java 17.0.11 with PID 45320 (/Users/davidnjau/Documents/Personal/keycloak/products/target/classes started by davidnjau in /Users/davidnjau/Documents/Personal/keycloak)
2025-09-06 07:44:06 INFO  [main] c.k.products.ProductsApplication - No active profile set, falling back to 1 default profile: "default"
2025-09-06 07:44:07 INFO  [main] o.s.d.r.c.RepositoryConfigurationDelegate - Multiple Spring Data modules found, entering strict repository configuration mode
2025-09-06 07:44:07 INFO  [main] o.s.d.r.c.RepositoryConfigurationDelegate - Bootstrapping Spring Data JPA repositories in DEFAULT mode.
2025-09-06 07:44:07 INFO  [main] o.s.d.r.c.RepositoryConfigurationDelegate - Finished Spring Data repository scanning in 79 ms. Found 2 JPA repository interfaces.
2025-09-06 07:44:07 INFO  [main] o.s.d.r.c.RepositoryConfigurationDelegate - Multiple Spring Data modules found, entering strict repository configuration mode
2025-09-06 07:44:07 INFO  [main] o.s.d.r.c.RepositoryConfigurationDelegate - Bootstrapping Spring Data Redis repositories in DEFAULT mode.
2025-09-06 07:44:07 INFO  [main] o.s.d.r.c.RepositoryConfigurationExtensionSupport - Spring Data Redis - Could not safely identify store assignment for repository candidate interface com.keycloak.products.repository.CategoryRepository; If you want this repository to be a Redis repository, consider annotating your entities with one of these annotations: org.springframework.data.redis.core.RedisHash (preferred), or consider extending one of the following types with your repository: org.springframework.data.keyvalue.repository.KeyValueRepository
2025-09-06 07:44:07 INFO  [main] o.s.d.r.c.RepositoryConfigurationExtensionSupport - Spring Data Redis - Could not safely identify store assignment for repository candidate interface com.keycloak.products.repository.ProductRepository; If you want this repository to be a Redis repository, consider annotating your entities with one of these annotations: org.springframework.data.redis.core.RedisHash (preferred), or consider extending one of the following types with your repository: org.springframework.data.keyvalue.repository.KeyValueRepository
2025-09-06 07:44:07 INFO  [main] o.s.d.r.c.RepositoryConfigurationDelegate - Finished Spring Data repository scanning in 2 ms. Found 0 Redis repository interfaces.
2025-09-06 07:44:07 INFO  [main] o.s.b.w.e.tomcat.TomcatWebServer - Tomcat initialized with port 8100 (http)
2025-09-06 07:44:07 INFO  [main] o.a.coyote.http11.Http11NioProtocol - Initializing ProtocolHandler ["http-nio-8100"]
2025-09-06 07:44:07 INFO  [main] o.a.catalina.core.StandardService - Starting service [Tomcat]
2025-09-06 07:44:07 INFO  [main] o.a.catalina.core.StandardEngine - Starting Servlet engine: [Apache Tomcat/10.1.18]
2025-09-06 07:44:07 INFO  [main] o.a.c.c.C.[Tomcat].[localhost].[/] - Initializing Spring embedded WebApplicationContext
2025-09-06 07:44:07 INFO  [main] o.s.b.w.s.c.ServletWebServerApplicationContext - Root WebApplicationContext: initialization completed in 962 ms
2025-09-06 07:44:07 INFO  [main] o.h.jpa.internal.util.LogHelper - HHH000204: Processing PersistenceUnitInfo [name: default]
2025-09-06 07:44:07 INFO  [main] org.hibernate.Version - HHH000412: Hibernate ORM core version 6.4.1.Final
2025-09-06 07:44:07 INFO  [main] o.h.c.i.RegionFactoryInitiator - HHH000026: Second-level cache disabled
2025-09-06 07:44:07 INFO  [main] o.s.o.j.p.SpringPersistenceUnitInfo - No LoadTimeWeaver setup: ignoring JPA class transformer
2025-09-06 07:44:07 INFO  [main] com.zaxxer.hikari.HikariDataSource - EcommerceHikariCP - Starting...
2025-09-06 07:44:08 INFO  [main] com.zaxxer.hikari.pool.HikariPool - EcommerceHikariCP - Added connection org.postgresql.jdbc.PgConnection@4377ed24
2025-09-06 07:44:08 INFO  [main] com.zaxxer.hikari.HikariDataSource - EcommerceHikariCP - Start completed.
2025-09-06 07:44:08 WARN  [main] org.hibernate.orm.deprecation - HHH90000025: PostgreSQLDialect does not need to be specified explicitly using 'hibernate.dialect' (remove the property setting and it will be selected by default)
2025-09-06 07:44:08 INFO  [main] o.h.e.t.j.p.i.JtaPlatformInitiator - HHH000489: No JTA platform available (set 'hibernate.transaction.jta.platform' to enable JTA platform integration)
2025-09-06 07:44:08 WARN  [main] o.h.e.jdbc.spi.SqlExceptionHelper - SQL Warning Code: 0, SQLState: 00000
2025-09-06 07:44:08 WARN  [main] o.h.e.jdbc.spi.SqlExceptionHelper - drop cascades to constraint fkowomku74u72o6h8q0khj7id8q on table product
2025-09-06 07:44:08 INFO  [main] o.s.o.j.LocalContainerEntityManagerFactoryBean - Initialized JPA EntityManagerFactory for persistence unit 'default'
2025-09-06 07:44:08 INFO  [main] o.s.d.j.r.query.QueryEnhancerFactory - Hibernate is in classpath; If applicable, HQL parser will be used.
2025-09-06 07:44:09 WARN  [main] o.s.b.a.o.j.JpaBaseConfiguration$JpaWebConfiguration - spring.jpa.open-in-view is enabled by default. Therefore, database queries may be performed during view rendering. Explicitly configure spring.jpa.open-in-view to disable this warning
2025-09-06 07:44:09 DEBUG [main] o.s.w.s.m.m.a.RequestMappingHandlerMapping - 15 mappings in 'requestMappingHandlerMapping'
2025-09-06 07:44:09 DEBUG [main] o.s.w.s.m.m.a.RequestMappingHandlerAdapter - ControllerAdvice beans: 0 @ModelAttribute, 0 @InitBinder, 1 RequestBodyAdvice, 1 ResponseBodyAdvice
2025-09-06 07:44:09 DEBUG [main] o.s.w.s.m.m.a.ExceptionHandlerExceptionResolver - ControllerAdvice beans: 1 @ExceptionHandler, 1 ResponseBodyAdvice
2025-09-06 07:44:09 INFO  [main] o.a.coyote.http11.Http11NioProtocol - Starting ProtocolHandler ["http-nio-8100"]
2025-09-06 07:44:09 INFO  [main] o.s.b.w.e.tomcat.TomcatWebServer - Tomcat started on port 8100 (http) with context path ''
2025-09-06 07:44:09 INFO  [main] c.k.products.ProductsApplication - Started ProductsApplication in 3.163 seconds (process running for 3.527)
2025-09-06 07:44:15 INFO  [SpringApplicationShutdownHook] o.s.o.j.LocalContainerEntityManagerFactoryBean - Closing JPA EntityManagerFactory for persistence unit 'default'
2025-09-06 07:44:15 INFO  [SpringApplicationShutdownHook] com.zaxxer.hikari.HikariDataSource - EcommerceHikariCP - Shutdown initiated...
2025-09-06 07:44:15 INFO  [SpringApplicationShutdownHook] com.zaxxer.hikari.HikariDataSource - EcommerceHikariCP - Shutdown completed.
2025-09-06 07:44:17 INFO  [main] c.k.products.ProductsApplication - Starting ProductsApplication using Java 17.0.11 with PID 45350 (/Users/davidnjau/Documents/Personal/keycloak/products/target/classes started by davidnjau in /Users/davidnjau/Documents/Personal/keycloak)
2025-09-06 07:44:17 INFO  [main] c.k.products.ProductsApplication - No active profile set, falling back to 1 default profile: "default"
2025-09-06 07:44:18 INFO  [main] o.s.d.r.c.RepositoryConfigurationDelegate - Multiple Spring Data modules found, entering strict repository configuration mode
2025-09-06 07:44:18 INFO  [main] o.s.d.r.c.RepositoryConfigurationDelegate - Bootstrapping Spring Data JPA repositories in DEFAULT mode.
2025-09-06 07:44:18 INFO  [main] o.s.d.r.c.RepositoryConfigurationDelegate - Finished Spring Data repository scanning in 85 ms. Found 2 JPA repository interfaces.
2025-09-06 07:44:18 INFO  [main] o.s.d.r.c.RepositoryConfigurationDelegate - Multiple Spring Data modules found, entering strict repository configuration mode
2025-09-06 07:44:18 INFO  [main] o.s.d.r.c.RepositoryConfigurationDelegate - Bootstrapping Spring Data Redis repositories in DEFAULT mode.
2025-09-06 07:44:18 INFO  [main] o.s.d.r.c.RepositoryConfigurationExtensionSupport - Spring Data Redis - Could not safely identify store assignment for repository candidate interface com.keycloak.products.repository.CategoryRepository; If you want this repository to be a Redis repository, consider annotating your entities with one of these annotations: org.springframework.data.redis.core.RedisHash (preferred), or consider extending one of the following types with your repository: org.springframework.data.keyvalue.repository.KeyValueRepository
2025-09-06 07:44:18 INFO  [main] o.s.d.r.c.RepositoryConfigurationExtensionSupport - Spring Data Redis - Could not safely identify store assignment for repository candidate interface com.keycloak.products.repository.ProductRepository; If you want this repository to be a Redis repository, consider annotating your entities with one of these annotations: org.springframework.data.redis.core.RedisHash (preferred), or consider extending one of the following types with your repository: org.springframework.data.keyvalue.repository.KeyValueRepository
2025-09-06 07:44:18 INFO  [main] o.s.d.r.c.RepositoryConfigurationDelegate - Finished Spring Data repository scanning in 2 ms. Found 0 Redis repository interfaces.
2025-09-06 07:44:18 INFO  [main] o.s.b.w.e.tomcat.TomcatWebServer - Tomcat initialized with port 8100 (http)
2025-09-06 07:44:18 INFO  [main] o.a.coyote.http11.Http11NioProtocol - Initializing ProtocolHandler ["http-nio-8100"]
2025-09-06 07:44:18 INFO  [main] o.a.catalina.core.StandardService - Starting service [Tomcat]
2025-09-06 07:44:18 INFO  [main] o.a.catalina.core.StandardEngine - Starting Servlet engine: [Apache Tomcat/10.1.18]
2025-09-06 07:44:18 INFO  [main] o.a.c.c.C.[Tomcat].[localhost].[/] - Initializing Spring embedded WebApplicationContext
2025-09-06 07:44:18 INFO  [main] o.s.b.w.s.c.ServletWebServerApplicationContext - Root WebApplicationContext: initialization completed in 817 ms
2025-09-06 07:44:19 INFO  [main] o.h.jpa.internal.util.LogHelper - HHH000204: Processing PersistenceUnitInfo [name: default]
2025-09-06 07:44:19 INFO  [main] org.hibernate.Version - HHH000412: Hibernate ORM core version 6.4.1.Final
2025-09-06 07:44:19 INFO  [main] o.h.c.i.RegionFactoryInitiator - HHH000026: Second-level cache disabled
2025-09-06 07:44:19 INFO  [main] o.s.o.j.p.SpringPersistenceUnitInfo - No LoadTimeWeaver setup: ignoring JPA class transformer
2025-09-06 07:44:19 INFO  [main] com.zaxxer.hikari.HikariDataSource - EcommerceHikariCP - Starting...
2025-09-06 07:44:19 INFO  [main] com.zaxxer.hikari.pool.HikariPool - EcommerceHikariCP - Added connection org.postgresql.jdbc.PgConnection@6f65aa58
2025-09-06 07:44:19 INFO  [main] com.zaxxer.hikari.HikariDataSource - EcommerceHikariCP - Start completed.
2025-09-06 07:44:19 WARN  [main] org.hibernate.orm.deprecation - HHH90000025: PostgreSQLDialect does not need to be specified explicitly using 'hibernate.dialect' (remove the property setting and it will be selected by default)
2025-09-06 07:44:20 INFO  [main] o.h.e.t.j.p.i.JtaPlatformInitiator - HHH000489: No JTA platform available (set 'hibernate.transaction.jta.platform' to enable JTA platform integration)
2025-09-06 07:44:20 WARN  [main] o.h.e.jdbc.spi.SqlExceptionHelper - SQL Warning Code: 0, SQLState: 00000
2025-09-06 07:44:20 WARN  [main] o.h.e.jdbc.spi.SqlExceptionHelper - constraint "uk_q1mafxn973ldq80m1irp3mpvq" of relation "product" does not exist, skipping
2025-09-06 07:44:20 INFO  [main] o.s.o.j.LocalContainerEntityManagerFactoryBean - Initialized JPA EntityManagerFactory for persistence unit 'default'
2025-09-06 07:44:20 INFO  [main] o.s.d.j.r.query.QueryEnhancerFactory - Hibernate is in classpath; If applicable, HQL parser will be used.
2025-09-06 07:44:21 WARN  [main] o.s.b.a.o.j.JpaBaseConfiguration$JpaWebConfiguration - spring.jpa.open-in-view is enabled by default. Therefore, database queries may be performed during view rendering. Explicitly configure spring.jpa.open-in-view to disable this warning
2025-09-06 07:44:21 DEBUG [main] o.s.w.s.m.m.a.RequestMappingHandlerMapping - 15 mappings in 'requestMappingHandlerMapping'
2025-09-06 07:44:21 DEBUG [main] o.s.w.s.m.m.a.RequestMappingHandlerAdapter - ControllerAdvice beans: 0 @ModelAttribute, 0 @InitBinder, 1 RequestBodyAdvice, 1 ResponseBodyAdvice
2025-09-06 07:44:21 DEBUG [main] o.s.w.s.m.m.a.ExceptionHandlerExceptionResolver - ControllerAdvice beans: 1 @ExceptionHandler, 1 ResponseBodyAdvice
2025-09-06 07:44:21 INFO  [main] o.a.coyote.http11.Http11NioProtocol - Starting ProtocolHandler ["http-nio-8100"]
2025-09-06 07:44:21 INFO  [main] o.s.b.w.e.tomcat.TomcatWebServer - Tomcat started on port 8100 (http) with context path ''
2025-09-06 07:44:21 INFO  [main] c.k.products.ProductsApplication - Started ProductsApplication in 4.138 seconds (process running for 4.397)
2025-09-06 07:44:35 INFO  [http-nio-8100-exec-1] o.a.c.c.C.[Tomcat].[localhost].[/] - Initializing Spring DispatcherServlet 'dispatcherServlet'
2025-09-06 07:44:35 INFO  [http-nio-8100-exec-1] o.s.web.servlet.DispatcherServlet - Initializing Servlet 'dispatcherServlet'
2025-09-06 07:44:35 DEBUG [http-nio-8100-exec-1] o.s.web.servlet.DispatcherServlet - Detected StandardServletMultipartResolver
2025-09-06 07:44:35 DEBUG [http-nio-8100-exec-1] o.s.web.servlet.DispatcherServlet - Detected AcceptHeaderLocaleResolver
2025-09-06 07:44:35 DEBUG [http-nio-8100-exec-1] o.s.web.servlet.DispatcherServlet - Detected FixedThemeResolver
2025-09-06 07:44:35 DEBUG [http-nio-8100-exec-1] o.s.web.servlet.DispatcherServlet - Detected org.springframework.web.servlet.view.DefaultRequestToViewNameTranslator@8a607a9
2025-09-06 07:44:35 DEBUG [http-nio-8100-exec-1] o.s.web.servlet.DispatcherServlet - Detected org.springframework.web.servlet.support.SessionFlashMapManager@4f06006d
2025-09-06 07:44:35 DEBUG [http-nio-8100-exec-1] o.s.web.servlet.DispatcherServlet - enableLoggingRequestDetails='true': request parameters and headers will be shown which may lead to unsafe logging of potentially sensitive data
2025-09-06 07:44:35 INFO  [http-nio-8100-exec-1] o.s.web.servlet.DispatcherServlet - Completed initialization in 3 ms
2025-09-06 07:44:35 DEBUG [http-nio-8100-exec-1] o.s.web.servlet.DispatcherServlet - POST "/product/create", parameters={}
2025-09-06 07:44:35 DEBUG [http-nio-8100-exec-1] o.s.w.s.m.m.a.RequestMappingHandlerMapping - Mapped to com.keycloak.products.controller.ProductController#createProduct(DbProduct)
2025-09-06 07:44:35 DEBUG [http-nio-8100-exec-1] o.s.w.s.m.m.a.RequestResponseBodyMethodProcessor - Read "application/json;charset=UTF-8" to [DbProduct(id=null, name=Wireless Bluetooth Headphones, description=Over-ear wireless headphones with (truncated)...]
2025-09-06 07:44:35 INFO  [http-nio-8100-exec-1] c.k.p.s.impl.ProductServiceImpl - Creating new product: DbProduct(id=null, name=Wireless Bluetooth Headphones, description=Over-ear wireless headphones with noise cancellation and 30-hour battery life., oldPrice=7500.00, oldPriceCurrency=KES, newPrice=5999.99, newPriceCurrency=KES, availableQuantity=0, reservedQuantity=0, productImages=[DbProductImage(id=null, imageUrl=http://localhost:9000/ecommerce-public/2025/product-images/jpg/september/06/20220320_170114.jpg, metadata=Front view, high resolution, sortOrder=1, storageId=68bbad959b5b045866f771a2, isValid=false, productId=null), DbProductImage(id=null, imageUrl=http://localhost:9000/ecommerce-public/2025/product-images/jpg/september/06/20220320_170114.jpg, metadata=Side view, sortOrder=2, storageId=68bbad959b5b045866f771a2, isValid=false, productId=null), DbProductImage(id=null, imageUrl=http://localhost:9000/ecommerce-public/2025/product-images/jpg/september/06/20220320_170114.jpg, metadata=Side view III, sortOrder=3, storageId=68bbad959b5b045866f771a2, isValid=false, productId=null)], sku=SKU-HP-1001, tags=[electronics, audio, headphones, wireless], categoryIds=[69f5af79-df40-4543-b2ef-be4734a38533, {{category_parent_id], isActive=true)
2025-09-06 07:44:35 INFO  [http-nio-8100-exec-1] c.k.p.s.impl.ProductServiceImpl - Mapping DbProductImage to ProductImageEntity: DbProductImage(id=null, imageUrl=http://localhost:9000/ecommerce-public/2025/product-images/jpg/september/06/20220320_170114.jpg, metadata=Front view, high resolution, sortOrder=1, storageId=68bbad959b5b045866f771a2, isValid=false, productId=null)
2025-09-06 07:44:35 INFO  [http-nio-8100-exec-1] c.k.p.s.impl.ProductServiceImpl - Mapping DbProductImage to ProductImageEntity: DbProductImage(id=null, imageUrl=http://localhost:9000/ecommerce-public/2025/product-images/jpg/september/06/20220320_170114.jpg, metadata=Side view, sortOrder=2, storageId=68bbad959b5b045866f771a2, isValid=false, productId=null)
2025-09-06 07:44:35 INFO  [http-nio-8100-exec-1] c.k.p.s.impl.ProductServiceImpl - Mapping DbProductImage to ProductImageEntity: DbProductImage(id=null, imageUrl=http://localhost:9000/ecommerce-public/2025/product-images/jpg/september/06/20220320_170114.jpg, metadata=Side view III, sortOrder=3, storageId=68bbad959b5b045866f771a2, isValid=false, productId=null)
2025-09-06 07:44:35 INFO  [http-nio-8100-exec-1] c.k.p.s.impl.ProductServiceImpl - Creating images for product: Wireless Bluetooth Headphones
2025-09-06 07:44:35 INFO  [http-nio-8100-exec-1] c.k.p.s.impl.ProductServiceImpl - Saving product: Wireless Bluetooth Headphones
2025-09-06 07:44:35 INFO  [http-nio-8100-exec-1] c.k.p.s.impl.ProductServiceImpl - Product saved with ID: 388b96e3-bfe1-451e-9890-282396bb0346
2025-09-06 07:44:35 DEBUG [http-nio-8100-exec-1] o.s.w.s.m.m.a.ExceptionHandlerExceptionResolver - Using @ExceptionHandler com.keycloak.common.exception.GlobalExceptionHandler#handleGenericException(Exception)
2025-09-06 07:44:35 DEBUG [http-nio-8100-exec-1] o.s.w.s.m.m.a.HttpEntityMethodProcessor - Using 'application/json', given [*/*] and supported [application/json, application/*+json]
2025-09-06 07:44:35 DEBUG [http-nio-8100-exec-1] o.s.w.s.m.m.a.HttpEntityMethodProcessor - Writing [com.keycloak.common.response.ResponseWrapper@6c36fb07]
2025-09-06 07:44:35 DEBUG [http-nio-8100-exec-1] o.s.w.s.m.m.a.ExceptionHandlerExceptionResolver - Resolved [org.springframework.dao.DataIntegrityViolationException: not-null property references a null or transient value : com.keycloak.products.entity.ProductImageEntity.product]
2025-09-06 07:44:35 DEBUG [http-nio-8100-exec-1] o.s.web.servlet.DispatcherServlet - Completed 500 INTERNAL_SERVER_ERROR
2025-09-06 07:49:15 INFO  [SpringApplicationShutdownHook] o.s.o.j.LocalContainerEntityManagerFactoryBean - Closing JPA EntityManagerFactory for persistence unit 'default'
2025-09-06 07:49:15 INFO  [SpringApplicationShutdownHook] com.zaxxer.hikari.HikariDataSource - EcommerceHikariCP - Shutdown initiated...
2025-09-06 07:49:15 INFO  [SpringApplicationShutdownHook] com.zaxxer.hikari.HikariDataSource - EcommerceHikariCP - Shutdown completed.
2025-09-06 07:49:21 INFO  [main] c.k.products.ProductsApplication - Starting ProductsApplication using Java 17.0.11 with PID 45897 (/Users/davidnjau/Documents/Personal/keycloak/products/target/classes started by davidnjau in /Users/davidnjau/Documents/Personal/keycloak)
2025-09-06 07:49:21 INFO  [main] c.k.products.ProductsApplication - No active profile set, falling back to 1 default profile: "default"
2025-09-06 07:49:22 INFO  [main] o.s.d.r.c.RepositoryConfigurationDelegate - Multiple Spring Data modules found, entering strict repository configuration mode
2025-09-06 07:49:22 INFO  [main] o.s.d.r.c.RepositoryConfigurationDelegate - Bootstrapping Spring Data JPA repositories in DEFAULT mode.
2025-09-06 07:49:22 INFO  [main] o.s.d.r.c.RepositoryConfigurationDelegate - Finished Spring Data repository scanning in 96 ms. Found 2 JPA repository interfaces.
2025-09-06 07:49:22 INFO  [main] o.s.d.r.c.RepositoryConfigurationDelegate - Multiple Spring Data modules found, entering strict repository configuration mode
2025-09-06 07:49:22 INFO  [main] o.s.d.r.c.RepositoryConfigurationDelegate - Bootstrapping Spring Data Redis repositories in DEFAULT mode.
2025-09-06 07:49:22 INFO  [main] o.s.d.r.c.RepositoryConfigurationExtensionSupport - Spring Data Redis - Could not safely identify store assignment for repository candidate interface com.keycloak.products.repository.CategoryRepository; If you want this repository to be a Redis repository, consider annotating your entities with one of these annotations: org.springframework.data.redis.core.RedisHash (preferred), or consider extending one of the following types with your repository: org.springframework.data.keyvalue.repository.KeyValueRepository
2025-09-06 07:49:22 INFO  [main] o.s.d.r.c.RepositoryConfigurationExtensionSupport - Spring Data Redis - Could not safely identify store assignment for repository candidate interface com.keycloak.products.repository.ProductRepository; If you want this repository to be a Redis repository, consider annotating your entities with one of these annotations: org.springframework.data.redis.core.RedisHash (preferred), or consider extending one of the following types with your repository: org.springframework.data.keyvalue.repository.KeyValueRepository
2025-09-06 07:49:22 INFO  [main] o.s.d.r.c.RepositoryConfigurationDelegate - Finished Spring Data repository scanning in 2 ms. Found 0 Redis repository interfaces.
2025-09-06 07:49:22 INFO  [main] o.s.b.w.e.tomcat.TomcatWebServer - Tomcat initialized with port 8100 (http)
2025-09-06 07:49:22 INFO  [main] o.a.coyote.http11.Http11NioProtocol - Initializing ProtocolHandler ["http-nio-8100"]
2025-09-06 07:49:22 INFO  [main] o.a.catalina.core.StandardService - Starting service [Tomcat]
2025-09-06 07:49:22 INFO  [main] o.a.catalina.core.StandardEngine - Starting Servlet engine: [Apache Tomcat/10.1.18]
2025-09-06 07:49:22 INFO  [main] o.a.c.c.C.[Tomcat].[localhost].[/] - Initializing Spring embedded WebApplicationContext
2025-09-06 07:49:22 INFO  [main] o.s.b.w.s.c.ServletWebServerApplicationContext - Root WebApplicationContext: initialization completed in 965 ms
2025-09-06 07:49:22 INFO  [main] o.h.jpa.internal.util.LogHelper - HHH000204: Processing PersistenceUnitInfo [name: default]
2025-09-06 07:49:22 INFO  [main] org.hibernate.Version - HHH000412: Hibernate ORM core version 6.4.1.Final
2025-09-06 07:49:22 INFO  [main] o.h.c.i.RegionFactoryInitiator - HHH000026: Second-level cache disabled
2025-09-06 07:49:23 INFO  [main] o.s.o.j.p.SpringPersistenceUnitInfo - No LoadTimeWeaver setup: ignoring JPA class transformer
2025-09-06 07:49:23 INFO  [main] com.zaxxer.hikari.HikariDataSource - EcommerceHikariCP - Starting...
2025-09-06 07:49:23 INFO  [main] com.zaxxer.hikari.pool.HikariPool - EcommerceHikariCP - Added connection org.postgresql.jdbc.PgConnection@f08d676
2025-09-06 07:49:23 INFO  [main] com.zaxxer.hikari.HikariDataSource - EcommerceHikariCP - Start completed.
2025-09-06 07:49:23 WARN  [main] org.hibernate.orm.deprecation - HHH90000025: PostgreSQLDialect does not need to be specified explicitly using 'hibernate.dialect' (remove the property setting and it will be selected by default)
2025-09-06 07:49:23 INFO  [main] o.h.e.t.j.p.i.JtaPlatformInitiator - HHH000489: No JTA platform available (set 'hibernate.transaction.jta.platform' to enable JTA platform integration)
2025-09-06 07:49:23 INFO  [main] o.s.o.j.LocalContainerEntityManagerFactoryBean - Initialized JPA EntityManagerFactory for persistence unit 'default'
2025-09-06 07:49:24 INFO  [main] o.s.d.j.r.query.QueryEnhancerFactory - Hibernate is in classpath; If applicable, HQL parser will be used.
2025-09-06 07:49:24 WARN  [main] o.s.b.a.o.j.JpaBaseConfiguration$JpaWebConfiguration - spring.jpa.open-in-view is enabled by default. Therefore, database queries may be performed during view rendering. Explicitly configure spring.jpa.open-in-view to disable this warning
2025-09-06 07:49:24 DEBUG [main] o.s.w.s.m.m.a.RequestMappingHandlerMapping - 15 mappings in 'requestMappingHandlerMapping'
2025-09-06 07:49:24 DEBUG [main] o.s.w.s.m.m.a.RequestMappingHandlerAdapter - ControllerAdvice beans: 0 @ModelAttribute, 0 @InitBinder, 1 RequestBodyAdvice, 1 ResponseBodyAdvice
2025-09-06 07:49:24 DEBUG [main] o.s.w.s.m.m.a.ExceptionHandlerExceptionResolver - ControllerAdvice beans: 1 @ExceptionHandler, 1 ResponseBodyAdvice
2025-09-06 07:49:24 INFO  [main] o.a.coyote.http11.Http11NioProtocol - Starting ProtocolHandler ["http-nio-8100"]
2025-09-06 07:49:24 INFO  [main] o.s.b.w.e.tomcat.TomcatWebServer - Tomcat started on port 8100 (http) with context path ''
2025-09-06 07:49:24 INFO  [main] c.k.products.ProductsApplication - Started ProductsApplication in 3.698 seconds (process running for 4.167)
2025-09-06 07:51:22 INFO  [http-nio-8100-exec-1] o.a.c.c.C.[Tomcat].[localhost].[/] - Initializing Spring DispatcherServlet 'dispatcherServlet'
2025-09-06 07:51:22 INFO  [http-nio-8100-exec-1] o.s.web.servlet.DispatcherServlet - Initializing Servlet 'dispatcherServlet'
2025-09-06 07:51:22 DEBUG [http-nio-8100-exec-1] o.s.web.servlet.DispatcherServlet - Detected StandardServletMultipartResolver
2025-09-06 07:51:22 DEBUG [http-nio-8100-exec-1] o.s.web.servlet.DispatcherServlet - Detected AcceptHeaderLocaleResolver
2025-09-06 07:51:22 DEBUG [http-nio-8100-exec-1] o.s.web.servlet.DispatcherServlet - Detected FixedThemeResolver
2025-09-06 07:51:22 DEBUG [http-nio-8100-exec-1] o.s.web.servlet.DispatcherServlet - Detected org.springframework.web.servlet.view.DefaultRequestToViewNameTranslator@41737438
2025-09-06 07:51:22 DEBUG [http-nio-8100-exec-1] o.s.web.servlet.DispatcherServlet - Detected org.springframework.web.servlet.support.SessionFlashMapManager@60232aad
2025-09-06 07:51:22 DEBUG [http-nio-8100-exec-1] o.s.web.servlet.DispatcherServlet - enableLoggingRequestDetails='true': request parameters and headers will be shown which may lead to unsafe logging of potentially sensitive data
2025-09-06 07:51:22 INFO  [http-nio-8100-exec-1] o.s.web.servlet.DispatcherServlet - Completed initialization in 28 ms
2025-09-06 07:51:22 DEBUG [http-nio-8100-exec-1] o.s.web.servlet.DispatcherServlet - POST "/product/create", parameters={}
2025-09-06 07:51:22 DEBUG [http-nio-8100-exec-1] o.s.w.s.m.m.a.RequestMappingHandlerMapping - Mapped to com.keycloak.products.controller.ProductController#createProduct(DbProduct)
2025-09-06 07:51:23 DEBUG [http-nio-8100-exec-1] o.s.w.s.m.m.a.RequestResponseBodyMethodProcessor - Read "application/json;charset=UTF-8" to [DbProduct(id=null, name=Wireless Bluetooth Headphones, description=Over-ear wireless headphones with (truncated)...]
2025-09-06 07:51:23 INFO  [http-nio-8100-exec-1] c.k.p.s.impl.ProductServiceImpl - Creating new product: DbProduct(id=null, name=Wireless Bluetooth Headphones, description=Over-ear wireless headphones with noise cancellation and 30-hour battery life., oldPrice=7500.00, oldPriceCurrency=KES, newPrice=5999.99, newPriceCurrency=KES, availableQuantity=0, reservedQuantity=0, productImages=[DbProductImage(id=null, imageUrl=http://localhost:9000/ecommerce-public/2025/product-images/jpg/september/06/20220320_170114.jpg, metadata=Front view, high resolution, sortOrder=1, storageId=68bbad959b5b045866f771a2, isValid=false, productId=null), DbProductImage(id=null, imageUrl=http://localhost:9000/ecommerce-public/2025/product-images/jpg/september/06/20220320_170114.jpg, metadata=Side view, sortOrder=2, storageId=68bbad959b5b045866f771a2, isValid=false, productId=null), DbProductImage(id=null, imageUrl=http://localhost:9000/ecommerce-public/2025/product-images/jpg/september/06/20220320_170114.jpg, metadata=Side view III, sortOrder=3, storageId=68bbad959b5b045866f771a2, isValid=false, productId=null)], sku=SKU-HP-1001, tags=[electronics, audio, headphones, wireless], categoryIds=[69f5af79-df40-4543-b2ef-be4734a38533, {{category_parent_id], isActive=true)
2025-09-06 07:51:23 INFO  [http-nio-8100-exec-1] c.k.p.s.impl.ProductServiceImpl - Mapping DbProductImage to ProductImageEntity: DbProductImage(id=null, imageUrl=http://localhost:9000/ecommerce-public/2025/product-images/jpg/september/06/20220320_170114.jpg, metadata=Front view, high resolution, sortOrder=1, storageId=68bbad959b5b045866f771a2, isValid=false, productId=null)
2025-09-06 07:51:23 INFO  [http-nio-8100-exec-1] c.k.p.s.impl.ProductServiceImpl - Mapping DbProductImage to ProductImageEntity: DbProductImage(id=null, imageUrl=http://localhost:9000/ecommerce-public/2025/product-images/jpg/september/06/20220320_170114.jpg, metadata=Side view, sortOrder=2, storageId=68bbad959b5b045866f771a2, isValid=false, productId=null)
2025-09-06 07:51:23 INFO  [http-nio-8100-exec-1] c.k.p.s.impl.ProductServiceImpl - Mapping DbProductImage to ProductImageEntity: DbProductImage(id=null, imageUrl=http://localhost:9000/ecommerce-public/2025/product-images/jpg/september/06/20220320_170114.jpg, metadata=Side view III, sortOrder=3, storageId=68bbad959b5b045866f771a2, isValid=false, productId=null)
2025-09-06 07:51:23 INFO  [http-nio-8100-exec-1] c.k.p.s.impl.ProductServiceImpl - Creating images for product: Wireless Bluetooth Headphones
2025-09-06 07:51:23 INFO  [http-nio-8100-exec-1] c.k.p.s.impl.ProductServiceImpl - Saving product: Wireless Bluetooth Headphones
2025-09-06 07:51:23 WARN  [http-nio-8100-exec-1] o.h.e.jdbc.spi.SqlExceptionHelper - SQL Error: 0, SQLState: 23505
2025-09-06 07:51:23 ERROR [http-nio-8100-exec-1] o.h.e.jdbc.spi.SqlExceptionHelper - ERROR: duplicate key value violates unique constraint "uk_q1mafxn973ldq80m1irp3mpvq"
  Detail: Key (sku)=(SKU-HP-1001) already exists.
2025-09-06 07:51:23 DEBUG [http-nio-8100-exec-1] o.s.w.s.m.m.a.ExceptionHandlerExceptionResolver - Using @ExceptionHandler com.keycloak.common.exception.GlobalExceptionHandler#handleGenericException(Exception)
2025-09-06 07:51:23 DEBUG [http-nio-8100-exec-1] o.s.w.s.m.m.a.HttpEntityMethodProcessor - Using 'application/json', given [*/*] and supported [application/json, application/*+json]
2025-09-06 07:51:23 DEBUG [http-nio-8100-exec-1] o.s.w.s.m.m.a.HttpEntityMethodProcessor - Writing [com.keycloak.common.response.ResponseWrapper@2fc8885f]
2025-09-06 07:51:23 DEBUG [http-nio-8100-exec-1] o.s.w.s.m.m.a.ExceptionHandlerExceptionResolver - Resolved [org.springframework.dao.DataIntegrityViolationException: could not execute statement [ERROR: duplicate key value violates unique constraint "uk_q1mafxn973ldq80m1irp3mpvq"<EOL>  Detail: Key (sku)=(SKU-HP-1001) already exists.] [insert into product (active,available_quantity,created_at,description,name,new_price,new_price_currency,old_price,old_price_currency,reserved_quantity,sku,updated_at,id) values (?,?,?,?,?,?,?,?,?,?,?,?,?)]; SQL [insert into product (active,available_quantity,created_at,description,name,new_price,new_price_currency,old_price,old_price_currency,reserved_quantity,sku,updated_at,id) values (?,?,?,?,?,?,?,?,?,?,?,?,?)]; constraint [uk_q1mafxn973ldq80m1irp3mpvq]]
2025-09-06 07:51:23 DEBUG [http-nio-8100-exec-1] o.s.web.servlet.DispatcherServlet - Completed 500 INTERNAL_SERVER_ERROR
2025-09-06 07:53:58 INFO  [SpringApplicationShutdownHook] o.s.o.j.LocalContainerEntityManagerFactoryBean - Closing JPA EntityManagerFactory for persistence unit 'default'
2025-09-06 07:53:58 INFO  [SpringApplicationShutdownHook] com.zaxxer.hikari.HikariDataSource - EcommerceHikariCP - Shutdown initiated...
2025-09-06 07:53:58 INFO  [SpringApplicationShutdownHook] com.zaxxer.hikari.HikariDataSource - EcommerceHikariCP - Shutdown completed.
2025-09-06 07:54:02 INFO  [main] c.k.products.ProductsApplication - Starting ProductsApplication using Java 17.0.11 with PID 46484 (/Users/davidnjau/Documents/Personal/keycloak/products/target/classes started by davidnjau in /Users/davidnjau/Documents/Personal/keycloak)
2025-09-06 07:54:02 INFO  [main] c.k.products.ProductsApplication - No active profile set, falling back to 1 default profile: "default"
2025-09-06 07:54:02 INFO  [main] o.s.d.r.c.RepositoryConfigurationDelegate - Multiple Spring Data modules found, entering strict repository configuration mode
2025-09-06 07:54:02 INFO  [main] o.s.d.r.c.RepositoryConfigurationDelegate - Bootstrapping Spring Data JPA repositories in DEFAULT mode.
2025-09-06 07:54:02 INFO  [main] o.s.d.r.c.RepositoryConfigurationDelegate - Finished Spring Data repository scanning in 79 ms. Found 2 JPA repository interfaces.
2025-09-06 07:54:02 INFO  [main] o.s.d.r.c.RepositoryConfigurationDelegate - Multiple Spring Data modules found, entering strict repository configuration mode
2025-09-06 07:54:02 INFO  [main] o.s.d.r.c.RepositoryConfigurationDelegate - Bootstrapping Spring Data Redis repositories in DEFAULT mode.
2025-09-06 07:54:02 INFO  [main] o.s.d.r.c.RepositoryConfigurationExtensionSupport - Spring Data Redis - Could not safely identify store assignment for repository candidate interface com.keycloak.products.repository.CategoryRepository; If you want this repository to be a Redis repository, consider annotating your entities with one of these annotations: org.springframework.data.redis.core.RedisHash (preferred), or consider extending one of the following types with your repository: org.springframework.data.keyvalue.repository.KeyValueRepository
2025-09-06 07:54:02 INFO  [main] o.s.d.r.c.RepositoryConfigurationExtensionSupport - Spring Data Redis - Could not safely identify store assignment for repository candidate interface com.keycloak.products.repository.ProductRepository; If you want this repository to be a Redis repository, consider annotating your entities with one of these annotations: org.springframework.data.redis.core.RedisHash (preferred), or consider extending one of the following types with your repository: org.springframework.data.keyvalue.repository.KeyValueRepository
2025-09-06 07:54:02 INFO  [main] o.s.d.r.c.RepositoryConfigurationDelegate - Finished Spring Data repository scanning in 3 ms. Found 0 Redis repository interfaces.
2025-09-06 07:54:02 INFO  [main] o.s.b.w.e.tomcat.TomcatWebServer - Tomcat initialized with port 8100 (http)
2025-09-06 07:54:02 INFO  [main] o.a.coyote.http11.Http11NioProtocol - Initializing ProtocolHandler ["http-nio-8100"]
2025-09-06 07:54:02 INFO  [main] o.a.catalina.core.StandardService - Starting service [Tomcat]
2025-09-06 07:54:02 INFO  [main] o.a.catalina.core.StandardEngine - Starting Servlet engine: [Apache Tomcat/10.1.18]
2025-09-06 07:54:03 INFO  [main] o.a.c.c.C.[Tomcat].[localhost].[/] - Initializing Spring embedded WebApplicationContext
2025-09-06 07:54:03 INFO  [main] o.s.b.w.s.c.ServletWebServerApplicationContext - Root WebApplicationContext: initialization completed in 839 ms
2025-09-06 07:54:03 INFO  [main] o.h.jpa.internal.util.LogHelper - HHH000204: Processing PersistenceUnitInfo [name: default]
2025-09-06 07:54:03 INFO  [main] org.hibernate.Version - HHH000412: Hibernate ORM core version 6.4.1.Final
2025-09-06 07:54:03 INFO  [main] o.h.c.i.RegionFactoryInitiator - HHH000026: Second-level cache disabled
2025-09-06 07:54:03 INFO  [main] o.s.o.j.p.SpringPersistenceUnitInfo - No LoadTimeWeaver setup: ignoring JPA class transformer
2025-09-06 07:54:03 INFO  [main] com.zaxxer.hikari.HikariDataSource - EcommerceHikariCP - Starting...
2025-09-06 07:54:03 INFO  [main] com.zaxxer.hikari.pool.HikariPool - EcommerceHikariCP - Added connection org.postgresql.jdbc.PgConnection@1dcca426
2025-09-06 07:54:03 INFO  [main] com.zaxxer.hikari.HikariDataSource - EcommerceHikariCP - Start completed.
2025-09-06 07:54:03 WARN  [main] org.hibernate.orm.deprecation - HHH90000025: PostgreSQLDialect does not need to be specified explicitly using 'hibernate.dialect' (remove the property setting and it will be selected by default)
2025-09-06 07:54:04 INFO  [main] o.h.e.t.j.p.i.JtaPlatformInitiator - HHH000489: No JTA platform available (set 'hibernate.transaction.jta.platform' to enable JTA platform integration)
2025-09-06 07:54:04 INFO  [main] o.s.o.j.LocalContainerEntityManagerFactoryBean - Initialized JPA EntityManagerFactory for persistence unit 'default'
2025-09-06 07:54:04 INFO  [main] o.s.d.j.r.query.QueryEnhancerFactory - Hibernate is in classpath; If applicable, HQL parser will be used.
2025-09-06 07:54:04 WARN  [main] o.s.b.a.o.j.JpaBaseConfiguration$JpaWebConfiguration - spring.jpa.open-in-view is enabled by default. Therefore, database queries may be performed during view rendering. Explicitly configure spring.jpa.open-in-view to disable this warning
2025-09-06 07:54:04 DEBUG [main] o.s.w.s.m.m.a.RequestMappingHandlerMapping - 15 mappings in 'requestMappingHandlerMapping'
2025-09-06 07:54:04 DEBUG [main] o.s.w.s.m.m.a.RequestMappingHandlerAdapter - ControllerAdvice beans: 0 @ModelAttribute, 0 @InitBinder, 1 RequestBodyAdvice, 1 ResponseBodyAdvice
2025-09-06 07:54:04 DEBUG [main] o.s.w.s.m.m.a.ExceptionHandlerExceptionResolver - ControllerAdvice beans: 1 @ExceptionHandler, 1 ResponseBodyAdvice
2025-09-06 07:54:04 INFO  [main] o.a.coyote.http11.Http11NioProtocol - Starting ProtocolHandler ["http-nio-8100"]
2025-09-06 07:54:04 INFO  [main] o.s.b.w.e.tomcat.TomcatWebServer - Tomcat started on port 8100 (http) with context path ''
2025-09-06 07:54:04 INFO  [main] c.k.products.ProductsApplication - Started ProductsApplication in 3.121 seconds (process running for 3.483)
2025-09-06 07:54:09 INFO  [SpringApplicationShutdownHook] o.s.o.j.LocalContainerEntityManagerFactoryBean - Closing JPA EntityManagerFactory for persistence unit 'default'
2025-09-06 07:54:09 INFO  [SpringApplicationShutdownHook] com.zaxxer.hikari.HikariDataSource - EcommerceHikariCP - Shutdown initiated...
2025-09-06 07:54:09 INFO  [SpringApplicationShutdownHook] com.zaxxer.hikari.HikariDataSource - EcommerceHikariCP - Shutdown completed.
2025-09-06 07:54:11 INFO  [main] c.k.products.ProductsApplication - Starting ProductsApplication using Java 17.0.11 with PID 46514 (/Users/davidnjau/Documents/Personal/keycloak/products/target/classes started by davidnjau in /Users/davidnjau/Documents/Personal/keycloak)
2025-09-06 07:54:11 INFO  [main] c.k.products.ProductsApplication - No active profile set, falling back to 1 default profile: "default"
2025-09-06 07:54:12 INFO  [main] o.s.d.r.c.RepositoryConfigurationDelegate - Multiple Spring Data modules found, entering strict repository configuration mode
2025-09-06 07:54:12 INFO  [main] o.s.d.r.c.RepositoryConfigurationDelegate - Bootstrapping Spring Data JPA repositories in DEFAULT mode.
2025-09-06 07:54:12 INFO  [main] o.s.d.r.c.RepositoryConfigurationDelegate - Finished Spring Data repository scanning in 75 ms. Found 2 JPA repository interfaces.
2025-09-06 07:54:12 INFO  [main] o.s.d.r.c.RepositoryConfigurationDelegate - Multiple Spring Data modules found, entering strict repository configuration mode
2025-09-06 07:54:12 INFO  [main] o.s.d.r.c.RepositoryConfigurationDelegate - Bootstrapping Spring Data Redis repositories in DEFAULT mode.
2025-09-06 07:54:12 INFO  [main] o.s.d.r.c.RepositoryConfigurationExtensionSupport - Spring Data Redis - Could not safely identify store assignment for repository candidate interface com.keycloak.products.repository.CategoryRepository; If you want this repository to be a Redis repository, consider annotating your entities with one of these annotations: org.springframework.data.redis.core.RedisHash (preferred), or consider extending one of the following types with your repository: org.springframework.data.keyvalue.repository.KeyValueRepository
2025-09-06 07:54:12 INFO  [main] o.s.d.r.c.RepositoryConfigurationExtensionSupport - Spring Data Redis - Could not safely identify store assignment for repository candidate interface com.keycloak.products.repository.ProductRepository; If you want this repository to be a Redis repository, consider annotating your entities with one of these annotations: org.springframework.data.redis.core.RedisHash (preferred), or consider extending one of the following types with your repository: org.springframework.data.keyvalue.repository.KeyValueRepository
2025-09-06 07:54:12 INFO  [main] o.s.d.r.c.RepositoryConfigurationDelegate - Finished Spring Data repository scanning in 2 ms. Found 0 Redis repository interfaces.
2025-09-06 07:54:12 INFO  [main] o.s.b.w.e.tomcat.TomcatWebServer - Tomcat initialized with port 8100 (http)
2025-09-06 07:54:12 INFO  [main] o.a.coyote.http11.Http11NioProtocol - Initializing ProtocolHandler ["http-nio-8100"]
2025-09-06 07:54:12 INFO  [main] o.a.catalina.core.StandardService - Starting service [Tomcat]
2025-09-06 07:54:12 INFO  [main] o.a.catalina.core.StandardEngine - Starting Servlet engine: [Apache Tomcat/10.1.18]
2025-09-06 07:54:13 INFO  [main] o.a.c.c.C.[Tomcat].[localhost].[/] - Initializing Spring embedded WebApplicationContext
2025-09-06 07:54:13 INFO  [main] o.s.b.w.s.c.ServletWebServerApplicationContext - Root WebApplicationContext: initialization completed in 1173 ms
2025-09-06 07:54:13 INFO  [main] o.h.jpa.internal.util.LogHelper - HHH000204: Processing PersistenceUnitInfo [name: default]
2025-09-06 07:54:13 INFO  [main] org.hibernate.Version - HHH000412: Hibernate ORM core version 6.4.1.Final
2025-09-06 07:54:13 INFO  [main] o.h.c.i.RegionFactoryInitiator - HHH000026: Second-level cache disabled
2025-09-06 07:54:13 INFO  [main] o.s.o.j.p.SpringPersistenceUnitInfo - No LoadTimeWeaver setup: ignoring JPA class transformer
2025-09-06 07:54:13 INFO  [main] com.zaxxer.hikari.HikariDataSource - EcommerceHikariCP - Starting...
2025-09-06 07:54:13 INFO  [main] com.zaxxer.hikari.pool.HikariPool - EcommerceHikariCP - Added connection org.postgresql.jdbc.PgConnection@407f2029
2025-09-06 07:54:13 INFO  [main] com.zaxxer.hikari.HikariDataSource - EcommerceHikariCP - Start completed.
2025-09-06 07:54:13 WARN  [main] org.hibernate.orm.deprecation - HHH90000025: PostgreSQLDialect does not need to be specified explicitly using 'hibernate.dialect' (remove the property setting and it will be selected by default)
2025-09-06 07:54:14 INFO  [main] o.h.e.t.j.p.i.JtaPlatformInitiator - HHH000489: No JTA platform available (set 'hibernate.transaction.jta.platform' to enable JTA platform integration)
2025-09-06 07:54:14 WARN  [main] o.h.e.jdbc.spi.SqlExceptionHelper - SQL Warning Code: 0, SQLState: 00000
2025-09-06 07:54:14 WARN  [main] o.h.e.jdbc.spi.SqlExceptionHelper - constraint "uk_q1mafxn973ldq80m1irp3mpvq" of relation "product" does not exist, skipping
2025-09-06 07:54:14 INFO  [main] o.s.o.j.LocalContainerEntityManagerFactoryBean - Initialized JPA EntityManagerFactory for persistence unit 'default'
2025-09-06 07:54:14 INFO  [main] o.s.d.j.r.query.QueryEnhancerFactory - Hibernate is in classpath; If applicable, HQL parser will be used.
2025-09-06 07:54:14 WARN  [main] o.s.b.a.o.j.JpaBaseConfiguration$JpaWebConfiguration - spring.jpa.open-in-view is enabled by default. Therefore, database queries may be performed during view rendering. Explicitly configure spring.jpa.open-in-view to disable this warning
2025-09-06 07:54:14 DEBUG [main] o.s.w.s.m.m.a.RequestMappingHandlerMapping - 15 mappings in 'requestMappingHandlerMapping'
2025-09-06 07:54:14 DEBUG [main] o.s.w.s.m.m.a.RequestMappingHandlerAdapter - ControllerAdvice beans: 0 @ModelAttribute, 0 @InitBinder, 1 RequestBodyAdvice, 1 ResponseBodyAdvice
2025-09-06 07:54:14 DEBUG [main] o.s.w.s.m.m.a.ExceptionHandlerExceptionResolver - ControllerAdvice beans: 1 @ExceptionHandler, 1 ResponseBodyAdvice
2025-09-06 07:54:15 INFO  [main] o.a.coyote.http11.Http11NioProtocol - Starting ProtocolHandler ["http-nio-8100"]
2025-09-06 07:54:15 INFO  [main] o.s.b.w.e.tomcat.TomcatWebServer - Tomcat started on port 8100 (http) with context path ''
2025-09-06 07:54:15 INFO  [main] c.k.products.ProductsApplication - Started ProductsApplication in 3.482 seconds (process running for 3.72)
2025-09-06 07:55:20 INFO  [http-nio-8100-exec-1] o.a.c.c.C.[Tomcat].[localhost].[/] - Initializing Spring DispatcherServlet 'dispatcherServlet'
2025-09-06 07:55:20 INFO  [http-nio-8100-exec-1] o.s.web.servlet.DispatcherServlet - Initializing Servlet 'dispatcherServlet'
2025-09-06 07:55:20 DEBUG [http-nio-8100-exec-1] o.s.web.servlet.DispatcherServlet - Detected StandardServletMultipartResolver
2025-09-06 07:55:20 DEBUG [http-nio-8100-exec-1] o.s.web.servlet.DispatcherServlet - Detected AcceptHeaderLocaleResolver
2025-09-06 07:55:20 DEBUG [http-nio-8100-exec-1] o.s.web.servlet.DispatcherServlet - Detected FixedThemeResolver
2025-09-06 07:55:20 DEBUG [http-nio-8100-exec-1] o.s.web.servlet.DispatcherServlet - Detected org.springframework.web.servlet.view.DefaultRequestToViewNameTranslator@7df09f55
2025-09-06 07:55:20 DEBUG [http-nio-8100-exec-1] o.s.web.servlet.DispatcherServlet - Detected org.springframework.web.servlet.support.SessionFlashMapManager@13448d2d
2025-09-06 07:55:20 DEBUG [http-nio-8100-exec-1] o.s.web.servlet.DispatcherServlet - enableLoggingRequestDetails='true': request parameters and headers will be shown which may lead to unsafe logging of potentially sensitive data
2025-09-06 07:55:20 INFO  [http-nio-8100-exec-1] o.s.web.servlet.DispatcherServlet - Completed initialization in 44 ms
2025-09-06 07:55:20 DEBUG [http-nio-8100-exec-1] o.s.web.servlet.DispatcherServlet - POST "/product/create", parameters={}
2025-09-06 07:55:20 DEBUG [http-nio-8100-exec-1] o.s.w.s.m.m.a.RequestMappingHandlerMapping - Mapped to com.keycloak.products.controller.ProductController#createProduct(DbProduct)
2025-09-06 07:55:20 DEBUG [http-nio-8100-exec-1] o.s.w.s.m.m.a.RequestResponseBodyMethodProcessor - Read "application/json;charset=UTF-8" to [DbProduct(id=null, name=Wireless Bluetooth Headphones, description=Over-ear wireless headphones with (truncated)...]
2025-09-06 07:55:20 INFO  [http-nio-8100-exec-1] c.k.p.s.impl.ProductServiceImpl - Creating new product: DbProduct(id=null, name=Wireless Bluetooth Headphones, description=Over-ear wireless headphones with noise cancellation and 30-hour battery life., oldPrice=7500.00, oldPriceCurrency=KES, newPrice=5999.99, newPriceCurrency=KES, availableQuantity=0, reservedQuantity=0, productImages=[DbProductImage(id=null, imageUrl=http://localhost:9000/ecommerce-public/2025/product-images/jpg/september/06/20220320_170114.jpg, metadata=Front view, high resolution, sortOrder=1, storageId=68bbad959b5b045866f771a2, isValid=false, productId=null), DbProductImage(id=null, imageUrl=http://localhost:9000/ecommerce-public/2025/product-images/jpg/september/06/20220320_170114.jpg, metadata=Side view, sortOrder=2, storageId=68bbad959b5b045866f771a2, isValid=false, productId=null), DbProductImage(id=null, imageUrl=http://localhost:9000/ecommerce-public/2025/product-images/jpg/september/06/20220320_170114.jpg, metadata=Side view III, sortOrder=3, storageId=68bbad959b5b045866f771a2, isValid=false, productId=null)], sku=SKU-HP-1001, tags=[electronics, audio, headphones, wireless], categoryIds=[69f5af79-df40-4543-b2ef-be4734a38533, {{category_parent_id], isActive=true)
2025-09-06 07:55:20 INFO  [http-nio-8100-exec-1] c.k.p.s.impl.ProductServiceImpl - Mapping DbProductImage to ProductImageEntity: DbProductImage(id=null, imageUrl=http://localhost:9000/ecommerce-public/2025/product-images/jpg/september/06/20220320_170114.jpg, metadata=Front view, high resolution, sortOrder=1, storageId=68bbad959b5b045866f771a2, isValid=false, productId=null)
2025-09-06 07:55:20 INFO  [http-nio-8100-exec-1] c.k.p.s.impl.ProductServiceImpl - Mapping DbProductImage to ProductImageEntity: DbProductImage(id=null, imageUrl=http://localhost:9000/ecommerce-public/2025/product-images/jpg/september/06/20220320_170114.jpg, metadata=Side view, sortOrder=2, storageId=68bbad959b5b045866f771a2, isValid=false, productId=null)
2025-09-06 07:55:20 INFO  [http-nio-8100-exec-1] c.k.p.s.impl.ProductServiceImpl - Mapping DbProductImage to ProductImageEntity: DbProductImage(id=null, imageUrl=http://localhost:9000/ecommerce-public/2025/product-images/jpg/september/06/20220320_170114.jpg, metadata=Side view III, sortOrder=3, storageId=68bbad959b5b045866f771a2, isValid=false, productId=null)
2025-09-06 07:55:20 INFO  [http-nio-8100-exec-1] c.k.p.s.impl.ProductServiceImpl - Creating images for product: Wireless Bluetooth Headphones
2025-09-06 07:55:21 INFO  [http-nio-8100-exec-1] c.k.p.s.impl.ProductServiceImpl - Saving product: Wireless Bluetooth Headphones
2025-09-06 07:55:21 INFO  [http-nio-8100-exec-1] c.k.p.s.impl.ProductServiceImpl - Product saved with ID: 39ac9298-b130-4541-bfed-21c47c0176cc
2025-09-06 07:55:21 DEBUG [http-nio-8100-exec-1] o.s.w.s.m.m.a.ExceptionHandlerExceptionResolver - Using @ExceptionHandler com.keycloak.common.exception.GlobalExceptionHandler#handleGenericException(Exception)
2025-09-06 07:55:21 DEBUG [http-nio-8100-exec-1] o.s.w.s.m.m.a.HttpEntityMethodProcessor - Using 'application/json', given [*/*] and supported [application/json, application/*+json]
2025-09-06 07:55:21 DEBUG [http-nio-8100-exec-1] o.s.w.s.m.m.a.HttpEntityMethodProcessor - Writing [com.keycloak.common.response.ResponseWrapper@41d2a18b]
2025-09-06 07:55:21 DEBUG [http-nio-8100-exec-1] o.s.w.s.m.m.a.ExceptionHandlerExceptionResolver - Resolved [org.springframework.dao.DataIntegrityViolationException: not-null property references a null or transient value : com.keycloak.products.entity.ProductImageEntity.product]
2025-09-06 07:55:21 DEBUG [http-nio-8100-exec-1] o.s.web.servlet.DispatcherServlet - Completed 500 INTERNAL_SERVER_ERROR
2025-09-06 07:59:10 INFO  [SpringApplicationShutdownHook] o.s.o.j.LocalContainerEntityManagerFactoryBean - Closing JPA EntityManagerFactory for persistence unit 'default'
2025-09-06 07:59:10 INFO  [SpringApplicationShutdownHook] com.zaxxer.hikari.HikariDataSource - EcommerceHikariCP - Shutdown initiated...
2025-09-06 07:59:10 INFO  [SpringApplicationShutdownHook] com.zaxxer.hikari.HikariDataSource - EcommerceHikariCP - Shutdown completed.
2025-09-06 07:59:26 INFO  [main] c.k.products.ProductsApplication - Starting ProductsApplication using Java 17.0.11 with PID 46892 (/Users/davidnjau/Documents/Personal/keycloak/products/target/classes started by davidnjau in /Users/davidnjau/Documents/Personal/keycloak)
2025-09-06 07:59:26 INFO  [main] c.k.products.ProductsApplication - No active profile set, falling back to 1 default profile: "default"
2025-09-06 07:59:27 INFO  [main] o.s.d.r.c.RepositoryConfigurationDelegate - Multiple Spring Data modules found, entering strict repository configuration mode
2025-09-06 07:59:27 INFO  [main] o.s.d.r.c.RepositoryConfigurationDelegate - Bootstrapping Spring Data JPA repositories in DEFAULT mode.
2025-09-06 07:59:27 INFO  [main] o.s.d.r.c.RepositoryConfigurationDelegate - Finished Spring Data repository scanning in 202 ms. Found 2 JPA repository interfaces.
2025-09-06 07:59:27 INFO  [main] o.s.d.r.c.RepositoryConfigurationDelegate - Multiple Spring Data modules found, entering strict repository configuration mode
2025-09-06 07:59:27 INFO  [main] o.s.d.r.c.RepositoryConfigurationDelegate - Bootstrapping Spring Data Redis repositories in DEFAULT mode.
2025-09-06 07:59:27 INFO  [main] o.s.d.r.c.RepositoryConfigurationExtensionSupport - Spring Data Redis - Could not safely identify store assignment for repository candidate interface com.keycloak.products.repository.CategoryRepository; If you want this repository to be a Redis repository, consider annotating your entities with one of these annotations: org.springframework.data.redis.core.RedisHash (preferred), or consider extending one of the following types with your repository: org.springframework.data.keyvalue.repository.KeyValueRepository
2025-09-06 07:59:27 INFO  [main] o.s.d.r.c.RepositoryConfigurationExtensionSupport - Spring Data Redis - Could not safely identify store assignment for repository candidate interface com.keycloak.products.repository.ProductRepository; If you want this repository to be a Redis repository, consider annotating your entities with one of these annotations: org.springframework.data.redis.core.RedisHash (preferred), or consider extending one of the following types with your repository: org.springframework.data.keyvalue.repository.KeyValueRepository
2025-09-06 07:59:27 INFO  [main] o.s.d.r.c.RepositoryConfigurationDelegate - Finished Spring Data repository scanning in 4 ms. Found 0 Redis repository interfaces.
2025-09-06 07:59:28 INFO  [main] o.s.b.w.e.tomcat.TomcatWebServer - Tomcat initialized with port 8100 (http)
2025-09-06 07:59:28 INFO  [main] o.a.coyote.http11.Http11NioProtocol - Initializing ProtocolHandler ["http-nio-8100"]
2025-09-06 07:59:28 INFO  [main] o.a.catalina.core.StandardService - Starting service [Tomcat]
2025-09-06 07:59:28 INFO  [main] o.a.catalina.core.StandardEngine - Starting Servlet engine: [Apache Tomcat/10.1.18]
2025-09-06 07:59:28 INFO  [main] o.a.c.c.C.[Tomcat].[localhost].[/] - Initializing Spring embedded WebApplicationContext
2025-09-06 07:59:28 INFO  [main] o.s.b.w.s.c.ServletWebServerApplicationContext - Root WebApplicationContext: initialization completed in 2116 ms
2025-09-06 07:59:28 INFO  [main] o.h.jpa.internal.util.LogHelper - HHH000204: Processing PersistenceUnitInfo [name: default]
2025-09-06 07:59:29 INFO  [main] org.hibernate.Version - HHH000412: Hibernate ORM core version 6.4.1.Final
2025-09-06 07:59:29 INFO  [main] o.h.c.i.RegionFactoryInitiator - HHH000026: Second-level cache disabled
2025-09-06 07:59:29 INFO  [main] o.s.o.j.p.SpringPersistenceUnitInfo - No LoadTimeWeaver setup: ignoring JPA class transformer
2025-09-06 07:59:29 INFO  [main] com.zaxxer.hikari.HikariDataSource - EcommerceHikariCP - Starting...
2025-09-06 07:59:29 INFO  [main] com.zaxxer.hikari.pool.HikariPool - EcommerceHikariCP - Added connection org.postgresql.jdbc.PgConnection@f591271
2025-09-06 07:59:29 INFO  [main] com.zaxxer.hikari.HikariDataSource - EcommerceHikariCP - Start completed.
2025-09-06 07:59:29 WARN  [main] org.hibernate.orm.deprecation - HHH90000025: PostgreSQLDialect does not need to be specified explicitly using 'hibernate.dialect' (remove the property setting and it will be selected by default)
2025-09-06 07:59:31 INFO  [main] o.h.e.t.j.p.i.JtaPlatformInitiator - HHH000489: No JTA platform available (set 'hibernate.transaction.jta.platform' to enable JTA platform integration)
2025-09-06 07:59:32 INFO  [main] o.s.o.j.LocalContainerEntityManagerFactoryBean - Initialized JPA EntityManagerFactory for persistence unit 'default'
2025-09-06 07:59:32 INFO  [main] o.s.d.j.r.query.QueryEnhancerFactory - Hibernate is in classpath; If applicable, HQL parser will be used.
2025-09-06 07:59:33 WARN  [main] o.s.b.a.o.j.JpaBaseConfiguration$JpaWebConfiguration - spring.jpa.open-in-view is enabled by default. Therefore, database queries may be performed during view rendering. Explicitly configure spring.jpa.open-in-view to disable this warning
2025-09-06 07:59:33 DEBUG [main] o.s.w.s.m.m.a.RequestMappingHandlerMapping - 15 mappings in 'requestMappingHandlerMapping'
2025-09-06 07:59:33 DEBUG [main] o.s.w.s.m.m.a.RequestMappingHandlerAdapter - ControllerAdvice beans: 0 @ModelAttribute, 0 @InitBinder, 1 RequestBodyAdvice, 1 ResponseBodyAdvice
2025-09-06 07:59:33 DEBUG [main] o.s.w.s.m.m.a.ExceptionHandlerExceptionResolver - ControllerAdvice beans: 1 @ExceptionHandler, 1 ResponseBodyAdvice
2025-09-06 07:59:33 INFO  [main] o.a.coyote.http11.Http11NioProtocol - Starting ProtocolHandler ["http-nio-8100"]
2025-09-06 07:59:33 INFO  [main] o.s.b.w.e.tomcat.TomcatWebServer - Tomcat started on port 8100 (http) with context path ''
2025-09-06 07:59:33 INFO  [main] c.k.products.ProductsApplication - Started ProductsApplication in 8.72 seconds (process running for 10.234)
2025-09-06 07:59:34 INFO  [SpringApplicationShutdownHook] o.s.o.j.LocalContainerEntityManagerFactoryBean - Closing JPA EntityManagerFactory for persistence unit 'default'
2025-09-06 07:59:34 INFO  [SpringApplicationShutdownHook] com.zaxxer.hikari.HikariDataSource - EcommerceHikariCP - Shutdown initiated...
2025-09-06 07:59:34 INFO  [SpringApplicationShutdownHook] com.zaxxer.hikari.HikariDataSource - EcommerceHikariCP - Shutdown completed.
2025-09-06 07:59:37 INFO  [main] c.k.products.ProductsApplication - Starting ProductsApplication using Java 17.0.11 with PID 46922 (/Users/davidnjau/Documents/Personal/keycloak/products/target/classes started by davidnjau in /Users/davidnjau/Documents/Personal/keycloak)
2025-09-06 07:59:37 INFO  [main] c.k.products.ProductsApplication - No active profile set, falling back to 1 default profile: "default"
2025-09-06 07:59:38 INFO  [main] o.s.d.r.c.RepositoryConfigurationDelegate - Multiple Spring Data modules found, entering strict repository configuration mode
2025-09-06 07:59:38 INFO  [main] o.s.d.r.c.RepositoryConfigurationDelegate - Bootstrapping Spring Data JPA repositories in DEFAULT mode.
2025-09-06 07:59:38 INFO  [main] o.s.d.r.c.RepositoryConfigurationDelegate - Finished Spring Data repository scanning in 104 ms. Found 2 JPA repository interfaces.
2025-09-06 07:59:38 INFO  [main] o.s.d.r.c.RepositoryConfigurationDelegate - Multiple Spring Data modules found, entering strict repository configuration mode
2025-09-06 07:59:38 INFO  [main] o.s.d.r.c.RepositoryConfigurationDelegate - Bootstrapping Spring Data Redis repositories in DEFAULT mode.
2025-09-06 07:59:38 INFO  [main] o.s.d.r.c.RepositoryConfigurationExtensionSupport - Spring Data Redis - Could not safely identify store assignment for repository candidate interface com.keycloak.products.repository.CategoryRepository; If you want this repository to be a Redis repository, consider annotating your entities with one of these annotations: org.springframework.data.redis.core.RedisHash (preferred), or consider extending one of the following types with your repository: org.springframework.data.keyvalue.repository.KeyValueRepository
2025-09-06 07:59:38 INFO  [main] o.s.d.r.c.RepositoryConfigurationExtensionSupport - Spring Data Redis - Could not safely identify store assignment for repository candidate interface com.keycloak.products.repository.ProductRepository; If you want this repository to be a Redis repository, consider annotating your entities with one of these annotations: org.springframework.data.redis.core.RedisHash (preferred), or consider extending one of the following types with your repository: org.springframework.data.keyvalue.repository.KeyValueRepository
2025-09-06 07:59:38 INFO  [main] o.s.d.r.c.RepositoryConfigurationDelegate - Finished Spring Data repository scanning in 3 ms. Found 0 Redis repository interfaces.
2025-09-06 07:59:38 INFO  [main] o.s.b.w.e.tomcat.TomcatWebServer - Tomcat initialized with port 8100 (http)
2025-09-06 07:59:38 INFO  [main] o.a.coyote.http11.Http11NioProtocol - Initializing ProtocolHandler ["http-nio-8100"]
2025-09-06 07:59:38 INFO  [main] o.a.catalina.core.StandardService - Starting service [Tomcat]
2025-09-06 07:59:38 INFO  [main] o.a.catalina.core.StandardEngine - Starting Servlet engine: [Apache Tomcat/10.1.18]
2025-09-06 07:59:38 INFO  [main] o.a.c.c.C.[Tomcat].[localhost].[/] - Initializing Spring embedded WebApplicationContext
2025-09-06 07:59:38 INFO  [main] o.s.b.w.s.c.ServletWebServerApplicationContext - Root WebApplicationContext: initialization completed in 1345 ms
2025-09-06 07:59:39 INFO  [main] o.h.jpa.internal.util.LogHelper - HHH000204: Processing PersistenceUnitInfo [name: default]
2025-09-06 07:59:39 INFO  [main] org.hibernate.Version - HHH000412: Hibernate ORM core version 6.4.1.Final
2025-09-06 07:59:39 INFO  [main] o.h.c.i.RegionFactoryInitiator - HHH000026: Second-level cache disabled
2025-09-06 07:59:39 INFO  [main] o.s.o.j.p.SpringPersistenceUnitInfo - No LoadTimeWeaver setup: ignoring JPA class transformer
2025-09-06 07:59:39 INFO  [main] com.zaxxer.hikari.HikariDataSource - EcommerceHikariCP - Starting...
2025-09-06 07:59:39 INFO  [main] com.zaxxer.hikari.pool.HikariPool - EcommerceHikariCP - Added connection org.postgresql.jdbc.PgConnection@28b5d5dc
2025-09-06 07:59:39 INFO  [main] com.zaxxer.hikari.HikariDataSource - EcommerceHikariCP - Start completed.
2025-09-06 07:59:39 WARN  [main] org.hibernate.orm.deprecation - HHH90000025: PostgreSQLDialect does not need to be specified explicitly using 'hibernate.dialect' (remove the property setting and it will be selected by default)
2025-09-06 07:59:40 INFO  [main] o.h.e.t.j.p.i.JtaPlatformInitiator - HHH000489: No JTA platform available (set 'hibernate.transaction.jta.platform' to enable JTA platform integration)
2025-09-06 07:59:40 WARN  [main] o.h.e.jdbc.spi.SqlExceptionHelper - SQL Warning Code: 0, SQLState: 00000
2025-09-06 07:59:40 WARN  [main] o.h.e.jdbc.spi.SqlExceptionHelper - constraint "uk_q1mafxn973ldq80m1irp3mpvq" of relation "product" does not exist, skipping
2025-09-06 07:59:40 INFO  [main] o.s.o.j.LocalContainerEntityManagerFactoryBean - Initialized JPA EntityManagerFactory for persistence unit 'default'
2025-09-06 07:59:40 INFO  [main] o.s.d.j.r.query.QueryEnhancerFactory - Hibernate is in classpath; If applicable, HQL parser will be used.
2025-09-06 07:59:41 WARN  [main] o.s.b.a.o.j.JpaBaseConfiguration$JpaWebConfiguration - spring.jpa.open-in-view is enabled by default. Therefore, database queries may be performed during view rendering. Explicitly configure spring.jpa.open-in-view to disable this warning
2025-09-06 07:59:41 DEBUG [main] o.s.w.s.m.m.a.RequestMappingHandlerMapping - 15 mappings in 'requestMappingHandlerMapping'
2025-09-06 07:59:41 DEBUG [main] o.s.w.s.m.m.a.RequestMappingHandlerAdapter - ControllerAdvice beans: 0 @ModelAttribute, 0 @InitBinder, 1 RequestBodyAdvice, 1 ResponseBodyAdvice
2025-09-06 07:59:41 DEBUG [main] o.s.w.s.m.m.a.ExceptionHandlerExceptionResolver - ControllerAdvice beans: 1 @ExceptionHandler, 1 ResponseBodyAdvice
2025-09-06 07:59:41 INFO  [main] o.a.coyote.http11.Http11NioProtocol - Starting ProtocolHandler ["http-nio-8100"]
2025-09-06 07:59:41 INFO  [main] o.s.b.w.e.tomcat.TomcatWebServer - Tomcat started on port 8100 (http) with context path ''
2025-09-06 07:59:41 INFO  [main] c.k.products.ProductsApplication - Started ProductsApplication in 4.853 seconds (process running for 5.265)
2025-09-06 07:59:57 INFO  [http-nio-8100-exec-2] o.a.c.c.C.[Tomcat].[localhost].[/] - Initializing Spring DispatcherServlet 'dispatcherServlet'
2025-09-06 07:59:57 INFO  [http-nio-8100-exec-2] o.s.web.servlet.DispatcherServlet - Initializing Servlet 'dispatcherServlet'
2025-09-06 07:59:58 DEBUG [http-nio-8100-exec-2] o.s.web.servlet.DispatcherServlet - Detected StandardServletMultipartResolver
2025-09-06 07:59:58 DEBUG [http-nio-8100-exec-2] o.s.web.servlet.DispatcherServlet - Detected AcceptHeaderLocaleResolver
2025-09-06 07:59:58 DEBUG [http-nio-8100-exec-2] o.s.web.servlet.DispatcherServlet - Detected FixedThemeResolver
2025-09-06 07:59:58 DEBUG [http-nio-8100-exec-2] o.s.web.servlet.DispatcherServlet - Detected org.springframework.web.servlet.view.DefaultRequestToViewNameTranslator@222b4ab1
2025-09-06 07:59:58 DEBUG [http-nio-8100-exec-2] o.s.web.servlet.DispatcherServlet - Detected org.springframework.web.servlet.support.SessionFlashMapManager@6e13e2fc
2025-09-06 07:59:58 DEBUG [http-nio-8100-exec-2] o.s.web.servlet.DispatcherServlet - enableLoggingRequestDetails='true': request parameters and headers will be shown which may lead to unsafe logging of potentially sensitive data
2025-09-06 07:59:58 INFO  [http-nio-8100-exec-2] o.s.web.servlet.DispatcherServlet - Completed initialization in 24 ms
2025-09-06 07:59:58 DEBUG [http-nio-8100-exec-2] o.s.web.servlet.DispatcherServlet - POST "/product/create", parameters={}
2025-09-06 07:59:58 DEBUG [http-nio-8100-exec-2] o.s.w.s.m.m.a.RequestMappingHandlerMapping - Mapped to com.keycloak.products.controller.ProductController#createProduct(DbProduct)
2025-09-06 07:59:58 DEBUG [http-nio-8100-exec-2] o.s.w.s.m.m.a.RequestResponseBodyMethodProcessor - Read "application/json;charset=UTF-8" to [DbProduct(id=null, name=Wireless Bluetooth Headphones, description=Over-ear wireless headphones with (truncated)...]
2025-09-06 07:59:58 INFO  [http-nio-8100-exec-2] c.k.p.s.impl.ProductServiceImpl - Creating new product: DbProduct(id=null, name=Wireless Bluetooth Headphones, description=Over-ear wireless headphones with noise cancellation and 30-hour battery life., oldPrice=7500.00, oldPriceCurrency=KES, newPrice=5999.99, newPriceCurrency=KES, availableQuantity=0, reservedQuantity=0, productImages=[DbProductImage(id=null, imageUrl=http://localhost:9000/ecommerce-public/2025/product-images/jpg/september/06/20220320_170114.jpg, metadata=Front view, high resolution, sortOrder=1, storageId=68bbad959b5b045866f771a2, isValid=false, productId=null), DbProductImage(id=null, imageUrl=http://localhost:9000/ecommerce-public/2025/product-images/jpg/september/06/20220320_170114.jpg, metadata=Side view, sortOrder=2, storageId=68bbad959b5b045866f771a2, isValid=false, productId=null), DbProductImage(id=null, imageUrl=http://localhost:9000/ecommerce-public/2025/product-images/jpg/september/06/20220320_170114.jpg, metadata=Side view III, sortOrder=3, storageId=68bbad959b5b045866f771a2, isValid=false, productId=null)], sku=SKU-HP-1001, tags=[electronics, audio, headphones, wireless], categoryIds=[69f5af79-df40-4543-b2ef-be4734a38533, {{category_parent_id], isActive=true)
2025-09-06 07:59:58 INFO  [http-nio-8100-exec-2] c.k.p.s.impl.ProductServiceImpl - Mapping DbProductImage to ProductImageEntity: DbProductImage(id=null, imageUrl=http://localhost:9000/ecommerce-public/2025/product-images/jpg/september/06/20220320_170114.jpg, metadata=Front view, high resolution, sortOrder=1, storageId=68bbad959b5b045866f771a2, isValid=false, productId=null)
2025-09-06 07:59:58 INFO  [http-nio-8100-exec-2] c.k.p.s.impl.ProductServiceImpl - Mapping DbProductImage to ProductImageEntity: DbProductImage(id=null, imageUrl=http://localhost:9000/ecommerce-public/2025/product-images/jpg/september/06/20220320_170114.jpg, metadata=Side view, sortOrder=2, storageId=68bbad959b5b045866f771a2, isValid=false, productId=null)
2025-09-06 07:59:58 INFO  [http-nio-8100-exec-2] c.k.p.s.impl.ProductServiceImpl - Mapping DbProductImage to ProductImageEntity: DbProductImage(id=null, imageUrl=http://localhost:9000/ecommerce-public/2025/product-images/jpg/september/06/20220320_170114.jpg, metadata=Side view III, sortOrder=3, storageId=68bbad959b5b045866f771a2, isValid=false, productId=null)
2025-09-06 07:59:58 INFO  [http-nio-8100-exec-2] c.k.p.s.impl.ProductServiceImpl - Creating images for product: Wireless Bluetooth Headphones
2025-09-06 07:59:58 INFO  [http-nio-8100-exec-2] c.k.p.s.impl.ProductServiceImpl - Saving product: Wireless Bluetooth Headphones
2025-09-06 07:59:59 DEBUG [http-nio-8100-exec-2] o.s.w.s.m.m.a.ExceptionHandlerExceptionResolver - Using @ExceptionHandler com.keycloak.common.exception.GlobalExceptionHandler#handleGenericException(Exception)
2025-09-06 07:59:59 DEBUG [http-nio-8100-exec-2] o.s.w.s.m.m.a.HttpEntityMethodProcessor - Using 'application/json', given [*/*] and supported [application/json, application/*+json]
2025-09-06 07:59:59 DEBUG [http-nio-8100-exec-2] o.s.w.s.m.m.a.HttpEntityMethodProcessor - Writing [com.keycloak.common.response.ResponseWrapper@58716ac6]
2025-09-06 07:59:59 DEBUG [http-nio-8100-exec-2] o.s.w.s.m.m.a.ExceptionHandlerExceptionResolver - Resolved [org.springframework.dao.DataIntegrityViolationException: not-null property references a null or transient value : com.keycloak.products.entity.ProductImageEntity.product]
2025-09-06 07:59:59 DEBUG [http-nio-8100-exec-2] o.s.web.servlet.DispatcherServlet - Completed 500 INTERNAL_SERVER_ERROR
2025-09-06 08:03:21 INFO  [SpringApplicationShutdownHook] o.s.o.j.LocalContainerEntityManagerFactoryBean - Closing JPA EntityManagerFactory for persistence unit 'default'
2025-09-06 08:03:21 INFO  [SpringApplicationShutdownHook] com.zaxxer.hikari.HikariDataSource - EcommerceHikariCP - Shutdown initiated...
2025-09-06 08:03:21 INFO  [SpringApplicationShutdownHook] com.zaxxer.hikari.HikariDataSource - EcommerceHikariCP - Shutdown completed.
2025-09-06 08:03:29 INFO  [main] c.k.products.ProductsApplication - Starting ProductsApplication using Java 17.0.11 with PID 47124 (/Users/davidnjau/Documents/Personal/keycloak/products/target/classes started by davidnjau in /Users/davidnjau/Documents/Personal/keycloak)
2025-09-06 08:03:29 INFO  [main] c.k.products.ProductsApplication - No active profile set, falling back to 1 default profile: "default"
2025-09-06 08:03:30 INFO  [main] o.s.d.r.c.RepositoryConfigurationDelegate - Multiple Spring Data modules found, entering strict repository configuration mode
2025-09-06 08:03:30 INFO  [main] o.s.d.r.c.RepositoryConfigurationDelegate - Bootstrapping Spring Data JPA repositories in DEFAULT mode.
2025-09-06 08:03:30 INFO  [main] o.s.d.r.c.RepositoryConfigurationDelegate - Finished Spring Data repository scanning in 99 ms. Found 2 JPA repository interfaces.
2025-09-06 08:03:30 INFO  [main] o.s.d.r.c.RepositoryConfigurationDelegate - Multiple Spring Data modules found, entering strict repository configuration mode
2025-09-06 08:03:30 INFO  [main] o.s.d.r.c.RepositoryConfigurationDelegate - Bootstrapping Spring Data Redis repositories in DEFAULT mode.
2025-09-06 08:03:30 INFO  [main] o.s.d.r.c.RepositoryConfigurationExtensionSupport - Spring Data Redis - Could not safely identify store assignment for repository candidate interface com.keycloak.products.repository.CategoryRepository; If you want this repository to be a Redis repository, consider annotating your entities with one of these annotations: org.springframework.data.redis.core.RedisHash (preferred), or consider extending one of the following types with your repository: org.springframework.data.keyvalue.repository.KeyValueRepository
2025-09-06 08:03:30 INFO  [main] o.s.d.r.c.RepositoryConfigurationExtensionSupport - Spring Data Redis - Could not safely identify store assignment for repository candidate interface com.keycloak.products.repository.ProductRepository; If you want this repository to be a Redis repository, consider annotating your entities with one of these annotations: org.springframework.data.redis.core.RedisHash (preferred), or consider extending one of the following types with your repository: org.springframework.data.keyvalue.repository.KeyValueRepository
2025-09-06 08:03:30 INFO  [main] o.s.d.r.c.RepositoryConfigurationDelegate - Finished Spring Data repository scanning in 7 ms. Found 0 Redis repository interfaces.
2025-09-06 08:03:30 INFO  [main] o.s.b.w.e.tomcat.TomcatWebServer - Tomcat initialized with port 8100 (http)
2025-09-06 08:03:30 INFO  [main] o.a.coyote.http11.Http11NioProtocol - Initializing ProtocolHandler ["http-nio-8100"]
2025-09-06 08:03:30 INFO  [main] o.a.catalina.core.StandardService - Starting service [Tomcat]
2025-09-06 08:03:30 INFO  [main] o.a.catalina.core.StandardEngine - Starting Servlet engine: [Apache Tomcat/10.1.18]
2025-09-06 08:03:30 INFO  [main] o.a.c.c.C.[Tomcat].[localhost].[/] - Initializing Spring embedded WebApplicationContext
2025-09-06 08:03:30 INFO  [main] o.s.b.w.s.c.ServletWebServerApplicationContext - Root WebApplicationContext: initialization completed in 1574 ms
2025-09-06 08:03:31 INFO  [main] o.h.jpa.internal.util.LogHelper - HHH000204: Processing PersistenceUnitInfo [name: default]
2025-09-06 08:03:31 INFO  [main] org.hibernate.Version - HHH000412: Hibernate ORM core version 6.4.1.Final
2025-09-06 08:03:31 INFO  [main] o.h.c.i.RegionFactoryInitiator - HHH000026: Second-level cache disabled
2025-09-06 08:03:31 INFO  [main] o.s.o.j.p.SpringPersistenceUnitInfo - No LoadTimeWeaver setup: ignoring JPA class transformer
2025-09-06 08:03:31 INFO  [main] com.zaxxer.hikari.HikariDataSource - EcommerceHikariCP - Starting...
2025-09-06 08:03:31 INFO  [main] com.zaxxer.hikari.pool.HikariPool - EcommerceHikariCP - Added connection org.postgresql.jdbc.PgConnection@6f65aa58
2025-09-06 08:03:31 INFO  [main] com.zaxxer.hikari.HikariDataSource - EcommerceHikariCP - Start completed.
2025-09-06 08:03:31 WARN  [main] org.hibernate.orm.deprecation - HHH90000025: PostgreSQLDialect does not need to be specified explicitly using 'hibernate.dialect' (remove the property setting and it will be selected by default)
2025-09-06 08:03:32 INFO  [main] o.h.e.t.j.p.i.JtaPlatformInitiator - HHH000489: No JTA platform available (set 'hibernate.transaction.jta.platform' to enable JTA platform integration)
2025-09-06 08:03:33 INFO  [main] o.s.o.j.LocalContainerEntityManagerFactoryBean - Initialized JPA EntityManagerFactory for persistence unit 'default'
2025-09-06 08:03:33 INFO  [main] o.s.d.j.r.query.QueryEnhancerFactory - Hibernate is in classpath; If applicable, HQL parser will be used.
2025-09-06 08:03:34 WARN  [main] o.s.b.a.o.j.JpaBaseConfiguration$JpaWebConfiguration - spring.jpa.open-in-view is enabled by default. Therefore, database queries may be performed during view rendering. Explicitly configure spring.jpa.open-in-view to disable this warning
2025-09-06 08:03:34 DEBUG [main] o.s.w.s.m.m.a.RequestMappingHandlerMapping - 15 mappings in 'requestMappingHandlerMapping'
2025-09-06 08:03:34 DEBUG [main] o.s.w.s.m.m.a.RequestMappingHandlerAdapter - ControllerAdvice beans: 0 @ModelAttribute, 0 @InitBinder, 1 RequestBodyAdvice, 1 ResponseBodyAdvice
2025-09-06 08:03:34 DEBUG [main] o.s.w.s.m.m.a.ExceptionHandlerExceptionResolver - ControllerAdvice beans: 1 @ExceptionHandler, 1 ResponseBodyAdvice
2025-09-06 08:03:34 INFO  [main] o.a.coyote.http11.Http11NioProtocol - Starting ProtocolHandler ["http-nio-8100"]
2025-09-06 08:03:34 INFO  [main] o.s.b.w.e.tomcat.TomcatWebServer - Tomcat started on port 8100 (http) with context path ''
2025-09-06 08:03:34 INFO  [main] c.k.products.ProductsApplication - Started ProductsApplication in 6.01 seconds (process running for 6.496)
2025-09-06 08:03:47 INFO  [SpringApplicationShutdownHook] o.s.o.j.LocalContainerEntityManagerFactoryBean - Closing JPA EntityManagerFactory for persistence unit 'default'
2025-09-06 08:03:47 INFO  [SpringApplicationShutdownHook] com.zaxxer.hikari.HikariDataSource - EcommerceHikariCP - Shutdown initiated...
2025-09-06 08:03:47 INFO  [SpringApplicationShutdownHook] com.zaxxer.hikari.HikariDataSource - EcommerceHikariCP - Shutdown completed.
2025-09-06 08:03:49 INFO  [main] c.k.products.ProductsApplication - Starting ProductsApplication using Java 17.0.11 with PID 47263 (/Users/davidnjau/Documents/Personal/keycloak/products/target/classes started by davidnjau in /Users/davidnjau/Documents/Personal/keycloak)
2025-09-06 08:03:49 INFO  [main] c.k.products.ProductsApplication - No active profile set, falling back to 1 default profile: "default"
2025-09-06 08:03:51 INFO  [main] o.s.d.r.c.RepositoryConfigurationDelegate - Multiple Spring Data modules found, entering strict repository configuration mode
2025-09-06 08:03:51 INFO  [main] o.s.d.r.c.RepositoryConfigurationDelegate - Bootstrapping Spring Data JPA repositories in DEFAULT mode.
2025-09-06 08:03:51 INFO  [main] o.s.d.r.c.RepositoryConfigurationDelegate - Finished Spring Data repository scanning in 153 ms. Found 2 JPA repository interfaces.
2025-09-06 08:03:51 INFO  [main] o.s.d.r.c.RepositoryConfigurationDelegate - Multiple Spring Data modules found, entering strict repository configuration mode
2025-09-06 08:03:51 INFO  [main] o.s.d.r.c.RepositoryConfigurationDelegate - Bootstrapping Spring Data Redis repositories in DEFAULT mode.
2025-09-06 08:03:51 INFO  [main] o.s.d.r.c.RepositoryConfigurationExtensionSupport - Spring Data Redis - Could not safely identify store assignment for repository candidate interface com.keycloak.products.repository.CategoryRepository; If you want this repository to be a Redis repository, consider annotating your entities with one of these annotations: org.springframework.data.redis.core.RedisHash (preferred), or consider extending one of the following types with your repository: org.springframework.data.keyvalue.repository.KeyValueRepository
2025-09-06 08:03:51 INFO  [main] o.s.d.r.c.RepositoryConfigurationExtensionSupport - Spring Data Redis - Could not safely identify store assignment for repository candidate interface com.keycloak.products.repository.ProductRepository; If you want this repository to be a Redis repository, consider annotating your entities with one of these annotations: org.springframework.data.redis.core.RedisHash (preferred), or consider extending one of the following types with your repository: org.springframework.data.keyvalue.repository.KeyValueRepository
2025-09-06 08:03:51 INFO  [main] o.s.d.r.c.RepositoryConfigurationDelegate - Finished Spring Data repository scanning in 5 ms. Found 0 Redis repository interfaces.
2025-09-06 08:03:52 INFO  [main] o.s.b.w.e.tomcat.TomcatWebServer - Tomcat initialized with port 8100 (http)
2025-09-06 08:03:52 INFO  [main] o.a.coyote.http11.Http11NioProtocol - Initializing ProtocolHandler ["http-nio-8100"]
2025-09-06 08:03:52 INFO  [main] o.a.catalina.core.StandardService - Starting service [Tomcat]
2025-09-06 08:03:52 INFO  [main] o.a.catalina.core.StandardEngine - Starting Servlet engine: [Apache Tomcat/10.1.18]
2025-09-06 08:03:52 INFO  [main] o.a.c.c.C.[Tomcat].[localhost].[/] - Initializing Spring embedded WebApplicationContext
2025-09-06 08:03:52 INFO  [main] o.s.b.w.s.c.ServletWebServerApplicationContext - Root WebApplicationContext: initialization completed in 2115 ms
2025-09-06 08:03:52 INFO  [main] o.h.jpa.internal.util.LogHelper - HHH000204: Processing PersistenceUnitInfo [name: default]
2025-09-06 08:03:52 INFO  [main] org.hibernate.Version - HHH000412: Hibernate ORM core version 6.4.1.Final
2025-09-06 08:03:52 INFO  [main] o.h.c.i.RegionFactoryInitiator - HHH000026: Second-level cache disabled
2025-09-06 08:03:52 INFO  [main] o.s.o.j.p.SpringPersistenceUnitInfo - No LoadTimeWeaver setup: ignoring JPA class transformer
2025-09-06 08:03:52 INFO  [main] com.zaxxer.hikari.HikariDataSource - EcommerceHikariCP - Starting...
2025-09-06 08:03:53 INFO  [main] com.zaxxer.hikari.pool.HikariPool - EcommerceHikariCP - Added connection org.postgresql.jdbc.PgConnection@42dd7d82
2025-09-06 08:03:53 INFO  [main] com.zaxxer.hikari.HikariDataSource - EcommerceHikariCP - Start completed.
2025-09-06 08:03:53 WARN  [main] org.hibernate.orm.deprecation - HHH90000025: PostgreSQLDialect does not need to be specified explicitly using 'hibernate.dialect' (remove the property setting and it will be selected by default)
2025-09-06 08:03:53 INFO  [main] o.h.e.t.j.p.i.JtaPlatformInitiator - HHH000489: No JTA platform available (set 'hibernate.transaction.jta.platform' to enable JTA platform integration)
2025-09-06 08:03:53 INFO  [main] o.s.o.j.LocalContainerEntityManagerFactoryBean - Initialized JPA EntityManagerFactory for persistence unit 'default'
2025-09-06 08:03:54 INFO  [main] o.s.d.j.r.query.QueryEnhancerFactory - Hibernate is in classpath; If applicable, HQL parser will be used.
2025-09-06 08:03:54 WARN  [main] o.s.b.a.o.j.JpaBaseConfiguration$JpaWebConfiguration - spring.jpa.open-in-view is enabled by default. Therefore, database queries may be performed during view rendering. Explicitly configure spring.jpa.open-in-view to disable this warning
2025-09-06 08:03:54 DEBUG [main] o.s.w.s.m.m.a.RequestMappingHandlerMapping - 15 mappings in 'requestMappingHandlerMapping'
2025-09-06 08:03:54 DEBUG [main] o.s.w.s.m.m.a.RequestMappingHandlerAdapter - ControllerAdvice beans: 0 @ModelAttribute, 0 @InitBinder, 1 RequestBodyAdvice, 1 ResponseBodyAdvice
2025-09-06 08:03:54 DEBUG [main] o.s.w.s.m.m.a.ExceptionHandlerExceptionResolver - ControllerAdvice beans: 1 @ExceptionHandler, 1 ResponseBodyAdvice
2025-09-06 08:03:54 INFO  [main] o.s.b.w.e.tomcat.TomcatWebServer - Tomcat started on port 8100 (http) with context path ''
2025-09-06 08:03:54 INFO  [main] c.k.products.ProductsApplication - Started ProductsApplication in 5.33 seconds (process running for 5.711)
2025-09-06 08:03:54 INFO  [SpringApplicationShutdownHook] o.s.o.j.LocalContainerEntityManagerFactoryBean - Closing JPA EntityManagerFactory for persistence unit 'default'
2025-09-06 08:03:54 INFO  [SpringApplicationShutdownHook] com.zaxxer.hikari.HikariDataSource - EcommerceHikariCP - Shutdown initiated...
2025-09-06 08:03:54 INFO  [SpringApplicationShutdownHook] com.zaxxer.hikari.HikariDataSource - EcommerceHikariCP - Shutdown completed.
2025-09-06 08:03:57 INFO  [main] c.k.products.ProductsApplication - Starting ProductsApplication using Java 17.0.11 with PID 47285 (/Users/davidnjau/Documents/Personal/keycloak/products/target/classes started by davidnjau in /Users/davidnjau/Documents/Personal/keycloak)
2025-09-06 08:03:57 INFO  [main] c.k.products.ProductsApplication - No active profile set, falling back to 1 default profile: "default"
2025-09-06 08:03:57 INFO  [main] o.s.d.r.c.RepositoryConfigurationDelegate - Multiple Spring Data modules found, entering strict repository configuration mode
2025-09-06 08:03:57 INFO  [main] o.s.d.r.c.RepositoryConfigurationDelegate - Bootstrapping Spring Data JPA repositories in DEFAULT mode.
2025-09-06 08:03:57 INFO  [main] o.s.d.r.c.RepositoryConfigurationDelegate - Finished Spring Data repository scanning in 117 ms. Found 2 JPA repository interfaces.
2025-09-06 08:03:57 INFO  [main] o.s.d.r.c.RepositoryConfigurationDelegate - Multiple Spring Data modules found, entering strict repository configuration mode
2025-09-06 08:03:57 INFO  [main] o.s.d.r.c.RepositoryConfigurationDelegate - Bootstrapping Spring Data Redis repositories in DEFAULT mode.
2025-09-06 08:03:57 INFO  [main] o.s.d.r.c.RepositoryConfigurationExtensionSupport - Spring Data Redis - Could not safely identify store assignment for repository candidate interface com.keycloak.products.repository.CategoryRepository; If you want this repository to be a Redis repository, consider annotating your entities with one of these annotations: org.springframework.data.redis.core.RedisHash (preferred), or consider extending one of the following types with your repository: org.springframework.data.keyvalue.repository.KeyValueRepository
2025-09-06 08:03:57 INFO  [main] o.s.d.r.c.RepositoryConfigurationExtensionSupport - Spring Data Redis - Could not safely identify store assignment for repository candidate interface com.keycloak.products.repository.ProductRepository; If you want this repository to be a Redis repository, consider annotating your entities with one of these annotations: org.springframework.data.redis.core.RedisHash (preferred), or consider extending one of the following types with your repository: org.springframework.data.keyvalue.repository.KeyValueRepository
2025-09-06 08:03:57 INFO  [main] o.s.d.r.c.RepositoryConfigurationDelegate - Finished Spring Data repository scanning in 4 ms. Found 0 Redis repository interfaces.
2025-09-06 08:03:58 INFO  [main] o.s.b.w.e.tomcat.TomcatWebServer - Tomcat initialized with port 8100 (http)
2025-09-06 08:03:58 INFO  [main] o.a.coyote.http11.Http11NioProtocol - Initializing ProtocolHandler ["http-nio-8100"]
2025-09-06 08:03:58 INFO  [main] o.a.catalina.core.StandardService - Starting service [Tomcat]
2025-09-06 08:03:58 INFO  [main] o.a.catalina.core.StandardEngine - Starting Servlet engine: [Apache Tomcat/10.1.18]
2025-09-06 08:03:58 INFO  [main] o.a.c.c.C.[Tomcat].[localhost].[/] - Initializing Spring embedded WebApplicationContext
2025-09-06 08:03:58 INFO  [main] o.s.b.w.s.c.ServletWebServerApplicationContext - Root WebApplicationContext: initialization completed in 911 ms
2025-09-06 08:03:58 INFO  [main] o.h.jpa.internal.util.LogHelper - HHH000204: Processing PersistenceUnitInfo [name: default]
2025-09-06 08:03:58 INFO  [main] org.hibernate.Version - HHH000412: Hibernate ORM core version 6.4.1.Final
2025-09-06 08:03:58 INFO  [main] o.h.c.i.RegionFactoryInitiator - HHH000026: Second-level cache disabled
2025-09-06 08:03:58 INFO  [main] o.s.o.j.p.SpringPersistenceUnitInfo - No LoadTimeWeaver setup: ignoring JPA class transformer
2025-09-06 08:03:58 INFO  [main] com.zaxxer.hikari.HikariDataSource - EcommerceHikariCP - Starting...
2025-09-06 08:03:58 INFO  [main] com.zaxxer.hikari.pool.HikariPool - EcommerceHikariCP - Added connection org.postgresql.jdbc.PgConnection@775c4054
2025-09-06 08:03:58 INFO  [main] com.zaxxer.hikari.HikariDataSource - EcommerceHikariCP - Start completed.
2025-09-06 08:03:58 WARN  [main] org.hibernate.orm.deprecation - HHH90000025: PostgreSQLDialect does not need to be specified explicitly using 'hibernate.dialect' (remove the property setting and it will be selected by default)
2025-09-06 08:03:59 INFO  [main] o.h.e.t.j.p.i.JtaPlatformInitiator - HHH000489: No JTA platform available (set 'hibernate.transaction.jta.platform' to enable JTA platform integration)
2025-09-06 08:03:59 WARN  [main] o.h.e.jdbc.spi.SqlExceptionHelper - SQL Warning Code: 0, SQLState: 00000
2025-09-06 08:03:59 WARN  [main] o.h.e.jdbc.spi.SqlExceptionHelper - constraint "uk_q1mafxn973ldq80m1irp3mpvq" of relation "product" does not exist, skipping
2025-09-06 08:03:59 INFO  [main] o.s.o.j.LocalContainerEntityManagerFactoryBean - Initialized JPA EntityManagerFactory for persistence unit 'default'
2025-09-06 08:03:59 INFO  [main] o.s.d.j.r.query.QueryEnhancerFactory - Hibernate is in classpath; If applicable, HQL parser will be used.
2025-09-06 08:03:59 WARN  [main] o.s.b.a.o.j.JpaBaseConfiguration$JpaWebConfiguration - spring.jpa.open-in-view is enabled by default. Therefore, database queries may be performed during view rendering. Explicitly configure spring.jpa.open-in-view to disable this warning
2025-09-06 08:03:59 DEBUG [main] o.s.w.s.m.m.a.RequestMappingHandlerMapping - 15 mappings in 'requestMappingHandlerMapping'
2025-09-06 08:03:59 DEBUG [main] o.s.w.s.m.m.a.RequestMappingHandlerAdapter - ControllerAdvice beans: 0 @ModelAttribute, 0 @InitBinder, 1 RequestBodyAdvice, 1 ResponseBodyAdvice
2025-09-06 08:03:59 DEBUG [main] o.s.w.s.m.m.a.ExceptionHandlerExceptionResolver - ControllerAdvice beans: 1 @ExceptionHandler, 1 ResponseBodyAdvice
2025-09-06 08:03:59 INFO  [main] o.a.coyote.http11.Http11NioProtocol - Starting ProtocolHandler ["http-nio-8100"]
2025-09-06 08:03:59 INFO  [main] o.s.b.w.e.tomcat.TomcatWebServer - Tomcat started on port 8100 (http) with context path ''
2025-09-06 08:03:59 INFO  [main] c.k.products.ProductsApplication - Started ProductsApplication in 3.06 seconds (process running for 3.342)
2025-09-06 08:04:23 INFO  [http-nio-8100-exec-1] o.a.c.c.C.[Tomcat].[localhost].[/] - Initializing Spring DispatcherServlet 'dispatcherServlet'
2025-09-06 08:04:23 INFO  [http-nio-8100-exec-1] o.s.web.servlet.DispatcherServlet - Initializing Servlet 'dispatcherServlet'
2025-09-06 08:04:23 DEBUG [http-nio-8100-exec-1] o.s.web.servlet.DispatcherServlet - Detected StandardServletMultipartResolver
2025-09-06 08:04:23 DEBUG [http-nio-8100-exec-1] o.s.web.servlet.DispatcherServlet - Detected AcceptHeaderLocaleResolver
2025-09-06 08:04:23 DEBUG [http-nio-8100-exec-1] o.s.web.servlet.DispatcherServlet - Detected FixedThemeResolver
2025-09-06 08:04:24 DEBUG [http-nio-8100-exec-1] o.s.web.servlet.DispatcherServlet - Detected org.springframework.web.servlet.view.DefaultRequestToViewNameTranslator@7b5f886d
2025-09-06 08:04:24 DEBUG [http-nio-8100-exec-1] o.s.web.servlet.DispatcherServlet - Detected org.springframework.web.servlet.support.SessionFlashMapManager@7daecd21
2025-09-06 08:04:24 DEBUG [http-nio-8100-exec-1] o.s.web.servlet.DispatcherServlet - enableLoggingRequestDetails='true': request parameters and headers will be shown which may lead to unsafe logging of potentially sensitive data
2025-09-06 08:04:24 INFO  [http-nio-8100-exec-1] o.s.web.servlet.DispatcherServlet - Completed initialization in 12 ms
2025-09-06 08:04:24 DEBUG [http-nio-8100-exec-1] o.s.web.servlet.DispatcherServlet - POST "/product/create", parameters={}
2025-09-06 08:04:24 DEBUG [http-nio-8100-exec-1] o.s.w.s.m.m.a.RequestMappingHandlerMapping - Mapped to com.keycloak.products.controller.ProductController#createProduct(DbProduct)
2025-09-06 08:04:24 DEBUG [http-nio-8100-exec-1] o.s.w.s.m.m.a.RequestResponseBodyMethodProcessor - Read "application/json;charset=UTF-8" to [DbProduct(id=null, name=Wireless Bluetooth Headphones, description=Over-ear wireless headphones with (truncated)...]
2025-09-06 08:04:24 INFO  [http-nio-8100-exec-1] c.k.p.s.impl.ProductServiceImpl - Creating new product: DbProduct(id=null, name=Wireless Bluetooth Headphones, description=Over-ear wireless headphones with noise cancellation and 30-hour battery life., oldPrice=7500.00, oldPriceCurrency=KES, newPrice=5999.99, newPriceCurrency=KES, availableQuantity=0, reservedQuantity=0, productImages=[DbProductImage(id=null, imageUrl=http://localhost:9000/ecommerce-public/2025/product-images/jpg/september/06/20220320_170114.jpg, metadata=Front view, high resolution, sortOrder=1, storageId=68bbad959b5b045866f771a2, isValid=false, productId=null), DbProductImage(id=null, imageUrl=http://localhost:9000/ecommerce-public/2025/product-images/jpg/september/06/20220320_170114.jpg, metadata=Side view, sortOrder=2, storageId=68bbad959b5b045866f771a2, isValid=false, productId=null), DbProductImage(id=null, imageUrl=http://localhost:9000/ecommerce-public/2025/product-images/jpg/september/06/20220320_170114.jpg, metadata=Side view III, sortOrder=3, storageId=68bbad959b5b045866f771a2, isValid=false, productId=null)], sku=SKU-HP-1001, tags=[electronics, audio, headphones, wireless], categoryIds=[69f5af79-df40-4543-b2ef-be4734a38533, {{category_parent_id], isActive=true)
2025-09-06 08:04:24 INFO  [http-nio-8100-exec-1] c.k.p.s.impl.ProductServiceImpl - Mapping DbProductImage to ProductImageEntity: DbProductImage(id=null, imageUrl=http://localhost:9000/ecommerce-public/2025/product-images/jpg/september/06/20220320_170114.jpg, metadata=Front view, high resolution, sortOrder=1, storageId=68bbad959b5b045866f771a2, isValid=false, productId=null)
2025-09-06 08:04:24 INFO  [http-nio-8100-exec-1] c.k.p.s.impl.ProductServiceImpl - Mapping DbProductImage to ProductImageEntity: DbProductImage(id=null, imageUrl=http://localhost:9000/ecommerce-public/2025/product-images/jpg/september/06/20220320_170114.jpg, metadata=Side view, sortOrder=2, storageId=68bbad959b5b045866f771a2, isValid=false, productId=null)
2025-09-06 08:04:24 INFO  [http-nio-8100-exec-1] c.k.p.s.impl.ProductServiceImpl - Mapping DbProductImage to ProductImageEntity: DbProductImage(id=null, imageUrl=http://localhost:9000/ecommerce-public/2025/product-images/jpg/september/06/20220320_170114.jpg, metadata=Side view III, sortOrder=3, storageId=68bbad959b5b045866f771a2, isValid=false, productId=null)
2025-09-06 08:04:24 INFO  [http-nio-8100-exec-1] c.k.p.s.impl.ProductServiceImpl - Creating images for product: Wireless Bluetooth Headphones
2025-09-06 08:04:24 INFO  [http-nio-8100-exec-1] c.k.p.s.impl.ProductServiceImpl - Saving product: Wireless Bluetooth Headphones
2025-09-06 08:04:24 DEBUG [http-nio-8100-exec-1] o.s.w.s.m.m.a.HttpEntityMethodProcessor - Using 'application/json', given [*/*] and supported [application/json, application/*+json]
2025-09-06 08:04:24 DEBUG [http-nio-8100-exec-1] o.s.w.s.m.m.a.HttpEntityMethodProcessor - Writing [com.keycloak.common.response.ResponseWrapper@4ece6412]
2025-09-06 08:04:24 DEBUG [http-nio-8100-exec-1] o.s.web.servlet.DispatcherServlet - Completed 200 OK
2025-09-06 08:06:37 INFO  [SpringApplicationShutdownHook] o.s.o.j.LocalContainerEntityManagerFactoryBean - Closing JPA EntityManagerFactory for persistence unit 'default'
2025-09-06 08:06:37 INFO  [SpringApplicationShutdownHook] com.zaxxer.hikari.HikariDataSource - EcommerceHikariCP - Shutdown initiated...
2025-09-06 08:06:37 INFO  [SpringApplicationShutdownHook] com.zaxxer.hikari.HikariDataSource - EcommerceHikariCP - Shutdown completed.
2025-09-06 08:06:46 INFO  [main] c.k.products.ProductsApplication - Starting ProductsApplication using Java 17.0.11 with PID 47491 (/Users/davidnjau/Documents/Personal/keycloak/products/target/classes started by davidnjau in /Users/davidnjau/Documents/Personal/keycloak)
2025-09-06 08:06:46 INFO  [main] c.k.products.ProductsApplication - No active profile set, falling back to 1 default profile: "default"
2025-09-06 08:06:48 INFO  [main] o.s.d.r.c.RepositoryConfigurationDelegate - Multiple Spring Data modules found, entering strict repository configuration mode
2025-09-06 08:06:48 INFO  [main] o.s.d.r.c.RepositoryConfigurationDelegate - Bootstrapping Spring Data JPA repositories in DEFAULT mode.
2025-09-06 08:06:48 INFO  [main] o.s.d.r.c.RepositoryConfigurationDelegate - Finished Spring Data repository scanning in 235 ms. Found 2 JPA repository interfaces.
2025-09-06 08:06:48 INFO  [main] o.s.d.r.c.RepositoryConfigurationDelegate - Multiple Spring Data modules found, entering strict repository configuration mode
2025-09-06 08:06:48 INFO  [main] o.s.d.r.c.RepositoryConfigurationDelegate - Bootstrapping Spring Data Redis repositories in DEFAULT mode.
2025-09-06 08:06:48 INFO  [main] o.s.d.r.c.RepositoryConfigurationExtensionSupport - Spring Data Redis - Could not safely identify store assignment for repository candidate interface com.keycloak.products.repository.CategoryRepository; If you want this repository to be a Redis repository, consider annotating your entities with one of these annotations: org.springframework.data.redis.core.RedisHash (preferred), or consider extending one of the following types with your repository: org.springframework.data.keyvalue.repository.KeyValueRepository
2025-09-06 08:06:48 INFO  [main] o.s.d.r.c.RepositoryConfigurationExtensionSupport - Spring Data Redis - Could not safely identify store assignment for repository candidate interface com.keycloak.products.repository.ProductRepository; If you want this repository to be a Redis repository, consider annotating your entities with one of these annotations: org.springframework.data.redis.core.RedisHash (preferred), or consider extending one of the following types with your repository: org.springframework.data.keyvalue.repository.KeyValueRepository
2025-09-06 08:06:48 INFO  [main] o.s.d.r.c.RepositoryConfigurationDelegate - Finished Spring Data repository scanning in 16 ms. Found 0 Redis repository interfaces.
2025-09-06 08:06:49 INFO  [main] o.s.b.w.e.tomcat.TomcatWebServer - Tomcat initialized with port 8100 (http)
2025-09-06 08:06:49 INFO  [main] o.a.coyote.http11.Http11NioProtocol - Initializing ProtocolHandler ["http-nio-8100"]
2025-09-06 08:06:49 INFO  [main] o.a.catalina.core.StandardService - Starting service [Tomcat]
2025-09-06 08:06:49 INFO  [main] o.a.catalina.core.StandardEngine - Starting Servlet engine: [Apache Tomcat/10.1.18]
2025-09-06 08:06:49 INFO  [main] o.a.c.c.C.[Tomcat].[localhost].[/] - Initializing Spring embedded WebApplicationContext
2025-09-06 08:06:50 INFO  [main] o.s.b.w.s.c.ServletWebServerApplicationContext - Root WebApplicationContext: initialization completed in 3281 ms
2025-09-06 08:06:50 INFO  [main] o.h.jpa.internal.util.LogHelper - HHH000204: Processing PersistenceUnitInfo [name: default]
2025-09-06 08:06:51 INFO  [main] org.hibernate.Version - HHH000412: Hibernate ORM core version 6.4.1.Final
2025-09-06 08:06:51 INFO  [main] o.h.c.i.RegionFactoryInitiator - HHH000026: Second-level cache disabled
2025-09-06 08:06:51 INFO  [main] o.s.o.j.p.SpringPersistenceUnitInfo - No LoadTimeWeaver setup: ignoring JPA class transformer
2025-09-06 08:06:51 INFO  [main] com.zaxxer.hikari.HikariDataSource - EcommerceHikariCP - Starting...
2025-09-06 08:06:51 INFO  [main] com.zaxxer.hikari.pool.HikariPool - EcommerceHikariCP - Added connection org.postgresql.jdbc.PgConnection@775c4054
2025-09-06 08:06:51 INFO  [main] com.zaxxer.hikari.HikariDataSource - EcommerceHikariCP - Start completed.
2025-09-06 08:06:51 WARN  [main] org.hibernate.orm.deprecation - HHH90000025: PostgreSQLDialect does not need to be specified explicitly using 'hibernate.dialect' (remove the property setting and it will be selected by default)
2025-09-06 08:06:51 INFO  [main] o.h.e.t.j.p.i.JtaPlatformInitiator - HHH000489: No JTA platform available (set 'hibernate.transaction.jta.platform' to enable JTA platform integration)
2025-09-06 08:06:52 INFO  [main] o.s.o.j.LocalContainerEntityManagerFactoryBean - Initialized JPA EntityManagerFactory for persistence unit 'default'
2025-09-06 08:06:53 INFO  [main] o.s.d.j.r.query.QueryEnhancerFactory - Hibernate is in classpath; If applicable, HQL parser will be used.
2025-09-06 08:06:54 WARN  [main] o.s.b.a.o.j.JpaBaseConfiguration$JpaWebConfiguration - spring.jpa.open-in-view is enabled by default. Therefore, database queries may be performed during view rendering. Explicitly configure spring.jpa.open-in-view to disable this warning
2025-09-06 08:06:54 DEBUG [main] o.s.w.s.m.m.a.RequestMappingHandlerMapping - 15 mappings in 'requestMappingHandlerMapping'
2025-09-06 08:06:54 DEBUG [main] o.s.w.s.m.m.a.RequestMappingHandlerAdapter - ControllerAdvice beans: 0 @ModelAttribute, 0 @InitBinder, 1 RequestBodyAdvice, 1 ResponseBodyAdvice
2025-09-06 08:06:55 DEBUG [main] o.s.w.s.m.m.a.ExceptionHandlerExceptionResolver - ControllerAdvice beans: 1 @ExceptionHandler, 1 ResponseBodyAdvice
2025-09-06 08:06:55 INFO  [main] o.a.coyote.http11.Http11NioProtocol - Starting ProtocolHandler ["http-nio-8100"]
2025-09-06 08:06:55 INFO  [main] o.s.b.w.e.tomcat.TomcatWebServer - Tomcat started on port 8100 (http) with context path ''
2025-09-06 08:06:55 INFO  [main] c.k.products.ProductsApplication - Started ProductsApplication in 8.961 seconds (process running for 9.403)
2025-09-06 08:07:16 INFO  [SpringApplicationShutdownHook] o.s.o.j.LocalContainerEntityManagerFactoryBean - Closing JPA EntityManagerFactory for persistence unit 'default'
2025-09-06 08:07:17 INFO  [SpringApplicationShutdownHook] com.zaxxer.hikari.HikariDataSource - EcommerceHikariCP - Shutdown initiated...
2025-09-06 08:07:17 INFO  [SpringApplicationShutdownHook] com.zaxxer.hikari.HikariDataSource - EcommerceHikariCP - Shutdown completed.
2025-09-06 08:07:20 INFO  [main] c.k.products.ProductsApplication - Starting ProductsApplication using Java 17.0.11 with PID 47568 (/Users/davidnjau/Documents/Personal/keycloak/products/target/classes started by davidnjau in /Users/davidnjau/Documents/Personal/keycloak)
2025-09-06 08:07:20 INFO  [main] c.k.products.ProductsApplication - No active profile set, falling back to 1 default profile: "default"
2025-09-06 08:07:20 INFO  [main] o.s.d.r.c.RepositoryConfigurationDelegate - Multiple Spring Data modules found, entering strict repository configuration mode
2025-09-06 08:07:20 INFO  [main] o.s.d.r.c.RepositoryConfigurationDelegate - Bootstrapping Spring Data JPA repositories in DEFAULT mode.
2025-09-06 08:07:20 INFO  [main] o.s.d.r.c.RepositoryConfigurationDelegate - Finished Spring Data repository scanning in 69 ms. Found 2 JPA repository interfaces.
2025-09-06 08:07:20 INFO  [main] o.s.d.r.c.RepositoryConfigurationDelegate - Multiple Spring Data modules found, entering strict repository configuration mode
2025-09-06 08:07:20 INFO  [main] o.s.d.r.c.RepositoryConfigurationDelegate - Bootstrapping Spring Data Redis repositories in DEFAULT mode.
2025-09-06 08:07:20 INFO  [main] o.s.d.r.c.RepositoryConfigurationExtensionSupport - Spring Data Redis - Could not safely identify store assignment for repository candidate interface com.keycloak.products.repository.CategoryRepository; If you want this repository to be a Redis repository, consider annotating your entities with one of these annotations: org.springframework.data.redis.core.RedisHash (preferred), or consider extending one of the following types with your repository: org.springframework.data.keyvalue.repository.KeyValueRepository
2025-09-06 08:07:20 INFO  [main] o.s.d.r.c.RepositoryConfigurationExtensionSupport - Spring Data Redis - Could not safely identify store assignment for repository candidate interface com.keycloak.products.repository.ProductRepository; If you want this repository to be a Redis repository, consider annotating your entities with one of these annotations: org.springframework.data.redis.core.RedisHash (preferred), or consider extending one of the following types with your repository: org.springframework.data.keyvalue.repository.KeyValueRepository
2025-09-06 08:07:20 INFO  [main] o.s.d.r.c.RepositoryConfigurationDelegate - Finished Spring Data repository scanning in 2 ms. Found 0 Redis repository interfaces.
2025-09-06 08:07:21 INFO  [main] o.s.b.w.e.tomcat.TomcatWebServer - Tomcat initialized with port 8100 (http)
2025-09-06 08:07:21 INFO  [main] o.a.coyote.http11.Http11NioProtocol - Initializing ProtocolHandler ["http-nio-8100"]
2025-09-06 08:07:21 INFO  [main] o.a.catalina.core.StandardService - Starting service [Tomcat]
2025-09-06 08:07:21 INFO  [main] o.a.catalina.core.StandardEngine - Starting Servlet engine: [Apache Tomcat/10.1.18]
2025-09-06 08:07:21 INFO  [main] o.a.c.c.C.[Tomcat].[localhost].[/] - Initializing Spring embedded WebApplicationContext
2025-09-06 08:07:21 INFO  [main] o.s.b.w.s.c.ServletWebServerApplicationContext - Root WebApplicationContext: initialization completed in 1013 ms
2025-09-06 08:07:21 INFO  [main] o.h.jpa.internal.util.LogHelper - HHH000204: Processing PersistenceUnitInfo [name: default]
2025-09-06 08:07:21 INFO  [main] org.hibernate.Version - HHH000412: Hibernate ORM core version 6.4.1.Final
2025-09-06 08:07:21 INFO  [main] o.h.c.i.RegionFactoryInitiator - HHH000026: Second-level cache disabled
2025-09-06 08:07:21 INFO  [main] o.s.o.j.p.SpringPersistenceUnitInfo - No LoadTimeWeaver setup: ignoring JPA class transformer
2025-09-06 08:07:21 INFO  [main] com.zaxxer.hikari.HikariDataSource - EcommerceHikariCP - Starting...
2025-09-06 08:07:21 INFO  [main] com.zaxxer.hikari.pool.HikariPool - EcommerceHikariCP - Added connection org.postgresql.jdbc.PgConnection@77cc6a28
2025-09-06 08:07:21 INFO  [main] com.zaxxer.hikari.HikariDataSource - EcommerceHikariCP - Start completed.
2025-09-06 08:07:21 WARN  [main] org.hibernate.orm.deprecation - HHH90000025: PostgreSQLDialect does not need to be specified explicitly using 'hibernate.dialect' (remove the property setting and it will be selected by default)
2025-09-06 08:07:22 INFO  [main] o.h.e.t.j.p.i.JtaPlatformInitiator - HHH000489: No JTA platform available (set 'hibernate.transaction.jta.platform' to enable JTA platform integration)
2025-09-06 08:07:22 INFO  [main] o.s.o.j.LocalContainerEntityManagerFactoryBean - Initialized JPA EntityManagerFactory for persistence unit 'default'
2025-09-06 08:07:22 INFO  [main] o.s.d.j.r.query.QueryEnhancerFactory - Hibernate is in classpath; If applicable, HQL parser will be used.
2025-09-06 08:07:23 WARN  [main] o.s.b.a.o.j.JpaBaseConfiguration$JpaWebConfiguration - spring.jpa.open-in-view is enabled by default. Therefore, database queries may be performed during view rendering. Explicitly configure spring.jpa.open-in-view to disable this warning
2025-09-06 08:07:23 DEBUG [main] o.s.w.s.m.m.a.RequestMappingHandlerMapping - 15 mappings in 'requestMappingHandlerMapping'
2025-09-06 08:07:23 DEBUG [main] o.s.w.s.m.m.a.RequestMappingHandlerAdapter - ControllerAdvice beans: 0 @ModelAttribute, 0 @InitBinder, 1 RequestBodyAdvice, 1 ResponseBodyAdvice
2025-09-06 08:07:23 DEBUG [main] o.s.w.s.m.m.a.ExceptionHandlerExceptionResolver - ControllerAdvice beans: 1 @ExceptionHandler, 1 ResponseBodyAdvice
2025-09-06 08:07:23 INFO  [main] o.a.coyote.http11.Http11NioProtocol - Starting ProtocolHandler ["http-nio-8100"]
2025-09-06 08:07:23 INFO  [main] o.s.b.w.e.tomcat.TomcatWebServer - Tomcat started on port 8100 (http) with context path ''
2025-09-06 08:07:23 INFO  [main] c.k.products.ProductsApplication - Started ProductsApplication in 3.406 seconds (process running for 3.88)
2025-09-06 08:07:38 INFO  [SpringApplicationShutdownHook] o.s.o.j.LocalContainerEntityManagerFactoryBean - Closing JPA EntityManagerFactory for persistence unit 'default'
2025-09-06 08:07:38 INFO  [SpringApplicationShutdownHook] com.zaxxer.hikari.HikariDataSource - EcommerceHikariCP - Shutdown initiated...
2025-09-06 08:07:38 INFO  [SpringApplicationShutdownHook] com.zaxxer.hikari.HikariDataSource - EcommerceHikariCP - Shutdown completed.
2025-09-06 08:07:40 INFO  [main] c.k.products.ProductsApplication - Starting ProductsApplication using Java 17.0.11 with PID 47602 (/Users/davidnjau/Documents/Personal/keycloak/products/target/classes started by davidnjau in /Users/davidnjau/Documents/Personal/keycloak)
2025-09-06 08:07:40 INFO  [main] c.k.products.ProductsApplication - No active profile set, falling back to 1 default profile: "default"
2025-09-06 08:07:41 INFO  [main] o.s.d.r.c.RepositoryConfigurationDelegate - Multiple Spring Data modules found, entering strict repository configuration mode
2025-09-06 08:07:41 INFO  [main] o.s.d.r.c.RepositoryConfigurationDelegate - Bootstrapping Spring Data JPA repositories in DEFAULT mode.
2025-09-06 08:07:41 INFO  [main] o.s.d.r.c.RepositoryConfigurationDelegate - Finished Spring Data repository scanning in 91 ms. Found 2 JPA repository interfaces.
2025-09-06 08:07:41 INFO  [main] o.s.d.r.c.RepositoryConfigurationDelegate - Multiple Spring Data modules found, entering strict repository configuration mode
2025-09-06 08:07:41 INFO  [main] o.s.d.r.c.RepositoryConfigurationDelegate - Bootstrapping Spring Data Redis repositories in DEFAULT mode.
2025-09-06 08:07:41 INFO  [main] o.s.d.r.c.RepositoryConfigurationExtensionSupport - Spring Data Redis - Could not safely identify store assignment for repository candidate interface com.keycloak.products.repository.CategoryRepository; If you want this repository to be a Redis repository, consider annotating your entities with one of these annotations: org.springframework.data.redis.core.RedisHash (preferred), or consider extending one of the following types with your repository: org.springframework.data.keyvalue.repository.KeyValueRepository
2025-09-06 08:07:41 INFO  [main] o.s.d.r.c.RepositoryConfigurationExtensionSupport - Spring Data Redis - Could not safely identify store assignment for repository candidate interface com.keycloak.products.repository.ProductRepository; If you want this repository to be a Redis repository, consider annotating your entities with one of these annotations: org.springframework.data.redis.core.RedisHash (preferred), or consider extending one of the following types with your repository: org.springframework.data.keyvalue.repository.KeyValueRepository
2025-09-06 08:07:41 INFO  [main] o.s.d.r.c.RepositoryConfigurationDelegate - Finished Spring Data repository scanning in 2 ms. Found 0 Redis repository interfaces.
2025-09-06 08:07:41 INFO  [main] o.s.b.w.e.tomcat.TomcatWebServer - Tomcat initialized with port 8100 (http)
2025-09-06 08:07:41 INFO  [main] o.a.coyote.http11.Http11NioProtocol - Initializing ProtocolHandler ["http-nio-8100"]
2025-09-06 08:07:41 INFO  [main] o.a.catalina.core.StandardService - Starting service [Tomcat]
2025-09-06 08:07:41 INFO  [main] o.a.catalina.core.StandardEngine - Starting Servlet engine: [Apache Tomcat/10.1.18]
2025-09-06 08:07:41 INFO  [main] o.a.c.c.C.[Tomcat].[localhost].[/] - Initializing Spring embedded WebApplicationContext
2025-09-06 08:07:41 INFO  [main] o.s.b.w.s.c.ServletWebServerApplicationContext - Root WebApplicationContext: initialization completed in 1058 ms
2025-09-06 08:07:41 INFO  [main] o.h.jpa.internal.util.LogHelper - HHH000204: Processing PersistenceUnitInfo [name: default]
2025-09-06 08:07:42 INFO  [main] org.hibernate.Version - HHH000412: Hibernate ORM core version 6.4.1.Final
2025-09-06 08:07:42 INFO  [main] o.h.c.i.RegionFactoryInitiator - HHH000026: Second-level cache disabled
2025-09-06 08:07:42 INFO  [main] o.s.o.j.p.SpringPersistenceUnitInfo - No LoadTimeWeaver setup: ignoring JPA class transformer
2025-09-06 08:07:42 INFO  [main] com.zaxxer.hikari.HikariDataSource - EcommerceHikariCP - Starting...
2025-09-06 08:07:42 INFO  [main] com.zaxxer.hikari.pool.HikariPool - EcommerceHikariCP - Added connection org.postgresql.jdbc.PgConnection@1dcca426
2025-09-06 08:07:42 INFO  [main] com.zaxxer.hikari.HikariDataSource - EcommerceHikariCP - Start completed.
2025-09-06 08:07:42 WARN  [main] org.hibernate.orm.deprecation - HHH90000025: PostgreSQLDialect does not need to be specified explicitly using 'hibernate.dialect' (remove the property setting and it will be selected by default)
2025-09-06 08:07:42 INFO  [main] o.h.e.t.j.p.i.JtaPlatformInitiator - HHH000489: No JTA platform available (set 'hibernate.transaction.jta.platform' to enable JTA platform integration)
2025-09-06 08:07:42 WARN  [main] o.h.e.jdbc.spi.SqlExceptionHelper - SQL Warning Code: 0, SQLState: 00000
2025-09-06 08:07:42 WARN  [main] o.h.e.jdbc.spi.SqlExceptionHelper - constraint "uk_q1mafxn973ldq80m1irp3mpvq" of relation "product" does not exist, skipping
2025-09-06 08:07:42 INFO  [main] o.s.o.j.LocalContainerEntityManagerFactoryBean - Initialized JPA EntityManagerFactory for persistence unit 'default'
2025-09-06 08:07:42 INFO  [main] o.s.d.j.r.query.QueryEnhancerFactory - Hibernate is in classpath; If applicable, HQL parser will be used.
2025-09-06 08:07:43 WARN  [main] o.s.b.a.o.j.JpaBaseConfiguration$JpaWebConfiguration - spring.jpa.open-in-view is enabled by default. Therefore, database queries may be performed during view rendering. Explicitly configure spring.jpa.open-in-view to disable this warning
2025-09-06 08:07:43 DEBUG [main] o.s.w.s.m.m.a.RequestMappingHandlerMapping - 15 mappings in 'requestMappingHandlerMapping'
2025-09-06 08:07:43 DEBUG [main] o.s.w.s.m.m.a.RequestMappingHandlerAdapter - ControllerAdvice beans: 0 @ModelAttribute, 0 @InitBinder, 1 RequestBodyAdvice, 1 ResponseBodyAdvice
2025-09-06 08:07:43 DEBUG [main] o.s.w.s.m.m.a.ExceptionHandlerExceptionResolver - ControllerAdvice beans: 1 @ExceptionHandler, 1 ResponseBodyAdvice
2025-09-06 08:07:43 INFO  [main] o.a.coyote.http11.Http11NioProtocol - Starting ProtocolHandler ["http-nio-8100"]
2025-09-06 08:07:43 INFO  [main] o.s.b.w.e.tomcat.TomcatWebServer - Tomcat started on port 8100 (http) with context path ''
2025-09-06 08:07:43 INFO  [main] c.k.products.ProductsApplication - Started ProductsApplication in 3.065 seconds (process running for 3.408)
2025-09-06 08:08:15 INFO  [http-nio-8100-exec-1] o.a.c.c.C.[Tomcat].[localhost].[/] - Initializing Spring DispatcherServlet 'dispatcherServlet'
2025-09-06 08:08:15 INFO  [http-nio-8100-exec-1] o.s.web.servlet.DispatcherServlet - Initializing Servlet 'dispatcherServlet'
2025-09-06 08:08:15 DEBUG [http-nio-8100-exec-1] o.s.web.servlet.DispatcherServlet - Detected StandardServletMultipartResolver
2025-09-06 08:08:15 DEBUG [http-nio-8100-exec-1] o.s.web.servlet.DispatcherServlet - Detected AcceptHeaderLocaleResolver
2025-09-06 08:08:15 DEBUG [http-nio-8100-exec-1] o.s.web.servlet.DispatcherServlet - Detected FixedThemeResolver
2025-09-06 08:08:15 DEBUG [http-nio-8100-exec-1] o.s.web.servlet.DispatcherServlet - Detected org.springframework.web.servlet.view.DefaultRequestToViewNameTranslator@36f807f5
2025-09-06 08:08:15 DEBUG [http-nio-8100-exec-1] o.s.web.servlet.DispatcherServlet - Detected org.springframework.web.servlet.support.SessionFlashMapManager@6d6c4775
2025-09-06 08:08:15 DEBUG [http-nio-8100-exec-1] o.s.web.servlet.DispatcherServlet - enableLoggingRequestDetails='true': request parameters and headers will be shown which may lead to unsafe logging of potentially sensitive data
2025-09-06 08:08:15 INFO  [http-nio-8100-exec-1] o.s.web.servlet.DispatcherServlet - Completed initialization in 18 ms
2025-09-06 08:08:15 DEBUG [http-nio-8100-exec-1] o.s.web.servlet.DispatcherServlet - POST "/product/create", parameters={}
2025-09-06 08:08:15 DEBUG [http-nio-8100-exec-1] o.s.w.s.m.m.a.RequestMappingHandlerMapping - Mapped to com.keycloak.products.controller.ProductController#createProduct(DbProduct)
2025-09-06 08:08:15 DEBUG [http-nio-8100-exec-1] o.s.w.s.m.m.a.RequestResponseBodyMethodProcessor - Read "application/json;charset=UTF-8" to [DbProduct(id=null, name=Wireless Bluetooth Headphones, description=Over-ear wireless headphones with (truncated)...]
2025-09-06 08:08:15 INFO  [http-nio-8100-exec-1] c.k.p.s.impl.ProductServiceImpl - Creating new product: DbProduct(id=null, name=Wireless Bluetooth Headphones, description=Over-ear wireless headphones with noise cancellation and 30-hour battery life., oldPrice=7500.00, oldPriceCurrency=KES, newPrice=5999.99, newPriceCurrency=KES, availableQuantity=0, reservedQuantity=0, productImages=[DbProductImage(id=null, imageUrl=http://localhost:9000/ecommerce-public/2025/product-images/jpg/september/06/20220320_170114.jpg, metadata=Front view, high resolution, sortOrder=1, storageId=68bbad959b5b045866f771a2, isValid=false, productId=null), DbProductImage(id=null, imageUrl=http://localhost:9000/ecommerce-public/2025/product-images/jpg/september/06/20220320_170114.jpg, metadata=Side view, sortOrder=2, storageId=68bbad959b5b045866f771a2, isValid=false, productId=null), DbProductImage(id=null, imageUrl=http://localhost:9000/ecommerce-public/2025/product-images/jpg/september/06/20220320_170114.jpg, metadata=Side view III, sortOrder=3, storageId=68bbad959b5b045866f771a2, isValid=false, productId=null)], sku=SKU-HP-1001, tags=[electronics, audio, headphones, wireless], categoryIds=[69f5af79-df40-4543-b2ef-be4734a38533, 4264a67e-35fa-44e5-9e39-4370a1a51e04], isActive=true)
2025-09-06 08:08:15 INFO  [http-nio-8100-exec-1] c.k.p.s.impl.ProductServiceImpl - Mapping DbProductImage to ProductImageEntity: DbProductImage(id=null, imageUrl=http://localhost:9000/ecommerce-public/2025/product-images/jpg/september/06/20220320_170114.jpg, metadata=Front view, high resolution, sortOrder=1, storageId=68bbad959b5b045866f771a2, isValid=false, productId=null)
2025-09-06 08:08:15 INFO  [http-nio-8100-exec-1] c.k.p.s.impl.ProductServiceImpl - Mapping DbProductImage to ProductImageEntity: DbProductImage(id=null, imageUrl=http://localhost:9000/ecommerce-public/2025/product-images/jpg/september/06/20220320_170114.jpg, metadata=Side view, sortOrder=2, storageId=68bbad959b5b045866f771a2, isValid=false, productId=null)
2025-09-06 08:08:15 INFO  [http-nio-8100-exec-1] c.k.p.s.impl.ProductServiceImpl - Mapping DbProductImage to ProductImageEntity: DbProductImage(id=null, imageUrl=http://localhost:9000/ecommerce-public/2025/product-images/jpg/september/06/20220320_170114.jpg, metadata=Side view III, sortOrder=3, storageId=68bbad959b5b045866f771a2, isValid=false, productId=null)
2025-09-06 08:08:15 INFO  [http-nio-8100-exec-1] c.k.p.s.impl.ProductServiceImpl - Creating images for product: Wireless Bluetooth Headphones
2025-09-06 08:08:16 INFO  [http-nio-8100-exec-1] c.k.p.s.impl.ProductServiceImpl - Saving product: Wireless Bluetooth Headphones
2025-09-06 08:08:16 DEBUG [http-nio-8100-exec-1] o.s.w.s.m.m.a.HttpEntityMethodProcessor - Using 'application/json', given [*/*] and supported [application/json, application/*+json]
2025-09-06 08:08:16 DEBUG [http-nio-8100-exec-1] o.s.w.s.m.m.a.HttpEntityMethodProcessor - Writing [com.keycloak.common.response.ResponseWrapper@7b15d310]
2025-09-06 08:08:16 DEBUG [http-nio-8100-exec-1] o.s.web.servlet.DispatcherServlet - Completed 200 OK
2025-09-06 08:10:02 DEBUG [http-nio-8100-exec-3] o.s.web.servlet.DispatcherServlet - GET "/product/", parameters={}
2025-09-06 08:10:02 DEBUG [http-nio-8100-exec-3] o.s.w.s.m.m.a.RequestMappingHandlerMapping - Mapped to com.keycloak.products.controller.ProductController#getAllCategories(int, int, String, String, Boolean)
2025-09-06 08:10:02 INFO  [http-nio-8100-exec-3] c.k.p.s.impl.ProductServiceImpl - Fetching products with page=0, size=10, sortBy=name, order=asc
2025-09-06 08:10:02 INFO  [http-nio-8100-exec-3] c.k.common.reusable.CommonReusable - Creating Pageable on common with page=0, size=10, sortBy=name, order=asc
2025-09-06 08:10:02 INFO  [http-nio-8100-exec-3] c.k.p.s.impl.ProductServiceImpl - Total number of products: 1
2025-09-06 08:10:02 INFO  [http-nio-8100-exec-3] c.k.p.s.impl.ProductServiceImpl - Mapping ProductEntity to DbProduct: com.keycloak.products.entity.ProductEntity@78bc5d75
2025-09-06 08:10:02 INFO  [http-nio-8100-exec-3] c.k.p.s.impl.ProductServiceImpl - Mapping ProductImageEntity to DbProductImage: com.keycloak.products.entity.ProductImageEntity@24f9cea7
2025-09-06 08:10:02 INFO  [http-nio-8100-exec-3] c.k.p.s.impl.ProductServiceImpl - Mapping ProductImageEntity to DbProductImage: com.keycloak.products.entity.ProductImageEntity@1bbcba87
2025-09-06 08:10:02 INFO  [http-nio-8100-exec-3] c.k.p.s.impl.ProductServiceImpl - Mapping ProductImageEntity to DbProductImage: com.keycloak.products.entity.ProductImageEntity@45644f6c
2025-09-06 08:10:02 INFO  [http-nio-8100-exec-3] c.k.p.s.impl.ProductServiceImpl - Returning products: 1
2025-09-06 08:10:02 INFO  [http-nio-8100-exec-3] c.k.p.s.impl.ProductServiceImpl - Successfully fetched 1 categories
2025-09-06 08:10:02 DEBUG [http-nio-8100-exec-3] o.s.w.s.m.m.a.HttpEntityMethodProcessor - Using 'application/json', given [*/*] and supported [application/json, application/*+json]
2025-09-06 08:10:02 DEBUG [http-nio-8100-exec-3] o.s.w.s.m.m.a.HttpEntityMethodProcessor - Writing [com.keycloak.common.response.ResponseWrapper@638e0025]
2025-09-06 08:10:02 DEBUG [http-nio-8100-exec-3] o.s.web.servlet.DispatcherServlet - Completed 200 OK
2025-09-06 08:15:52 DEBUG [http-nio-8100-exec-5] o.s.web.servlet.DispatcherServlet - POST "/product/create", parameters={}
2025-09-06 08:15:52 DEBUG [http-nio-8100-exec-5] o.s.w.s.m.m.a.RequestMappingHandlerMapping - Mapped to com.keycloak.products.controller.ProductController#createProduct(DbProduct)
2025-09-06 08:15:52 DEBUG [http-nio-8100-exec-5] o.s.w.s.m.m.a.RequestResponseBodyMethodProcessor - Read "application/json;charset=UTF-8" to [DbProduct(id=null, name=Smart LED TV 55 Inch 4K UHD, description=55-inch Ultra HD Smart LED TV with  (truncated)...]
2025-09-06 08:15:52 INFO  [http-nio-8100-exec-5] c.k.p.s.impl.ProductServiceImpl - Creating new product: DbProduct(id=null, name=Smart LED TV 55 Inch 4K UHD, description=55-inch Ultra HD Smart LED TV with built-in apps, HDR10 support, and voice control remote., oldPrice=95000.00, oldPriceCurrency=KES, newPrice=79999.00, newPriceCurrency=KES, availableQuantity=15, reservedQuantity=2, productImages=[DbProductImage(id=null, imageUrl=http://localhost:9000/ecommerce-public/2025/product-images/jpg/september/06/20220320_170114.jpg, metadata=Front view, powered on, sortOrder=1, storageId=68bbad959b5b045866f771a2, isValid=false, productId=null), DbProductImage(id=null, imageUrl=http://localhost:9000/ecommerce-public/2025/product-images/jpg/september/06/20220320_170114.jpg, metadata=Side profile, slim design, sortOrder=2, storageId=68bbad959b5b045866f771a2, isValid=false, productId=null), DbProductImage(id=null, imageUrl=http://localhost:9000/ecommerce-public/2025/product-images/jpg/september/06/20220320_170114.jpg, metadata=Back panel with HDMI ports, sortOrder=3, storageId=68bbad959b5b045866f771a2, isValid=false, productId=null)], sku=SKU-TV-5500, tags=[electronics, television, 4K, smart-tv], categoryIds=[69f5af79-df40-4543-b2ef-be4734a38533, 69f5af79-df40-4543-b2ef-be4734a38533], isActive=true)
2025-09-06 08:15:52 INFO  [http-nio-8100-exec-5] c.k.p.s.impl.ProductServiceImpl - Mapping DbProductImage to ProductImageEntity: DbProductImage(id=null, imageUrl=http://localhost:9000/ecommerce-public/2025/product-images/jpg/september/06/20220320_170114.jpg, metadata=Front view, powered on, sortOrder=1, storageId=68bbad959b5b045866f771a2, isValid=false, productId=null)
2025-09-06 08:15:52 INFO  [http-nio-8100-exec-5] c.k.p.s.impl.ProductServiceImpl - Mapping DbProductImage to ProductImageEntity: DbProductImage(id=null, imageUrl=http://localhost:9000/ecommerce-public/2025/product-images/jpg/september/06/20220320_170114.jpg, metadata=Side profile, slim design, sortOrder=2, storageId=68bbad959b5b045866f771a2, isValid=false, productId=null)
2025-09-06 08:15:52 INFO  [http-nio-8100-exec-5] c.k.p.s.impl.ProductServiceImpl - Mapping DbProductImage to ProductImageEntity: DbProductImage(id=null, imageUrl=http://localhost:9000/ecommerce-public/2025/product-images/jpg/september/06/20220320_170114.jpg, metadata=Back panel with HDMI ports, sortOrder=3, storageId=68bbad959b5b045866f771a2, isValid=false, productId=null)
2025-09-06 08:15:52 INFO  [http-nio-8100-exec-5] c.k.p.s.impl.ProductServiceImpl - Creating images for product: Smart LED TV 55 Inch 4K UHD
2025-09-06 08:15:52 INFO  [http-nio-8100-exec-5] c.k.p.s.impl.ProductServiceImpl - Saving product: Smart LED TV 55 Inch 4K UHD
2025-09-06 08:15:52 DEBUG [http-nio-8100-exec-5] o.s.w.s.m.m.a.HttpEntityMethodProcessor - Using 'application/json', given [*/*] and supported [application/json, application/*+json]
2025-09-06 08:15:52 DEBUG [http-nio-8100-exec-5] o.s.w.s.m.m.a.HttpEntityMethodProcessor - Writing [com.keycloak.common.response.ResponseWrapper@3571cab]
2025-09-06 08:15:52 DEBUG [http-nio-8100-exec-5] o.s.web.servlet.DispatcherServlet - Completed 200 OK
2025-09-06 08:16:04 DEBUG [http-nio-8100-exec-6] o.s.web.servlet.DispatcherServlet - GET "/product/", parameters={}
2025-09-06 08:16:04 DEBUG [http-nio-8100-exec-6] o.s.w.s.m.m.a.RequestMappingHandlerMapping - Mapped to com.keycloak.products.controller.ProductController#getAllCategories(int, int, String, String, Boolean)
2025-09-06 08:16:04 INFO  [http-nio-8100-exec-6] c.k.p.s.impl.ProductServiceImpl - Fetching products with page=0, size=10, sortBy=name, order=asc
2025-09-06 08:16:04 INFO  [http-nio-8100-exec-6] c.k.common.reusable.CommonReusable - Creating Pageable on common with page=0, size=10, sortBy=name, order=asc
2025-09-06 08:16:04 INFO  [http-nio-8100-exec-6] c.k.p.s.impl.ProductServiceImpl - Total number of products: 2
2025-09-06 08:16:04 INFO  [http-nio-8100-exec-6] c.k.p.s.impl.ProductServiceImpl - Mapping ProductEntity to DbProduct: com.keycloak.products.entity.ProductEntity@6cec4430
2025-09-06 08:16:04 INFO  [http-nio-8100-exec-6] c.k.p.s.impl.ProductServiceImpl - Mapping ProductImageEntity to DbProductImage: com.keycloak.products.entity.ProductImageEntity@2894ac34
2025-09-06 08:16:04 INFO  [http-nio-8100-exec-6] c.k.p.s.impl.ProductServiceImpl - Mapping ProductImageEntity to DbProductImage: com.keycloak.products.entity.ProductImageEntity@3439e3a1
2025-09-06 08:16:04 INFO  [http-nio-8100-exec-6] c.k.p.s.impl.ProductServiceImpl - Mapping ProductImageEntity to DbProductImage: com.keycloak.products.entity.ProductImageEntity@31d0cfa8
2025-09-06 08:16:04 INFO  [http-nio-8100-exec-6] c.k.p.s.impl.ProductServiceImpl - Mapping ProductEntity to DbProduct: com.keycloak.products.entity.ProductEntity@68ee9bfc
2025-09-06 08:16:04 INFO  [http-nio-8100-exec-6] c.k.p.s.impl.ProductServiceImpl - Mapping ProductImageEntity to DbProductImage: com.keycloak.products.entity.ProductImageEntity@6d5199c6
2025-09-06 08:16:04 INFO  [http-nio-8100-exec-6] c.k.p.s.impl.ProductServiceImpl - Mapping ProductImageEntity to DbProductImage: com.keycloak.products.entity.ProductImageEntity@34cc118b
2025-09-06 08:16:04 INFO  [http-nio-8100-exec-6] c.k.p.s.impl.ProductServiceImpl - Mapping ProductImageEntity to DbProductImage: com.keycloak.products.entity.ProductImageEntity@6843d437
2025-09-06 08:16:04 INFO  [http-nio-8100-exec-6] c.k.p.s.impl.ProductServiceImpl - Returning products: 2
2025-09-06 08:16:04 INFO  [http-nio-8100-exec-6] c.k.p.s.impl.ProductServiceImpl - Successfully fetched 2 categories
2025-09-06 08:16:04 DEBUG [http-nio-8100-exec-6] o.s.w.s.m.m.a.HttpEntityMethodProcessor - Using 'application/json', given [*/*] and supported [application/json, application/*+json]
2025-09-06 08:16:04 DEBUG [http-nio-8100-exec-6] o.s.w.s.m.m.a.HttpEntityMethodProcessor - Writing [com.keycloak.common.response.ResponseWrapper@6782f89e]
2025-09-06 08:16:04 DEBUG [http-nio-8100-exec-6] o.s.web.servlet.DispatcherServlet - Completed 200 OK
2025-09-06 08:16:43 INFO  [SpringApplicationShutdownHook] o.s.o.j.LocalContainerEntityManagerFactoryBean - Closing JPA EntityManagerFactory for persistence unit 'default'
2025-09-06 08:16:43 INFO  [SpringApplicationShutdownHook] com.zaxxer.hikari.HikariDataSource - EcommerceHikariCP - Shutdown initiated...
2025-09-06 08:16:43 INFO  [SpringApplicationShutdownHook] com.zaxxer.hikari.HikariDataSource - EcommerceHikariCP - Shutdown completed.
2025-09-06 08:16:52 INFO  [main] c.k.products.ProductsApplication - Starting ProductsApplication using Java 17.0.11 with PID 48241 (/Users/davidnjau/Documents/Personal/keycloak/products/target/classes started by davidnjau in /Users/davidnjau/Documents/Personal/keycloak)
2025-09-06 08:16:52 INFO  [main] c.k.products.ProductsApplication - No active profile set, falling back to 1 default profile: "default"
2025-09-06 08:16:52 INFO  [main] o.s.d.r.c.RepositoryConfigurationDelegate - Multiple Spring Data modules found, entering strict repository configuration mode
2025-09-06 08:16:52 INFO  [main] o.s.d.r.c.RepositoryConfigurationDelegate - Bootstrapping Spring Data JPA repositories in DEFAULT mode.
2025-09-06 08:16:53 INFO  [main] o.s.d.r.c.RepositoryConfigurationDelegate - Finished Spring Data repository scanning in 82 ms. Found 2 JPA repository interfaces.
2025-09-06 08:16:53 INFO  [main] o.s.d.r.c.RepositoryConfigurationDelegate - Multiple Spring Data modules found, entering strict repository configuration mode
2025-09-06 08:16:53 INFO  [main] o.s.d.r.c.RepositoryConfigurationDelegate - Bootstrapping Spring Data Redis repositories in DEFAULT mode.
2025-09-06 08:16:53 INFO  [main] o.s.d.r.c.RepositoryConfigurationExtensionSupport - Spring Data Redis - Could not safely identify store assignment for repository candidate interface com.keycloak.products.repository.CategoryRepository; If you want this repository to be a Redis repository, consider annotating your entities with one of these annotations: org.springframework.data.redis.core.RedisHash (preferred), or consider extending one of the following types with your repository: org.springframework.data.keyvalue.repository.KeyValueRepository
2025-09-06 08:16:53 INFO  [main] o.s.d.r.c.RepositoryConfigurationExtensionSupport - Spring Data Redis - Could not safely identify store assignment for repository candidate interface com.keycloak.products.repository.ProductRepository; If you want this repository to be a Redis repository, consider annotating your entities with one of these annotations: org.springframework.data.redis.core.RedisHash (preferred), or consider extending one of the following types with your repository: org.springframework.data.keyvalue.repository.KeyValueRepository
2025-09-06 08:16:53 INFO  [main] o.s.d.r.c.RepositoryConfigurationDelegate - Finished Spring Data repository scanning in 2 ms. Found 0 Redis repository interfaces.
2025-09-06 08:16:53 INFO  [main] o.s.b.w.e.tomcat.TomcatWebServer - Tomcat initialized with port 8100 (http)
2025-09-06 08:16:53 INFO  [main] o.a.coyote.http11.Http11NioProtocol - Initializing ProtocolHandler ["http-nio-8100"]
2025-09-06 08:16:53 INFO  [main] o.a.catalina.core.StandardService - Starting service [Tomcat]
2025-09-06 08:16:53 INFO  [main] o.a.catalina.core.StandardEngine - Starting Servlet engine: [Apache Tomcat/10.1.18]
2025-09-06 08:16:53 INFO  [main] o.a.c.c.C.[Tomcat].[localhost].[/] - Initializing Spring embedded WebApplicationContext
2025-09-06 08:16:53 INFO  [main] o.s.b.w.s.c.ServletWebServerApplicationContext - Root WebApplicationContext: initialization completed in 1030 ms
2025-09-06 08:16:53 INFO  [main] o.h.jpa.internal.util.LogHelper - HHH000204: Processing PersistenceUnitInfo [name: default]
2025-09-06 08:16:53 INFO  [main] org.hibernate.Version - HHH000412: Hibernate ORM core version 6.4.1.Final
2025-09-06 08:16:53 INFO  [main] o.h.c.i.RegionFactoryInitiator - HHH000026: Second-level cache disabled
2025-09-06 08:16:53 INFO  [main] o.s.o.j.p.SpringPersistenceUnitInfo - No LoadTimeWeaver setup: ignoring JPA class transformer
2025-09-06 08:16:53 INFO  [main] com.zaxxer.hikari.HikariDataSource - EcommerceHikariCP - Starting...
2025-09-06 08:16:53 INFO  [main] com.zaxxer.hikari.pool.HikariPool - EcommerceHikariCP - Added connection org.postgresql.jdbc.PgConnection@b339a08
2025-09-06 08:16:53 INFO  [main] com.zaxxer.hikari.HikariDataSource - EcommerceHikariCP - Start completed.
2025-09-06 08:16:54 WARN  [main] org.hibernate.orm.deprecation - HHH90000025: PostgreSQLDialect does not need to be specified explicitly using 'hibernate.dialect' (remove the property setting and it will be selected by default)
2025-09-06 08:16:54 INFO  [main] o.h.e.t.j.p.i.JtaPlatformInitiator - HHH000489: No JTA platform available (set 'hibernate.transaction.jta.platform' to enable JTA platform integration)
2025-09-06 08:16:54 INFO  [main] o.s.o.j.LocalContainerEntityManagerFactoryBean - Initialized JPA EntityManagerFactory for persistence unit 'default'
2025-09-06 08:16:55 INFO  [main] o.s.d.j.r.query.QueryEnhancerFactory - Hibernate is in classpath; If applicable, HQL parser will be used.
2025-09-06 08:16:55 WARN  [main] o.s.b.a.o.j.JpaBaseConfiguration$JpaWebConfiguration - spring.jpa.open-in-view is enabled by default. Therefore, database queries may be performed during view rendering. Explicitly configure spring.jpa.open-in-view to disable this warning
2025-09-06 08:16:55 DEBUG [main] o.s.w.s.m.m.a.RequestMappingHandlerMapping - 15 mappings in 'requestMappingHandlerMapping'
2025-09-06 08:16:56 DEBUG [main] o.s.w.s.m.m.a.RequestMappingHandlerAdapter - ControllerAdvice beans: 0 @ModelAttribute, 0 @InitBinder, 1 RequestBodyAdvice, 1 ResponseBodyAdvice
2025-09-06 08:16:56 DEBUG [main] o.s.w.s.m.m.a.ExceptionHandlerExceptionResolver - ControllerAdvice beans: 1 @ExceptionHandler, 1 ResponseBodyAdvice
2025-09-06 08:16:56 INFO  [main] o.a.coyote.http11.Http11NioProtocol - Starting ProtocolHandler ["http-nio-8100"]
2025-09-06 08:16:56 INFO  [main] o.s.b.w.e.tomcat.TomcatWebServer - Tomcat started on port 8100 (http) with context path ''
2025-09-06 08:16:56 INFO  [main] c.k.products.ProductsApplication - Started ProductsApplication in 4.29 seconds (process running for 4.686)
2025-09-06 08:17:42 INFO  [http-nio-8100-exec-1] o.a.c.c.C.[Tomcat].[localhost].[/] - Initializing Spring DispatcherServlet 'dispatcherServlet'
2025-09-06 08:17:42 INFO  [http-nio-8100-exec-1] o.s.web.servlet.DispatcherServlet - Initializing Servlet 'dispatcherServlet'
2025-09-06 08:17:42 DEBUG [http-nio-8100-exec-1] o.s.web.servlet.DispatcherServlet - Detected StandardServletMultipartResolver
2025-09-06 08:17:42 DEBUG [http-nio-8100-exec-1] o.s.web.servlet.DispatcherServlet - Detected AcceptHeaderLocaleResolver
2025-09-06 08:17:42 DEBUG [http-nio-8100-exec-1] o.s.web.servlet.DispatcherServlet - Detected FixedThemeResolver
2025-09-06 08:17:42 DEBUG [http-nio-8100-exec-1] o.s.web.servlet.DispatcherServlet - Detected org.springframework.web.servlet.view.DefaultRequestToViewNameTranslator@50cdaf32
2025-09-06 08:17:42 DEBUG [http-nio-8100-exec-1] o.s.web.servlet.DispatcherServlet - Detected org.springframework.web.servlet.support.SessionFlashMapManager@290964bd
2025-09-06 08:17:42 DEBUG [http-nio-8100-exec-1] o.s.web.servlet.DispatcherServlet - enableLoggingRequestDetails='true': request parameters and headers will be shown which may lead to unsafe logging of potentially sensitive data
2025-09-06 08:17:42 INFO  [http-nio-8100-exec-1] o.s.web.servlet.DispatcherServlet - Completed initialization in 13 ms
2025-09-06 08:17:42 DEBUG [http-nio-8100-exec-1] o.s.web.servlet.DispatcherServlet - POST "/product/create", parameters={}
2025-09-06 08:17:42 DEBUG [http-nio-8100-exec-1] o.s.w.s.m.m.a.RequestMappingHandlerMapping - Mapped to com.keycloak.products.controller.ProductController#createProduct(DbProduct)
2025-09-06 08:17:42 DEBUG [http-nio-8100-exec-1] o.s.w.s.m.m.a.RequestResponseBodyMethodProcessor - Read "application/json;charset=UTF-8" to [DbProduct(id=null, name=Vision smart LED TV 55 Inch 4K UHD, description=55-inch Ultra HD Vision Smar (truncated)...]
2025-09-06 08:17:42 INFO  [http-nio-8100-exec-1] c.k.p.s.impl.ProductServiceImpl - Creating new product: DbProduct(id=null, name=Vision smart LED TV 55 Inch 4K UHD, description=55-inch Ultra HD Vision Smart LED TV with built-in apps, HDR10 support, and voice control remote., oldPrice=950000.00, oldPriceCurrency=KES, newPrice=0, newPriceCurrency=KES, availableQuantity=15, reservedQuantity=2, productImages=[DbProductImage(id=null, imageUrl=http://localhost:9000/ecommerce-public/2025/product-images/jpg/september/06/20220320_170114.jpg, metadata=Front view, powered on, sortOrder=1, storageId=68bbad959b5b045866f771a2, isValid=null, productId=null), DbProductImage(id=null, imageUrl=http://localhost:9000/ecommerce-public/2025/product-images/jpg/september/06/20220320_170114.jpg, metadata=Side profile, slim design, sortOrder=2, storageId=68bbad959b5b045866f771a2, isValid=null, productId=null), DbProductImage(id=null, imageUrl=http://localhost:9000/ecommerce-public/2025/product-images/jpg/september/06/20220320_170114.jpg, metadata=Back panel with HDMI ports, sortOrder=3, storageId=68bbad959b5b045866f771a2, isValid=null, productId=null)], sku=SKU-TV-5500, tags=[electronics, television, 4K, smart-tv], categoryIds=[69f5af79-df40-4543-b2ef-be4734a38533, 69f5af79-df40-4543-b2ef-be4734a38533], isActive=true)
2025-09-06 08:17:42 INFO  [http-nio-8100-exec-1] c.k.p.s.impl.ProductServiceImpl - Mapping DbProductImage to ProductImageEntity: DbProductImage(id=null, imageUrl=http://localhost:9000/ecommerce-public/2025/product-images/jpg/september/06/20220320_170114.jpg, metadata=Front view, powered on, sortOrder=1, storageId=68bbad959b5b045866f771a2, isValid=null, productId=null)
2025-09-06 08:17:42 INFO  [http-nio-8100-exec-1] c.k.p.s.impl.ProductServiceImpl - Mapping DbProductImage to ProductImageEntity: DbProductImage(id=null, imageUrl=http://localhost:9000/ecommerce-public/2025/product-images/jpg/september/06/20220320_170114.jpg, metadata=Side profile, slim design, sortOrder=2, storageId=68bbad959b5b045866f771a2, isValid=null, productId=null)
2025-09-06 08:17:42 INFO  [http-nio-8100-exec-1] c.k.p.s.impl.ProductServiceImpl - Mapping DbProductImage to ProductImageEntity: DbProductImage(id=null, imageUrl=http://localhost:9000/ecommerce-public/2025/product-images/jpg/september/06/20220320_170114.jpg, metadata=Back panel with HDMI ports, sortOrder=3, storageId=68bbad959b5b045866f771a2, isValid=null, productId=null)
2025-09-06 08:17:42 INFO  [http-nio-8100-exec-1] c.k.p.s.impl.ProductServiceImpl - Creating images for product: Vision smart LED TV 55 Inch 4K UHD
2025-09-06 08:17:42 INFO  [http-nio-8100-exec-1] c.k.p.s.impl.ProductServiceImpl - Saving product: Vision smart LED TV 55 Inch 4K UHD
2025-09-06 08:17:42 WARN  [http-nio-8100-exec-1] o.h.e.jdbc.spi.SqlExceptionHelper - SQL Error: 0, SQLState: 23505
2025-09-06 08:17:42 ERROR [http-nio-8100-exec-1] o.h.e.jdbc.spi.SqlExceptionHelper - ERROR: duplicate key value violates unique constraint "uk_q1mafxn973ldq80m1irp3mpvq"
  Detail: Key (sku)=(SKU-TV-5500) already exists.
2025-09-06 08:17:42 DEBUG [http-nio-8100-exec-1] o.s.w.s.m.m.a.ExceptionHandlerExceptionResolver - Using @ExceptionHandler com.keycloak.common.exception.GlobalExceptionHandler#handleGenericException(Exception)
2025-09-06 08:17:42 DEBUG [http-nio-8100-exec-1] o.s.w.s.m.m.a.HttpEntityMethodProcessor - Using 'application/json', given [*/*] and supported [application/json, application/*+json]
2025-09-06 08:17:42 DEBUG [http-nio-8100-exec-1] o.s.w.s.m.m.a.HttpEntityMethodProcessor - Writing [com.keycloak.common.response.ResponseWrapper@2188c392]
2025-09-06 08:17:42 DEBUG [http-nio-8100-exec-1] o.s.w.s.m.m.a.ExceptionHandlerExceptionResolver - Resolved [org.springframework.dao.DataIntegrityViolationException: could not execute statement [ERROR: duplicate key value violates unique constraint "uk_q1mafxn973ldq80m1irp3mpvq"<EOL>  Detail: Key (sku)=(SKU-TV-5500) already exists.] [insert into product (active,available_quantity,created_at,description,name,new_price,new_price_currency,old_price,old_price_currency,reserved_quantity,sku,updated_at,id) values (?,?,?,?,?,?,?,?,?,?,?,?,?)]; SQL [insert into product (active,available_quantity,created_at,description,name,new_price,new_price_currency,old_price,old_price_currency,reserved_quantity,sku,updated_at,id) values (?,?,?,?,?,?,?,?,?,?,?,?,?)]; constraint [uk_q1mafxn973ldq80m1irp3mpvq]]
2025-09-06 08:17:42 DEBUG [http-nio-8100-exec-1] o.s.web.servlet.DispatcherServlet - Completed 500 INTERNAL_SERVER_ERROR
2025-09-06 08:18:05 DEBUG [http-nio-8100-exec-2] o.s.web.servlet.DispatcherServlet - POST "/product/create", parameters={}
2025-09-06 08:18:05 DEBUG [http-nio-8100-exec-2] o.s.w.s.m.m.a.RequestMappingHandlerMapping - Mapped to com.keycloak.products.controller.ProductController#createProduct(DbProduct)
2025-09-06 08:18:05 DEBUG [http-nio-8100-exec-2] o.s.w.s.m.m.a.RequestResponseBodyMethodProcessor - Read "application/json;charset=UTF-8" to [DbProduct(id=null, name=Vision smart LED TV 55 Inch 4K UHD, description=55-inch Ultra HD Vision Smar (truncated)...]
2025-09-06 08:18:05 INFO  [http-nio-8100-exec-2] c.k.p.s.impl.ProductServiceImpl - Creating new product: DbProduct(id=null, name=Vision smart LED TV 55 Inch 4K UHD, description=55-inch Ultra HD Vision Smart LED TV with built-in apps, HDR10 support, and voice control remote., oldPrice=950000.00, oldPriceCurrency=KES, newPrice=0, newPriceCurrency=KES, availableQuantity=15, reservedQuantity=2, productImages=[DbProductImage(id=null, imageUrl=http://localhost:9000/ecommerce-public/2025/product-images/jpg/september/06/20220320_170114.jpg, metadata=Front view, powered on, sortOrder=1, storageId=68bbad959b5b045866f771a2, isValid=null, productId=null), DbProductImage(id=null, imageUrl=http://localhost:9000/ecommerce-public/2025/product-images/jpg/september/06/20220320_170114.jpg, metadata=Side profile, slim design, sortOrder=2, storageId=68bbad959b5b045866f771a2, isValid=null, productId=null), DbProductImage(id=null, imageUrl=http://localhost:9000/ecommerce-public/2025/product-images/jpg/september/06/20220320_170114.jpg, metadata=Back panel with HDMI ports, sortOrder=3, storageId=68bbad959b5b045866f771a2, isValid=null, productId=null)], sku=SKU-TV-5501, tags=[electronics, television, 4K, smart-tv], categoryIds=[69f5af79-df40-4543-b2ef-be4734a38533, 69f5af79-df40-4543-b2ef-be4734a38533], isActive=true)
2025-09-06 08:18:05 INFO  [http-nio-8100-exec-2] c.k.p.s.impl.ProductServiceImpl - Mapping DbProductImage to ProductImageEntity: DbProductImage(id=null, imageUrl=http://localhost:9000/ecommerce-public/2025/product-images/jpg/september/06/20220320_170114.jpg, metadata=Front view, powered on, sortOrder=1, storageId=68bbad959b5b045866f771a2, isValid=null, productId=null)
2025-09-06 08:18:05 INFO  [http-nio-8100-exec-2] c.k.p.s.impl.ProductServiceImpl - Mapping DbProductImage to ProductImageEntity: DbProductImage(id=null, imageUrl=http://localhost:9000/ecommerce-public/2025/product-images/jpg/september/06/20220320_170114.jpg, metadata=Side profile, slim design, sortOrder=2, storageId=68bbad959b5b045866f771a2, isValid=null, productId=null)
2025-09-06 08:18:05 INFO  [http-nio-8100-exec-2] c.k.p.s.impl.ProductServiceImpl - Mapping DbProductImage to ProductImageEntity: DbProductImage(id=null, imageUrl=http://localhost:9000/ecommerce-public/2025/product-images/jpg/september/06/20220320_170114.jpg, metadata=Back panel with HDMI ports, sortOrder=3, storageId=68bbad959b5b045866f771a2, isValid=null, productId=null)
2025-09-06 08:18:05 INFO  [http-nio-8100-exec-2] c.k.p.s.impl.ProductServiceImpl - Creating images for product: Vision smart LED TV 55 Inch 4K UHD
2025-09-06 08:18:05 INFO  [http-nio-8100-exec-2] c.k.p.s.impl.ProductServiceImpl - Saving product: Vision smart LED TV 55 Inch 4K UHD
2025-09-06 08:18:05 DEBUG [http-nio-8100-exec-2] o.s.w.s.m.m.a.HttpEntityMethodProcessor - Using 'application/json', given [*/*] and supported [application/json, application/*+json]
2025-09-06 08:18:05 DEBUG [http-nio-8100-exec-2] o.s.w.s.m.m.a.HttpEntityMethodProcessor - Writing [com.keycloak.common.response.ResponseWrapper@757182c4]
2025-09-06 08:18:05 DEBUG [http-nio-8100-exec-2] o.s.web.servlet.DispatcherServlet - Completed 200 OK
2025-09-06 08:18:14 DEBUG [http-nio-8100-exec-3] o.s.web.servlet.DispatcherServlet - GET "/product/", parameters={}
2025-09-06 08:18:14 DEBUG [http-nio-8100-exec-3] o.s.w.s.m.m.a.RequestMappingHandlerMapping - Mapped to com.keycloak.products.controller.ProductController#getAllCategories(int, int, String, String, Boolean)
2025-09-06 08:18:14 INFO  [http-nio-8100-exec-3] c.k.p.s.impl.ProductServiceImpl - Fetching products with page=0, size=10, sortBy=name, order=asc
2025-09-06 08:18:14 INFO  [http-nio-8100-exec-3] c.k.common.reusable.CommonReusable - Creating Pageable on common with page=0, size=10, sortBy=name, order=asc
2025-09-06 08:18:14 INFO  [http-nio-8100-exec-3] c.k.p.s.impl.ProductServiceImpl - Total number of products: 3
2025-09-06 08:18:14 INFO  [http-nio-8100-exec-3] c.k.p.s.impl.ProductServiceImpl - Mapping ProductEntity to DbProduct: com.keycloak.products.entity.ProductEntity@40624377
2025-09-06 08:18:14 INFO  [http-nio-8100-exec-3] c.k.p.s.impl.ProductServiceImpl - Mapping ProductImageEntity to DbProductImage: com.keycloak.products.entity.ProductImageEntity@27ec3152
2025-09-06 08:18:14 INFO  [http-nio-8100-exec-3] c.k.p.s.impl.ProductServiceImpl - Mapping ProductImageEntity to DbProductImage: com.keycloak.products.entity.ProductImageEntity@6c95beda
2025-09-06 08:18:14 INFO  [http-nio-8100-exec-3] c.k.p.s.impl.ProductServiceImpl - Mapping ProductImageEntity to DbProductImage: com.keycloak.products.entity.ProductImageEntity@6e0c0d00
2025-09-06 08:18:14 INFO  [http-nio-8100-exec-3] c.k.p.s.impl.ProductServiceImpl - Mapping ProductEntity to DbProduct: com.keycloak.products.entity.ProductEntity@43e2b5fb
2025-09-06 08:18:14 INFO  [http-nio-8100-exec-3] c.k.p.s.impl.ProductServiceImpl - Mapping ProductImageEntity to DbProductImage: com.keycloak.products.entity.ProductImageEntity@6bfa3f37
2025-09-06 08:18:14 INFO  [http-nio-8100-exec-3] c.k.p.s.impl.ProductServiceImpl - Mapping ProductImageEntity to DbProductImage: com.keycloak.products.entity.ProductImageEntity@69164f65
2025-09-06 08:18:14 INFO  [http-nio-8100-exec-3] c.k.p.s.impl.ProductServiceImpl - Mapping ProductImageEntity to DbProductImage: com.keycloak.products.entity.ProductImageEntity@6b24172c
2025-09-06 08:18:14 INFO  [http-nio-8100-exec-3] c.k.p.s.impl.ProductServiceImpl - Mapping ProductEntity to DbProduct: com.keycloak.products.entity.ProductEntity@41992afd
2025-09-06 08:18:14 INFO  [http-nio-8100-exec-3] c.k.p.s.impl.ProductServiceImpl - Mapping ProductImageEntity to DbProductImage: com.keycloak.products.entity.ProductImageEntity@5c629e50
2025-09-06 08:18:14 INFO  [http-nio-8100-exec-3] c.k.p.s.impl.ProductServiceImpl - Mapping ProductImageEntity to DbProductImage: com.keycloak.products.entity.ProductImageEntity@7352c713
2025-09-06 08:18:14 INFO  [http-nio-8100-exec-3] c.k.p.s.impl.ProductServiceImpl - Mapping ProductImageEntity to DbProductImage: com.keycloak.products.entity.ProductImageEntity@37fa90e2
2025-09-06 08:18:14 INFO  [http-nio-8100-exec-3] c.k.p.s.impl.ProductServiceImpl - Returning products: 3
2025-09-06 08:18:14 INFO  [http-nio-8100-exec-3] c.k.p.s.impl.ProductServiceImpl - Successfully fetched 3 categories
2025-09-06 08:18:14 DEBUG [http-nio-8100-exec-3] o.s.w.s.m.m.a.HttpEntityMethodProcessor - Using 'application/json', given [*/*] and supported [application/json, application/*+json]
2025-09-06 08:18:14 DEBUG [http-nio-8100-exec-3] o.s.w.s.m.m.a.HttpEntityMethodProcessor - Writing [com.keycloak.common.response.ResponseWrapper@412d2553]
2025-09-06 08:18:14 DEBUG [http-nio-8100-exec-3] o.s.web.servlet.DispatcherServlet - Completed 200 OK
2025-09-06 08:18:21 DEBUG [http-nio-8100-exec-4] o.s.web.servlet.DispatcherServlet - GET "/product/", parameters={}
2025-09-06 08:18:21 DEBUG [http-nio-8100-exec-4] o.s.w.s.m.m.a.RequestMappingHandlerMapping - Mapped to com.keycloak.products.controller.ProductController#getAllCategories(int, int, String, String, Boolean)
2025-09-06 08:18:21 INFO  [http-nio-8100-exec-4] c.k.p.s.impl.ProductServiceImpl - Fetching products with page=0, size=10, sortBy=name, order=asc
2025-09-06 08:18:21 INFO  [http-nio-8100-exec-4] c.k.common.reusable.CommonReusable - Creating Pageable on common with page=0, size=10, sortBy=name, order=asc
2025-09-06 08:18:21 INFO  [http-nio-8100-exec-4] c.k.p.s.impl.ProductServiceImpl - Total number of products: 3
2025-09-06 08:18:21 INFO  [http-nio-8100-exec-4] c.k.p.s.impl.ProductServiceImpl - Mapping ProductEntity to DbProduct: com.keycloak.products.entity.ProductEntity@369df63f
2025-09-06 08:18:21 INFO  [http-nio-8100-exec-4] c.k.p.s.impl.ProductServiceImpl - Mapping ProductImageEntity to DbProductImage: com.keycloak.products.entity.ProductImageEntity@6a36ad1d
2025-09-06 08:18:21 INFO  [http-nio-8100-exec-4] c.k.p.s.impl.ProductServiceImpl - Mapping ProductImageEntity to DbProductImage: com.keycloak.products.entity.ProductImageEntity@643c787a
2025-09-06 08:18:21 INFO  [http-nio-8100-exec-4] c.k.p.s.impl.ProductServiceImpl - Mapping ProductImageEntity to DbProductImage: com.keycloak.products.entity.ProductImageEntity@825fd19
2025-09-06 08:18:21 INFO  [http-nio-8100-exec-4] c.k.p.s.impl.ProductServiceImpl - Mapping ProductEntity to DbProduct: com.keycloak.products.entity.ProductEntity@8bfbbca
2025-09-06 08:18:21 INFO  [http-nio-8100-exec-4] c.k.p.s.impl.ProductServiceImpl - Mapping ProductImageEntity to DbProductImage: com.keycloak.products.entity.ProductImageEntity@472a5ed6
2025-09-06 08:18:21 INFO  [http-nio-8100-exec-4] c.k.p.s.impl.ProductServiceImpl - Mapping ProductImageEntity to DbProductImage: com.keycloak.products.entity.ProductImageEntity@684aac03
2025-09-06 08:18:21 INFO  [http-nio-8100-exec-4] c.k.p.s.impl.ProductServiceImpl - Mapping ProductImageEntity to DbProductImage: com.keycloak.products.entity.ProductImageEntity@45e15806
2025-09-06 08:18:21 INFO  [http-nio-8100-exec-4] c.k.p.s.impl.ProductServiceImpl - Mapping ProductEntity to DbProduct: com.keycloak.products.entity.ProductEntity@37a7246d
2025-09-06 08:18:21 INFO  [http-nio-8100-exec-4] c.k.p.s.impl.ProductServiceImpl - Mapping ProductImageEntity to DbProductImage: com.keycloak.products.entity.ProductImageEntity@60b09f8c
2025-09-06 08:18:21 INFO  [http-nio-8100-exec-4] c.k.p.s.impl.ProductServiceImpl - Mapping ProductImageEntity to DbProductImage: com.keycloak.products.entity.ProductImageEntity@296b1b4a
2025-09-06 08:18:21 INFO  [http-nio-8100-exec-4] c.k.p.s.impl.ProductServiceImpl - Mapping ProductImageEntity to DbProductImage: com.keycloak.products.entity.ProductImageEntity@5dc72845
2025-09-06 08:18:21 INFO  [http-nio-8100-exec-4] c.k.p.s.impl.ProductServiceImpl - Returning products: 3
2025-09-06 08:18:21 INFO  [http-nio-8100-exec-4] c.k.p.s.impl.ProductServiceImpl - Successfully fetched 3 categories
2025-09-06 08:18:21 DEBUG [http-nio-8100-exec-4] o.s.w.s.m.m.a.HttpEntityMethodProcessor - Using 'application/json', given [*/*] and supported [application/json, application/*+json]
2025-09-06 08:18:21 DEBUG [http-nio-8100-exec-4] o.s.w.s.m.m.a.HttpEntityMethodProcessor - Writing [com.keycloak.common.response.ResponseWrapper@33e179d2]
2025-09-06 08:18:21 DEBUG [http-nio-8100-exec-4] o.s.web.servlet.DispatcherServlet - Completed 200 OK
2025-09-06 08:44:45 DEBUG [http-nio-8100-exec-6] o.s.web.servlet.DispatcherServlet - GET "/product/04632834-4a1c-476f-b49f-eb4510db1278", parameters={}
2025-09-06 08:44:45 DEBUG [http-nio-8100-exec-6] o.s.w.s.m.m.a.RequestMappingHandlerMapping - Mapped to com.keycloak.products.controller.ProductController#getProductById(String)
2025-09-06 08:44:45 INFO  [http-nio-8100-exec-6] c.k.p.s.impl.ProductServiceImpl - Fetching product with ID: 04632834-4a1c-476f-b49f-eb4510db1278
2025-09-06 08:44:45 INFO  [http-nio-8100-exec-6] c.k.p.s.impl.ProductServiceImpl - Mapping ProductEntity to DbProduct: com.keycloak.products.entity.ProductEntity@3b063014
2025-09-06 08:44:45 INFO  [http-nio-8100-exec-6] c.k.p.s.impl.ProductServiceImpl - Mapping ProductImageEntity to DbProductImage: com.keycloak.products.entity.ProductImageEntity@60e6a48e
2025-09-06 08:44:45 INFO  [http-nio-8100-exec-6] c.k.p.s.impl.ProductServiceImpl - Mapping ProductImageEntity to DbProductImage: com.keycloak.products.entity.ProductImageEntity@6aeaae16
2025-09-06 08:44:45 INFO  [http-nio-8100-exec-6] c.k.p.s.impl.ProductServiceImpl - Mapping ProductImageEntity to DbProductImage: com.keycloak.products.entity.ProductImageEntity@147b41a
2025-09-06 08:44:45 DEBUG [http-nio-8100-exec-6] o.s.w.s.m.m.a.HttpEntityMethodProcessor - Using 'application/json', given [*/*] and supported [application/json, application/*+json]
2025-09-06 08:44:45 DEBUG [http-nio-8100-exec-6] o.s.w.s.m.m.a.HttpEntityMethodProcessor - Writing [com.keycloak.common.response.ResponseWrapper@345cfae9]
2025-09-06 08:44:45 DEBUG [http-nio-8100-exec-6] o.s.web.servlet.DispatcherServlet - Completed 200 OK
2025-09-06 08:46:38 DEBUG [http-nio-8100-exec-8] o.s.web.servlet.DispatcherServlet - PUT "/product/04632834-4a1c-476f-b49f-eb4510db1278", parameters={}
2025-09-06 08:46:38 DEBUG [http-nio-8100-exec-8] o.s.w.s.m.m.a.ExceptionHandlerExceptionResolver - Using @ExceptionHandler com.keycloak.common.exception.GlobalExceptionHandler#handleGenericException(Exception)
2025-09-06 08:46:38 DEBUG [http-nio-8100-exec-8] o.s.w.s.m.m.a.HttpEntityMethodProcessor - Using 'application/json', given [*/*] and supported [application/json, application/*+json]
2025-09-06 08:46:38 DEBUG [http-nio-8100-exec-8] o.s.w.s.m.m.a.HttpEntityMethodProcessor - Writing [com.keycloak.common.response.ResponseWrapper@2527cb07]
2025-09-06 08:46:38 DEBUG [http-nio-8100-exec-8] o.s.w.s.m.m.a.ExceptionHandlerExceptionResolver - Resolved [org.springframework.web.HttpRequestMethodNotSupportedException: Request method 'PUT' is not supported]
2025-09-06 08:46:38 DEBUG [http-nio-8100-exec-8] o.s.web.servlet.DispatcherServlet - Completed 500 INTERNAL_SERVER_ERROR
2025-09-06 08:47:20 INFO  [SpringApplicationShutdownHook] o.s.o.j.LocalContainerEntityManagerFactoryBean - Closing JPA EntityManagerFactory for persistence unit 'default'
2025-09-06 08:47:20 INFO  [SpringApplicationShutdownHook] com.zaxxer.hikari.HikariDataSource - EcommerceHikariCP - Shutdown initiated...
2025-09-06 08:47:20 INFO  [SpringApplicationShutdownHook] com.zaxxer.hikari.HikariDataSource - EcommerceHikariCP - Shutdown completed.
2025-09-06 08:47:25 INFO  [main] c.k.products.ProductsApplication - Starting ProductsApplication using Java 17.0.11 with PID 49755 (/Users/davidnjau/Documents/Personal/keycloak/products/target/classes started by davidnjau in /Users/davidnjau/Documents/Personal/keycloak)
2025-09-06 08:47:25 INFO  [main] c.k.products.ProductsApplication - No active profile set, falling back to 1 default profile: "default"
2025-09-06 08:47:26 INFO  [main] o.s.d.r.c.RepositoryConfigurationDelegate - Multiple Spring Data modules found, entering strict repository configuration mode
2025-09-06 08:47:26 INFO  [main] o.s.d.r.c.RepositoryConfigurationDelegate - Bootstrapping Spring Data JPA repositories in DEFAULT mode.
2025-09-06 08:47:26 INFO  [main] o.s.d.r.c.RepositoryConfigurationDelegate - Finished Spring Data repository scanning in 70 ms. Found 2 JPA repository interfaces.
2025-09-06 08:47:26 INFO  [main] o.s.d.r.c.RepositoryConfigurationDelegate - Multiple Spring Data modules found, entering strict repository configuration mode
2025-09-06 08:47:26 INFO  [main] o.s.d.r.c.RepositoryConfigurationDelegate - Bootstrapping Spring Data Redis repositories in DEFAULT mode.
2025-09-06 08:47:26 INFO  [main] o.s.d.r.c.RepositoryConfigurationExtensionSupport - Spring Data Redis - Could not safely identify store assignment for repository candidate interface com.keycloak.products.repository.CategoryRepository; If you want this repository to be a Redis repository, consider annotating your entities with one of these annotations: org.springframework.data.redis.core.RedisHash (preferred), or consider extending one of the following types with your repository: org.springframework.data.keyvalue.repository.KeyValueRepository
2025-09-06 08:47:26 INFO  [main] o.s.d.r.c.RepositoryConfigurationExtensionSupport - Spring Data Redis - Could not safely identify store assignment for repository candidate interface com.keycloak.products.repository.ProductRepository; If you want this repository to be a Redis repository, consider annotating your entities with one of these annotations: org.springframework.data.redis.core.RedisHash (preferred), or consider extending one of the following types with your repository: org.springframework.data.keyvalue.repository.KeyValueRepository
2025-09-06 08:47:26 INFO  [main] o.s.d.r.c.RepositoryConfigurationDelegate - Finished Spring Data repository scanning in 2 ms. Found 0 Redis repository interfaces.
2025-09-06 08:47:26 INFO  [main] o.s.b.w.e.tomcat.TomcatWebServer - Tomcat initialized with port 8100 (http)
2025-09-06 08:47:26 INFO  [main] o.a.coyote.http11.Http11NioProtocol - Initializing ProtocolHandler ["http-nio-8100"]
2025-09-06 08:47:26 INFO  [main] o.a.catalina.core.StandardService - Starting service [Tomcat]
2025-09-06 08:47:26 INFO  [main] o.a.catalina.core.StandardEngine - Starting Servlet engine: [Apache Tomcat/10.1.18]
2025-09-06 08:47:26 INFO  [main] o.a.c.c.C.[Tomcat].[localhost].[/] - Initializing Spring embedded WebApplicationContext
2025-09-06 08:47:26 INFO  [main] o.s.b.w.s.c.ServletWebServerApplicationContext - Root WebApplicationContext: initialization completed in 919 ms
2025-09-06 08:47:26 INFO  [main] o.h.jpa.internal.util.LogHelper - HHH000204: Processing PersistenceUnitInfo [name: default]
2025-09-06 08:47:26 INFO  [main] org.hibernate.Version - HHH000412: Hibernate ORM core version 6.4.1.Final
2025-09-06 08:47:26 INFO  [main] o.h.c.i.RegionFactoryInitiator - HHH000026: Second-level cache disabled
2025-09-06 08:47:26 INFO  [main] o.s.o.j.p.SpringPersistenceUnitInfo - No LoadTimeWeaver setup: ignoring JPA class transformer
2025-09-06 08:47:26 INFO  [main] com.zaxxer.hikari.HikariDataSource - EcommerceHikariCP - Starting...
2025-09-06 08:47:27 INFO  [main] com.zaxxer.hikari.pool.HikariPool - EcommerceHikariCP - Added connection org.postgresql.jdbc.PgConnection@1d556461
2025-09-06 08:47:27 INFO  [main] com.zaxxer.hikari.HikariDataSource - EcommerceHikariCP - Start completed.
2025-09-06 08:47:27 WARN  [main] org.hibernate.orm.deprecation - HHH90000025: PostgreSQLDialect does not need to be specified explicitly using 'hibernate.dialect' (remove the property setting and it will be selected by default)
2025-09-06 08:47:27 INFO  [main] o.h.e.t.j.p.i.JtaPlatformInitiator - HHH000489: No JTA platform available (set 'hibernate.transaction.jta.platform' to enable JTA platform integration)
2025-09-06 08:47:28 INFO  [main] o.s.o.j.LocalContainerEntityManagerFactoryBean - Initialized JPA EntityManagerFactory for persistence unit 'default'
2025-09-06 08:47:28 INFO  [main] o.s.d.j.r.query.QueryEnhancerFactory - Hibernate is in classpath; If applicable, HQL parser will be used.
2025-09-06 08:47:28 WARN  [main] o.s.b.a.o.j.JpaBaseConfiguration$JpaWebConfiguration - spring.jpa.open-in-view is enabled by default. Therefore, database queries may be performed during view rendering. Explicitly configure spring.jpa.open-in-view to disable this warning
2025-09-06 08:47:28 DEBUG [main] o.s.w.s.m.m.a.RequestMappingHandlerMapping - 15 mappings in 'requestMappingHandlerMapping'
2025-09-06 08:47:28 DEBUG [main] o.s.w.s.m.m.a.RequestMappingHandlerAdapter - ControllerAdvice beans: 0 @ModelAttribute, 0 @InitBinder, 1 RequestBodyAdvice, 1 ResponseBodyAdvice
2025-09-06 08:47:28 DEBUG [main] o.s.w.s.m.m.a.ExceptionHandlerExceptionResolver - ControllerAdvice beans: 1 @ExceptionHandler, 1 ResponseBodyAdvice
2025-09-06 08:47:29 INFO  [main] o.a.coyote.http11.Http11NioProtocol - Starting ProtocolHandler ["http-nio-8100"]
2025-09-06 08:47:29 INFO  [main] o.s.b.w.e.tomcat.TomcatWebServer - Tomcat started on port 8100 (http) with context path ''
2025-09-06 08:47:29 INFO  [main] c.k.products.ProductsApplication - Started ProductsApplication in 4.02 seconds (process running for 4.505)
2025-09-06 08:47:31 INFO  [http-nio-8100-exec-1] o.a.c.c.C.[Tomcat].[localhost].[/] - Initializing Spring DispatcherServlet 'dispatcherServlet'
2025-09-06 08:47:31 INFO  [http-nio-8100-exec-1] o.s.web.servlet.DispatcherServlet - Initializing Servlet 'dispatcherServlet'
2025-09-06 08:47:31 DEBUG [http-nio-8100-exec-1] o.s.web.servlet.DispatcherServlet - Detected StandardServletMultipartResolver
2025-09-06 08:47:31 DEBUG [http-nio-8100-exec-1] o.s.web.servlet.DispatcherServlet - Detected AcceptHeaderLocaleResolver
2025-09-06 08:47:31 DEBUG [http-nio-8100-exec-1] o.s.web.servlet.DispatcherServlet - Detected FixedThemeResolver
2025-09-06 08:47:31 DEBUG [http-nio-8100-exec-1] o.s.web.servlet.DispatcherServlet - Detected org.springframework.web.servlet.view.DefaultRequestToViewNameTranslator@b1fccca
2025-09-06 08:47:31 DEBUG [http-nio-8100-exec-1] o.s.web.servlet.DispatcherServlet - Detected org.springframework.web.servlet.support.SessionFlashMapManager@3411e0d7
2025-09-06 08:47:31 DEBUG [http-nio-8100-exec-1] o.s.web.servlet.DispatcherServlet - enableLoggingRequestDetails='true': request parameters and headers will be shown which may lead to unsafe logging of potentially sensitive data
2025-09-06 08:47:31 INFO  [http-nio-8100-exec-1] o.s.web.servlet.DispatcherServlet - Completed initialization in 3 ms
2025-09-06 08:47:31 DEBUG [http-nio-8100-exec-1] o.s.web.servlet.DispatcherServlet - PUT "/product/update/04632834-4a1c-476f-b49f-eb4510db1278", parameters={}
2025-09-06 08:47:31 DEBUG [http-nio-8100-exec-1] o.s.w.s.m.m.a.RequestMappingHandlerMapping - Mapped to com.keycloak.products.controller.ProductController#updateProduct(String, DbProduct)
2025-09-06 08:47:31 DEBUG [http-nio-8100-exec-1] o.s.w.s.m.m.a.RequestResponseBodyMethodProcessor - Read "application/json;charset=UTF-8" to [DbProduct(id=null, name=, description=, oldPrice=0, oldPriceCurrency=KES, newPrice=0, newPriceCurren (truncated)...]
2025-09-06 08:47:31 INFO  [http-nio-8100-exec-1] c.k.p.s.impl.ProductServiceImpl - Updating product with ID: 04632834-4a1c-476f-b49f-eb4510db1278
2025-09-06 08:47:31 DEBUG [http-nio-8100-exec-1] o.s.w.s.m.m.a.ExceptionHandlerExceptionResolver - Using @ExceptionHandler com.keycloak.common.exception.GlobalExceptionHandler#handleGenericException(Exception)
2025-09-06 08:47:31 DEBUG [http-nio-8100-exec-1] o.s.w.s.m.m.a.HttpEntityMethodProcessor - Using 'application/json', given [*/*] and supported [application/json, application/*+json]
2025-09-06 08:47:31 DEBUG [http-nio-8100-exec-1] o.s.w.s.m.m.a.HttpEntityMethodProcessor - Writing [com.keycloak.common.response.ResponseWrapper@5999f348]
2025-09-06 08:47:31 DEBUG [http-nio-8100-exec-1] o.s.w.s.m.m.a.ExceptionHandlerExceptionResolver - Resolved [org.springframework.dao.DataIntegrityViolationException: not-null property references a null or transient value : com.keycloak.products.entity.ProductImageEntity.product]
2025-09-06 08:47:31 DEBUG [http-nio-8100-exec-1] o.s.web.servlet.DispatcherServlet - Completed 500 INTERNAL_SERVER_ERROR
2025-09-06 08:49:04 INFO  [SpringApplicationShutdownHook] o.s.o.j.LocalContainerEntityManagerFactoryBean - Closing JPA EntityManagerFactory for persistence unit 'default'
2025-09-06 08:49:04 INFO  [SpringApplicationShutdownHook] com.zaxxer.hikari.HikariDataSource - EcommerceHikariCP - Shutdown initiated...
2025-09-06 08:49:05 INFO  [SpringApplicationShutdownHook] com.zaxxer.hikari.HikariDataSource - EcommerceHikariCP - Shutdown completed.
2025-09-06 08:49:13 INFO  [main] c.k.products.ProductsApplication - Starting ProductsApplication using Java 17.0.11 with PID 49934 (/Users/davidnjau/Documents/Personal/keycloak/products/target/classes started by davidnjau in /Users/davidnjau/Documents/Personal/keycloak)
2025-09-06 08:49:14 INFO  [main] c.k.products.ProductsApplication - No active profile set, falling back to 1 default profile: "default"
2025-09-06 08:49:14 INFO  [main] o.s.d.r.c.RepositoryConfigurationDelegate - Multiple Spring Data modules found, entering strict repository configuration mode
2025-09-06 08:49:14 INFO  [main] o.s.d.r.c.RepositoryConfigurationDelegate - Bootstrapping Spring Data JPA repositories in DEFAULT mode.
2025-09-06 08:49:15 INFO  [main] o.s.d.r.c.RepositoryConfigurationDelegate - Finished Spring Data repository scanning in 155 ms. Found 2 JPA repository interfaces.
2025-09-06 08:49:15 INFO  [main] o.s.d.r.c.RepositoryConfigurationDelegate - Multiple Spring Data modules found, entering strict repository configuration mode
2025-09-06 08:49:15 INFO  [main] o.s.d.r.c.RepositoryConfigurationDelegate - Bootstrapping Spring Data Redis repositories in DEFAULT mode.
2025-09-06 08:49:15 INFO  [main] o.s.d.r.c.RepositoryConfigurationExtensionSupport - Spring Data Redis - Could not safely identify store assignment for repository candidate interface com.keycloak.products.repository.CategoryRepository; If you want this repository to be a Redis repository, consider annotating your entities with one of these annotations: org.springframework.data.redis.core.RedisHash (preferred), or consider extending one of the following types with your repository: org.springframework.data.keyvalue.repository.KeyValueRepository
2025-09-06 08:49:15 INFO  [main] o.s.d.r.c.RepositoryConfigurationExtensionSupport - Spring Data Redis - Could not safely identify store assignment for repository candidate interface com.keycloak.products.repository.ProductRepository; If you want this repository to be a Redis repository, consider annotating your entities with one of these annotations: org.springframework.data.redis.core.RedisHash (preferred), or consider extending one of the following types with your repository: org.springframework.data.keyvalue.repository.KeyValueRepository
2025-09-06 08:49:15 INFO  [main] o.s.d.r.c.RepositoryConfigurationDelegate - Finished Spring Data repository scanning in 3 ms. Found 0 Redis repository interfaces.
2025-09-06 08:49:15 INFO  [main] o.s.b.w.e.tomcat.TomcatWebServer - Tomcat initialized with port 8100 (http)
2025-09-06 08:49:15 INFO  [main] o.a.coyote.http11.Http11NioProtocol - Initializing ProtocolHandler ["http-nio-8100"]
2025-09-06 08:49:15 INFO  [main] o.a.catalina.core.StandardService - Starting service [Tomcat]
2025-09-06 08:49:15 INFO  [main] o.a.catalina.core.StandardEngine - Starting Servlet engine: [Apache Tomcat/10.1.18]
2025-09-06 08:49:15 INFO  [main] o.a.c.c.C.[Tomcat].[localhost].[/] - Initializing Spring embedded WebApplicationContext
2025-09-06 08:49:15 INFO  [main] o.s.b.w.s.c.ServletWebServerApplicationContext - Root WebApplicationContext: initialization completed in 1638 ms
2025-09-06 08:49:16 INFO  [main] o.h.jpa.internal.util.LogHelper - HHH000204: Processing PersistenceUnitInfo [name: default]
2025-09-06 08:49:16 INFO  [main] org.hibernate.Version - HHH000412: Hibernate ORM core version 6.4.1.Final
2025-09-06 08:49:16 INFO  [main] o.h.c.i.RegionFactoryInitiator - HHH000026: Second-level cache disabled
2025-09-06 08:49:16 INFO  [main] o.s.o.j.p.SpringPersistenceUnitInfo - No LoadTimeWeaver setup: ignoring JPA class transformer
2025-09-06 08:49:16 INFO  [main] com.zaxxer.hikari.HikariDataSource - EcommerceHikariCP - Starting...
2025-09-06 08:49:17 INFO  [main] com.zaxxer.hikari.pool.HikariPool - EcommerceHikariCP - Added connection org.postgresql.jdbc.PgConnection@f591271
2025-09-06 08:49:17 INFO  [main] com.zaxxer.hikari.HikariDataSource - EcommerceHikariCP - Start completed.
2025-09-06 08:49:17 WARN  [main] org.hibernate.orm.deprecation - HHH90000025: PostgreSQLDialect does not need to be specified explicitly using 'hibernate.dialect' (remove the property setting and it will be selected by default)
2025-09-06 08:49:20 INFO  [main] o.h.e.t.j.p.i.JtaPlatformInitiator - HHH000489: No JTA platform available (set 'hibernate.transaction.jta.platform' to enable JTA platform integration)
2025-09-06 08:49:22 INFO  [main] o.s.o.j.LocalContainerEntityManagerFactoryBean - Initialized JPA EntityManagerFactory for persistence unit 'default'
2025-09-06 08:49:23 INFO  [main] o.s.d.j.r.query.QueryEnhancerFactory - Hibernate is in classpath; If applicable, HQL parser will be used.
2025-09-06 08:49:24 WARN  [main] o.s.b.a.o.j.JpaBaseConfiguration$JpaWebConfiguration - spring.jpa.open-in-view is enabled by default. Therefore, database queries may be performed during view rendering. Explicitly configure spring.jpa.open-in-view to disable this warning
2025-09-06 08:49:24 DEBUG [main] o.s.w.s.m.m.a.RequestMappingHandlerMapping - 15 mappings in 'requestMappingHandlerMapping'
2025-09-06 08:49:24 DEBUG [main] o.s.w.s.m.m.a.RequestMappingHandlerAdapter - ControllerAdvice beans: 0 @ModelAttribute, 0 @InitBinder, 1 RequestBodyAdvice, 1 ResponseBodyAdvice
2025-09-06 08:49:24 DEBUG [main] o.s.w.s.m.m.a.ExceptionHandlerExceptionResolver - ControllerAdvice beans: 1 @ExceptionHandler, 1 ResponseBodyAdvice
2025-09-06 08:49:24 INFO  [main] o.a.coyote.http11.Http11NioProtocol - Starting ProtocolHandler ["http-nio-8100"]
2025-09-06 08:49:24 INFO  [main] o.s.b.w.e.tomcat.TomcatWebServer - Tomcat started on port 8100 (http) with context path ''
2025-09-06 08:49:24 INFO  [main] c.k.products.ProductsApplication - Started ProductsApplication in 11.535 seconds (process running for 12.0)
2025-09-06 08:52:22 INFO  [http-nio-8100-exec-1] o.a.c.c.C.[Tomcat].[localhost].[/] - Initializing Spring DispatcherServlet 'dispatcherServlet'
2025-09-06 08:52:22 INFO  [http-nio-8100-exec-1] o.s.web.servlet.DispatcherServlet - Initializing Servlet 'dispatcherServlet'
2025-09-06 08:52:22 DEBUG [http-nio-8100-exec-1] o.s.web.servlet.DispatcherServlet - Detected StandardServletMultipartResolver
2025-09-06 08:52:22 DEBUG [http-nio-8100-exec-1] o.s.web.servlet.DispatcherServlet - Detected AcceptHeaderLocaleResolver
2025-09-06 08:52:22 DEBUG [http-nio-8100-exec-1] o.s.web.servlet.DispatcherServlet - Detected FixedThemeResolver
2025-09-06 08:52:22 DEBUG [http-nio-8100-exec-1] o.s.web.servlet.DispatcherServlet - Detected org.springframework.web.servlet.view.DefaultRequestToViewNameTranslator@9af2a00
2025-09-06 08:52:22 DEBUG [http-nio-8100-exec-1] o.s.web.servlet.DispatcherServlet - Detected org.springframework.web.servlet.support.SessionFlashMapManager@7335aae5
2025-09-06 08:52:22 DEBUG [http-nio-8100-exec-1] o.s.web.servlet.DispatcherServlet - enableLoggingRequestDetails='true': request parameters and headers will be shown which may lead to unsafe logging of potentially sensitive data
2025-09-06 08:52:22 INFO  [http-nio-8100-exec-1] o.s.web.servlet.DispatcherServlet - Completed initialization in 104 ms
2025-09-06 08:52:22 DEBUG [http-nio-8100-exec-1] o.s.web.servlet.DispatcherServlet - PUT "/product/update/04632834-4a1c-476f-b49f-eb4510db1278", parameters={}
2025-09-06 08:52:22 DEBUG [http-nio-8100-exec-1] o.s.w.s.m.m.a.RequestMappingHandlerMapping - Mapped to com.keycloak.products.controller.ProductController#updateProduct(String, DbProduct)
2025-09-06 08:52:22 DEBUG [http-nio-8100-exec-1] o.s.w.s.m.m.a.RequestResponseBodyMethodProcessor - Read "application/json;charset=UTF-8" to [DbProduct(id=null, name=, description=, oldPrice=0, oldPriceCurrency=KES, newPrice=0, newPriceCurren (truncated)...]
2025-09-06 08:52:22 INFO  [http-nio-8100-exec-1] c.k.p.s.impl.ProductServiceImpl - Updating product with ID: 04632834-4a1c-476f-b49f-eb4510db1278
2025-09-06 08:52:23 INFO  [http-nio-8100-exec-1] c.k.p.s.impl.ProductServiceImpl - Mapping DbProductImage to ProductImageEntity: DbProductImage(id=null, imageUrl={{image_url_1}}, metadata=Front view, high resolution, sortOrder=1, storageId={{storage_id_1}}, isValid=null, productId=null)
2025-09-06 08:52:23 INFO  [http-nio-8100-exec-1] c.k.p.s.impl.ProductServiceImpl - Mapping DbProductImage to ProductImageEntity: DbProductImage(id=null, imageUrl={{image_url_2}}, metadata=Side view, sortOrder=2, storageId={{storage_id_2}}, isValid=null, productId=null)
2025-09-06 08:52:23 INFO  [http-nio-8100-exec-1] c.k.p.s.impl.ProductServiceImpl - Mapping DbProductImage to ProductImageEntity: DbProductImage(id=null, imageUrl={{image_url_3}}, metadata=Side view, sortOrder=3, storageId={{storage_id_3}}, isValid=null, productId=null)
2025-09-06 08:52:23 DEBUG [http-nio-8100-exec-1] o.s.w.s.m.m.a.ExceptionHandlerExceptionResolver - Using @ExceptionHandler com.keycloak.common.exception.GlobalExceptionHandler#handleGenericException(Exception)
2025-09-06 08:52:23 DEBUG [http-nio-8100-exec-1] o.s.w.s.m.m.a.HttpEntityMethodProcessor - Using 'application/json', given [*/*] and supported [application/json, application/*+json]
2025-09-06 08:52:23 DEBUG [http-nio-8100-exec-1] o.s.w.s.m.m.a.HttpEntityMethodProcessor - Writing [com.keycloak.common.response.ResponseWrapper@10d52948]
2025-09-06 08:52:23 DEBUG [http-nio-8100-exec-1] o.s.w.s.m.m.a.ExceptionHandlerExceptionResolver - Resolved [org.springframework.orm.jpa.JpaSystemException: A collection with cascade="all-delete-orphan" was no longer referenced by the owning entity instance: com.keycloak.products.entity.ProductEntity.images]
2025-09-06 08:52:23 DEBUG [http-nio-8100-exec-1] o.s.web.servlet.DispatcherServlet - Completed 500 INTERNAL_SERVER_ERROR
2025-09-06 08:53:55 DEBUG [http-nio-8100-exec-2] o.s.web.servlet.DispatcherServlet - PUT "/product/update/04632834-4a1c-476f-b49f-eb4510db1278", parameters={}
2025-09-06 08:53:55 DEBUG [http-nio-8100-exec-2] o.s.w.s.m.m.a.RequestMappingHandlerMapping - Mapped to com.keycloak.products.controller.ProductController#updateProduct(String, DbProduct)
2025-09-06 08:53:55 DEBUG [http-nio-8100-exec-2] o.s.w.s.m.m.a.RequestResponseBodyMethodProcessor - Read "application/json;charset=UTF-8" to [DbProduct(id=null, name=, description=, oldPrice=0, oldPriceCurrency=KES, newPrice=0, newPriceCurren (truncated)...]
2025-09-06 08:53:55 INFO  [http-nio-8100-exec-2] c.k.p.s.impl.ProductServiceImpl - Updating product with ID: 04632834-4a1c-476f-b49f-eb4510db1278
2025-09-06 08:53:55 INFO  [http-nio-8100-exec-2] c.k.p.s.impl.ProductServiceImpl - Mapping DbProductImage to ProductImageEntity: DbProductImage(id=null, imageUrl=http://localhost:9000/ecommerce-public/2025/product-images/jpg/september/06/20220320_170114.jpg, metadata=Front view, powered on, sortOrder=1, storageId=68bbad959b5b045866f771a2, isValid=null, productId=null)
2025-09-06 08:53:55 INFO  [http-nio-8100-exec-2] c.k.p.s.impl.ProductServiceImpl - Mapping DbProductImage to ProductImageEntity: DbProductImage(id=null, imageUrl=http://localhost:9000/ecommerce-public/2025/product-images/jpg/september/06/20220320_170114.jpg, metadata=Side profile, slim design, sortOrder=2, storageId=68bbad959b5b045866f771a2, isValid=null, productId=null)
2025-09-06 08:53:55 INFO  [http-nio-8100-exec-2] c.k.p.s.impl.ProductServiceImpl - Mapping DbProductImage to ProductImageEntity: DbProductImage(id=null, imageUrl=http://localhost:9000/ecommerce-public/2025/product-images/jpg/september/06/20220320_170114.jpg, metadata=Back panel with HDMI ports, sortOrder=3, storageId=68bbad959b5b045866f771a2, isValid=null, productId=null)
2025-09-06 08:53:55 DEBUG [http-nio-8100-exec-2] o.s.w.s.m.m.a.ExceptionHandlerExceptionResolver - Using @ExceptionHandler com.keycloak.common.exception.GlobalExceptionHandler#handleGenericException(Exception)
2025-09-06 08:53:55 DEBUG [http-nio-8100-exec-2] o.s.w.s.m.m.a.HttpEntityMethodProcessor - Using 'application/json', given [*/*] and supported [application/json, application/*+json]
2025-09-06 08:53:55 DEBUG [http-nio-8100-exec-2] o.s.w.s.m.m.a.HttpEntityMethodProcessor - Writing [com.keycloak.common.response.ResponseWrapper@5c8d3c54]
2025-09-06 08:53:55 DEBUG [http-nio-8100-exec-2] o.s.w.s.m.m.a.ExceptionHandlerExceptionResolver - Resolved [org.springframework.orm.jpa.JpaSystemException: A collection with cascade="all-delete-orphan" was no longer referenced by the owning entity instance: com.keycloak.products.entity.ProductEntity.images]
2025-09-06 08:53:55 DEBUG [http-nio-8100-exec-2] o.s.web.servlet.DispatcherServlet - Completed 500 INTERNAL_SERVER_ERROR
2025-09-06 08:54:07 INFO  [SpringApplicationShutdownHook] o.s.o.j.LocalContainerEntityManagerFactoryBean - Closing JPA EntityManagerFactory for persistence unit 'default'
2025-09-06 08:54:07 INFO  [SpringApplicationShutdownHook] com.zaxxer.hikari.HikariDataSource - EcommerceHikariCP - Shutdown initiated...
2025-09-06 08:54:07 INFO  [SpringApplicationShutdownHook] com.zaxxer.hikari.HikariDataSource - EcommerceHikariCP - Shutdown completed.
